t_ms,V_mV,m,h,n
0.0,0.0,0.05293,0.59612,0.31768
0.01,0.0,0.05293,0.59612,0.31768
0.02,0.0001,0.05293,0.59612,0.31768
0.03,0.0001,0.05293,0.59612,0.31768
0.04,0.0002,0.05293,0.59612,0.31768
0.05,0.0002,0.05293,0.59612,0.31768
0.06,0.0002,0.05293,0.59612,0.31768
0.07,0.0003,0.05293,0.59612,0.31768
0.08,0.0003,0.05293,0.59612,0.31768
0.09,0.0004,0.05293,0.59612,0.31768
0.1,0.0004,0.05293,0.59612,0.31768
0.11,0.0005,0.05293,0.59612,0.31768
0.12,0.0005,0.05293,0.59612,0.31768
0.13,0.0005,0.05293,0.59612,0.31768
0.14,0.0006,0.05293,0.59612,0.31768
0.15,0.0006,0.05293,0.59612,0.31768
0.16,0.0006,0.05293,0.59612,0.31768
0.17,0.0007,0.05293,0.59612,0.31768
0.18,0.0007,0.05293,0.59612,0.31768
0.19,0.0008,0.05293,0.59612,0.31768
0.2,0.0008,0.05293,0.59612,0.31768
0.21,0.0008,0.05293,0.59612,0.31768
0.22,0.0009,0.05293,0.59612,0.31768
0.23,0.0009,0.05293,0.59612,0.31768
0.24,0.0009,0.05293,0.59612,0.31768
0.25,0.001,0.05293,0.59612,0.31768
0.26,0.001,0.05293,0.59612,0.31768
0.27,0.0011,0.05294,0.59612,0.31768
0.28,0.0011,0.05294,0.59612,0.31768
0.29,0.0011,0.05294,0.59612,0.31768
0.3,0.0012,0.05294,0.59612,0.31768
0.31,0.0012,0.05294,0.59612,0.31768
0.32,0.0012,0.05294,0.59612,0.31768
0.33,0.0013,0.05294,0.59612,0.31768
0.34,0.0013,0.05294,0.59612,0.31768
0.35,0.0013,0.05294,0.59612,0.31768
0.36,0.0014,0.05294,0.59612,0.31768
0.37,0.0014,0.05294,0.59612,0.31768
0.38,0.0015,0.05294,0.59612,0.31768
0.39,0.0015,0.05294,0.59612,0.31768
0.4,0.0015,0.05294,0.59612,0.31768
0.41,0.0016,0.05294,0.59612,0.31768
0.42,0.0016,0.05294,0.59612,0.31768
0.43,0.0016,0.05294,0.59612,0.31768
0.44,0.0017,0.05294,0.59612,0.31768
0.45,0.0017,0.05294,0.59612,0.31768
0.46,0.0017,0.05294,0.59612,0.31768
0.47,0.0018,0.05294,0.59612,0.31768
0.48,0.0018,0.05294,0.59612,0.31768
0.49,0.0018,0.05294,0.59612,0.31768
0.5,0.0019,0.05294,0.59612,0.31768
0.51,0.0019,0.05294,0.59612,0.31768
0.52,0.0019,0.05294,0.59612,0.31768
0.53,0.002,0.05294,0.59612,0.31768
0.54,0.002,0.05294,0.59612,0.31768
0.55,0.002,0.05294,0.59612,0.31768
0.56,0.0021,0.05294,0.59612,0.31768
0.57,0.0021,0.05294,0.59612,0.31768
0.58,0.0021,0.05294,0.59612,0.31768
0.59,0.0022,0.05294,0.59612,0.31768
0.6,0.0022,0.05294,0.59612,0.31768
0.61,0.0022,0.05294,0.59612,0.31768
0.62,0.0023,0.05294,0.59612,0.31768
0.63,0.0023,0.05294,0.59612,0.31768
0.64,0.0023,0.05294,0.59612,0.31768
0.65,0.0024,0.05294,0.59612,0.31768
0.66,0.0024,0.05294,0.59612,0.31768
0.67,0.0024,0.05294,0.59612,0.31768
0.68,0.0025,0.05294,0.59612,0.31768
0.69,0.0025,0.05294,0.59612,0.31768
0.7,0.0025,0.05294,0.59612,0.31768
0.71,0.0026,0.05294,0.59612,0.31768
0.72,0.0026,0.05294,0.59612,0.31768
0.73,0.0026,0.05294,0.59612,0.31768
0.74,0.0026,0.05294,0.59612,0.31768
0.75,0.0027,0.05294,0.59612,0.31768
0.76,0.0027,0.05294,0.59612,0.31768
0.77,0.0027,0.05294,0.59612,0.31768
0.78,0.0028,0.05295,0.59612,0.31768
0.79,0.0028,0.05295,0.59612,0.31768
0.8,0.0028,0.05295,0.59612,0.31768
0.81,0.0029,0.05295,0.59612,0.31768
0.82,0.0029,0.05295,0.59612,0.31768
0.83,0.0029,0.05295,0.59612,0.31768
0.84,0.0029,0.05295,0.59612,0.31768
0.85,0.003,0.05295,0.59612,0.31768
0.86,0.003,0.05295,0.59612,0.31768
0.87,0.003,0.05295,0.59612,0.31768
0.88,0.0031,0.05295,0.59612,0.31768
0.89,0.0031,0.05295,0.59612,0.31768
0.9,0.0031,0.05295,0.59611,0.31768
0.91,0.0032,0.05295,0.59611,0.31768
0.92,0.0032,0.05295,0.59611,0.31768
0.93,0.0032,0.05295,0.59611,0.31768
0.94,0.0032,0.05295,0.59611,0.31768
0.95,0.0033,0.05295,0.59611,0.31768
0.96,0.0033,0.05295,0.59611,0.31768
0.97,0.0033,0.05295,0.59611,0.31768
0.98,0.0034,0.05295,0.59611,0.31768
0.99,0.0034,0.05295,0.59611,0.31768
1.0,0.0034,0.05295,0.59611,0.31768
1.01,0.0034,0.05295,0.59611,0.31768
1.02,0.0035,0.05295,0.59611,0.31768
1.03,0.0035,0.05295,0.59611,0.31768
1.04,0.0035,0.05295,0.59611,0.31768
1.05,0.0035,0.05295,0.59611,0.31768
1.06,0.0036,0.05295,0.59611,0.31768
1.07,0.0036,0.05295,0.59611,0.31768
1.08,0.0036,0.05295,0.59611,0.31768
1.09,0.0037,0.05295,0.59611,0.31768
1.1,0.0037,0.05295,0.59611,0.31768
1.11,0.0037,0.05295,0.59611,0.31768
1.12,0.0037,0.05295,0.59611,0.31768
1.13,0.0038,0.05295,0.59611,0.31768
1.14,0.0038,0.05295,0.59611,0.31768
1.15,0.0038,0.05295,0.59611,0.31768
1.16,0.0038,0.05295,0.59611,0.31768
1.17,0.0039,0.05295,0.59611,0.31768
1.18,0.0039,0.05295,0.59611,0.31768
1.19,0.0039,0.05295,0.59611,0.31768
1.2,0.0039,0.05295,0.59611,0.31768
1.21,0.004,0.05295,0.59611,0.31768
1.22,0.004,0.05295,0.59611,0.31768
1.23,0.004,0.05295,0.59611,0.31768
1.24,0.0041,0.05295,0.59611,0.31768
1.25,0.0041,0.05295,0.59611,0.31768
1.26,0.0041,0.05295,0.59611,0.31768
1.27,0.0041,0.05295,0.59611,0.31768
1.28,0.0042,0.05295,0.59611,0.31768
1.29,0.0042,0.05295,0.59611,0.31768
1.3,0.0042,0.05295,0.59611,0.31768
1.31,0.0042,0.05295,0.59611,0.31768
1.32,0.0043,0.05296,0.59611,0.31768
1.33,0.0043,0.05296,0.59611,0.31768
1.34,0.0043,0.05296,0.59611,0.31768
1.35,0.0043,0.05296,0.59611,0.31769
1.36,0.0043,0.05296,0.59611,0.31769
1.37,0.0044,0.05296,0.59611,0.31769
1.38,0.0044,0.05296,0.59611,0.31769
1.39,0.0044,0.05296,0.59611,0.31769
1.4,0.0044,0.05296,0.59611,0.31769
1.41,0.0045,0.05296,0.59611,0.31769
1.42,0.0045,0.05296,0.59611,0.31769
1.43,0.0045,0.05296,0.59611,0.31769
1.44,0.0045,0.05296,0.59611,0.31769
1.45,0.0046,0.05296,0.59611,0.31769
1.46,0.0046,0.05296,0.59611,0.31769
1.47,0.0046,0.05296,0.59611,0.31769
1.48,0.0046,0.05296,0.59611,0.31769
1.49,0.0047,0.05296,0.59611,0.31769
1.5,0.0047,0.05296,0.59611,0.31769
1.51,0.0047,0.05296,0.59611,0.31769
1.52,0.0047,0.05296,0.59611,0.31769
1.53,0.0047,0.05296,0.59611,0.31769
1.54,0.0048,0.05296,0.59611,0.31769
1.55,0.0048,0.05296,0.59611,0.31769
1.56,0.0048,0.05296,0.5961,0.31769
1.57,0.0048,0.05296,0.5961,0.31769
1.58,0.0049,0.05296,0.5961,0.31769
1.59,0.0049,0.05296,0.5961,0.31769
1.6,0.0049,0.05296,0.5961,0.31769
1.61,0.0049,0.05296,0.5961,0.31769
1.62,0.0049,0.05296,0.5961,0.31769
1.63,0.005,0.05296,0.5961,0.31769
1.64,0.005,0.05296,0.5961,0.31769
1.65,0.005,0.05296,0.5961,0.31769
1.66,0.005,0.05296,0.5961,0.31769
1.67,0.005,0.05296,0.5961,0.31769
1.68,0.0051,0.05296,0.5961,0.31769
1.69,0.0051,0.05296,0.5961,0.31769
1.7,0.0051,0.05296,0.5961,0.31769
1.71,0.0051,0.05296,0.5961,0.31769
1.72,0.0051,0.05296,0.5961,0.31769
1.73,0.0052,0.05296,0.5961,0.31769
1.74,0.0052,0.05296,0.5961,0.31769
1.75,0.0052,0.05296,0.5961,0.31769
1.76,0.0052,0.05296,0.5961,0.31769
1.77,0.0052,0.05296,0.5961,0.31769
1.78,0.0053,0.05296,0.5961,0.31769
1.79,0.0053,0.05296,0.5961,0.31769
1.8,0.0053,0.05296,0.5961,0.31769
1.81,0.0053,0.05296,0.5961,0.31769
1.82,0.0053,0.05296,0.5961,0.31769
1.83,0.0054,0.05296,0.5961,0.31769
1.84,0.0054,0.05296,0.5961,0.31769
1.85,0.0054,0.05296,0.5961,0.31769
1.86,0.0054,0.05296,0.5961,0.31769
1.87,0.0054,0.05296,0.5961,0.31769
1.88,0.0055,0.05296,0.5961,0.31769
1.89,0.0055,0.05296,0.5961,0.31769
1.9,0.0055,0.05296,0.5961,0.31769
1.91,0.0055,0.05296,0.5961,0.31769
1.92,0.0055,0.05296,0.5961,0.31769
1.93,0.0055,0.05296,0.5961,0.31769
1.94,0.0056,0.05296,0.5961,0.31769
1.95,0.0056,0.05296,0.5961,0.31769
1.96,0.0056,0.05296,0.5961,0.31769
1.97,0.0056,0.05296,0.5961,0.31769
1.98,0.0056,0.05296,0.5961,0.31769
1.99,0.0056,0.05296,0.5961,0.31769
2.0,0.0057,0.05296,0.5961,0.31769
2.01,0.0057,0.05297,0.5961,0.31769
2.02,0.0057,0.05297,0.5961,0.31769
2.03,0.0057,0.05297,0.5961,0.31769
2.04,0.0057,0.05297,0.5961,0.31769
2.05,0.0057,0.05297,0.5961,0.31769
2.06,0.0058,0.05297,0.5961,0.31769
2.07,0.0058,0.05297,0.5961,0.31769
2.08,0.0058,0.05297,0.59609,0.31769
2.09,0.0058,0.05297,0.59609,0.31769
2.1,0.0058,0.05297,0.59609,0.31769
2.11,0.0058,0.05297,0.59609,0.31769
2.12,0.0059,0.05297,0.59609,0.31769
2.13,0.0059,0.05297,0.59609,0.31769
2.14,0.0059,0.05297,0.59609,0.31769
2.15,0.0059,0.05297,0.59609,0.31769
2.16,0.0059,0.05297,0.59609,0.31769
2.17,0.0059,0.05297,0.59609,0.3177
2.18,0.006,0.05297,0.59609,0.3177
2.19,0.006,0.05297,0.59609,0.3177
2.2,0.006,0.05297,0.59609,0.3177
2.21,0.006,0.05297,0.59609,0.3177
2.22,0.006,0.05297,0.59609,0.3177
2.23,0.006,0.05297,0.59609,0.3177
2.24,0.006,0.05297,0.59609,0.3177
2.25,0.0061,0.05297,0.59609,0.3177
2.26,0.0061,0.05297,0.59609,0.3177
2.27,0.0061,0.05297,0.59609,0.3177
2.28,0.0061,0.05297,0.59609,0.3177
2.29,0.0061,0.05297,0.59609,0.3177
2.3,0.0061,0.05297,0.59609,0.3177
2.31,0.0061,0.05297,0.59609,0.3177
2.32,0.0062,0.05297,0.59609,0.3177
2.33,0.0062,0.05297,0.59609,0.3177
2.34,0.0062,0.05297,0.59609,0.3177
2.35,0.0062,0.05297,0.59609,0.3177
2.36,0.0062,0.05297,0.59609,0.3177
2.37,0.0062,0.05297,0.59609,0.3177
2.38,0.0062,0.05297,0.59609,0.3177
2.39,0.0063,0.05297,0.59609,0.3177
2.4,0.0063,0.05297,0.59609,0.3177
2.41,0.0063,0.05297,0.59609,0.3177
2.42,0.0063,0.05297,0.59609,0.3177
2.43,0.0063,0.05297,0.59609,0.3177
2.44,0.0063,0.05297,0.59609,0.3177
2.45,0.0063,0.05297,0.59609,0.3177
2.46,0.0063,0.05297,0.59609,0.3177
2.47,0.0064,0.05297,0.59609,0.3177
2.48,0.0064,0.05297,0.59609,0.3177
2.49,0.0064,0.05297,0.59609,0.3177
2.5,0.0064,0.05297,0.59609,0.3177
2.51,0.0064,0.05297,0.59609,0.3177
2.52,0.0064,0.05297,0.59609,0.3177
2.53,0.0064,0.05297,0.59609,0.3177
2.54,0.0064,0.05297,0.59608,0.3177
2.55,0.0064,0.05297,0.59608,0.3177
2.56,0.0065,0.05297,0.59608,0.3177
2.57,0.0065,0.05297,0.59608,0.3177
2.58,0.0065,0.05297,0.59608,0.3177
2.59,0.0065,0.05297,0.59608,0.3177
2.6,0.0065,0.05297,0.59608,0.3177
2.61,0.0065,0.05297,0.59608,0.3177
2.62,0.0065,0.05297,0.59608,0.3177
2.63,0.0065,0.05297,0.59608,0.3177
2.64,0.0065,0.05297,0.59608,0.3177
2.65,0.0066,0.05297,0.59608,0.3177
2.66,0.0066,0.05297,0.59608,0.3177
2.67,0.0066,0.05297,0.59608,0.3177
2.68,0.0066,0.05297,0.59608,0.3177
2.69,0.0066,0.05297,0.59608,0.3177
2.7,0.0066,0.05297,0.59608,0.3177
2.71,0.0066,0.05297,0.59608,0.3177
2.72,0.0066,0.05297,0.59608,0.3177
2.73,0.0066,0.05297,0.59608,0.3177
2.74,0.0066,0.05297,0.59608,0.3177
2.75,0.0067,0.05297,0.59608,0.3177
2.76,0.0067,0.05297,0.59608,0.3177
2.77,0.0067,0.05297,0.59608,0.3177
2.78,0.0067,0.05297,0.59608,0.3177
2.79,0.0067,0.05297,0.59608,0.3177
2.8,0.0067,0.05297,0.59608,0.3177
2.81,0.0067,0.05297,0.59608,0.3177
2.82,0.0067,0.05297,0.59608,0.3177
2.83,0.0067,0.05297,0.59608,0.3177
2.84,0.0067,0.05297,0.59608,0.3177
2.85,0.0067,0.05297,0.59608,0.3177
2.86,0.0068,0.05297,0.59608,0.3177
2.87,0.0068,0.05297,0.59608,0.3177
2.88,0.0068,0.05297,0.59608,0.3177
2.89,0.0068,0.05297,0.59608,0.3177
2.9,0.0068,0.05297,0.59608,0.31771
2.91,0.0068,0.05297,0.59608,0.31771
2.92,0.0068,0.05297,0.59608,0.31771
2.93,0.0068,0.05297,0.59608,0.31771
2.94,0.0068,0.05297,0.59608,0.31771
2.95,0.0068,0.05297,0.59608,0.31771
2.96,0.0068,0.05297,0.59608,0.31771
2.97,0.0068,0.05297,0.59608,0.31771
2.98,0.0068,0.05297,0.59607,0.31771
2.99,0.0069,0.05297,0.59607,0.31771
3.0,0.0069,0.05297,0.59607,0.31771
3.01,0.0069,0.05297,0.59607,0.31771
3.02,0.0069,0.05297,0.59607,0.31771
3.03,0.0069,0.05297,0.59607,0.31771
3.04,0.0069,0.05297,0.59607,0.31771
3.05,0.0069,0.05297,0.59607,0.31771
3.06,0.0069,0.05297,0.59607,0.31771
3.07,0.0069,0.05297,0.59607,0.31771
3.08,0.0069,0.05297,0.59607,0.31771
3.09,0.0069,0.05297,0.59607,0.31771
3.1,0.0069,0.05297,0.59607,0.31771
3.11,0.0069,0.05297,0.59607,0.31771
3.12,0.0069,0.05297,0.59607,0.31771
3.13,0.0069,0.05297,0.59607,0.31771
3.14,0.007,0.05297,0.59607,0.31771
3.15,0.007,0.05297,0.59607,0.31771
3.16,0.007,0.05297,0.59607,0.31771
3.17,0.007,0.05297,0.59607,0.31771
3.18,0.007,0.05297,0.59607,0.31771
3.19,0.007,0.05297,0.59607,0.31771
3.2,0.007,0.05298,0.59607,0.31771
3.21,0.007,0.05298,0.59607,0.31771
3.22,0.007,0.05298,0.59607,0.31771
3.23,0.007,0.05298,0.59607,0.31771
3.24,0.007,0.05298,0.59607,0.31771
3.25,0.007,0.05298,0.59607,0.31771
3.26,0.007,0.05298,0.59607,0.31771
3.27,0.007,0.05298,0.59607,0.31771
3.28,0.007,0.05298,0.59607,0.31771
3.29,0.007,0.05298,0.59607,0.31771
3.3,0.007,0.05298,0.59607,0.31771
3.31,0.007,0.05298,0.59607,0.31771
3.32,0.007,0.05298,0.59607,0.31771
3.33,0.0071,0.05298,0.59607,0.31771
3.34,0.0071,0.05298,0.59607,0.31771
3.35,0.0071,0.05298,0.59607,0.31771
3.36,0.0071,0.05298,0.59607,0.31771
3.37,0.0071,0.05298,0.59607,0.31771
3.38,0.0071,0.05298,0.59607,0.31771
3.39,0.0071,0.05298,0.59607,0.31771
3.4,0.0071,0.05298,0.59607,0.31771
3.41,0.0071,0.05298,0.59607,0.31771
3.42,0.0071,0.05298,0.59606,0.31771
3.43,0.0071,0.05298,0.59606,0.31771
3.44,0.0071,0.05298,0.59606,0.31771
3.45,0.0071,0.05298,0.59606,0.31771
3.46,0.0071,0.05298,0.59606,0.31771
3.47,0.0071,0.05298,0.59606,0.31771
3.48,0.0071,0.05298,0.59606,0.31771
3.49,0.0071,0.05298,0.59606,0.31771
3.5,0.0071,0.05298,0.59606,0.31771
3.51,0.0071,0.05298,0.59606,0.31771
3.52,0.0071,0.05298,0.59606,0.31771
3.53,0.0071,0.05298,0.59606,0.31771
3.54,0.0071,0.05298,0.59606,0.31771
3.55,0.0071,0.05298,0.59606,0.31771
3.56,0.0071,0.05298,0.59606,0.31771
3.57,0.0071,0.05298,0.59606,0.31771
3.58,0.0071,0.05298,0.59606,0.31771
3.59,0.0071,0.05298,0.59606,0.31771
3.6,0.0071,0.05298,0.59606,0.31771
3.61,0.0071,0.05298,0.59606,0.31771
3.62,0.0071,0.05298,0.59606,0.31771
3.63,0.0071,0.05298,0.59606,0.31772
3.64,0.0071,0.05298,0.59606,0.31772
3.65,0.0071,0.05298,0.59606,0.31772
3.66,0.0072,0.05298,0.59606,0.31772
3.67,0.0072,0.05298,0.59606,0.31772
3.68,0.0072,0.05298,0.59606,0.31772
3.69,0.0072,0.05298,0.59606,0.31772
3.7,0.0072,0.05298,0.59606,0.31772
3.71,0.0072,0.05298,0.59606,0.31772
3.72,0.0072,0.05298,0.59606,0.31772
3.73,0.0072,0.05298,0.59606,0.31772
3.74,0.0072,0.05298,0.59606,0.31772
3.75,0.0072,0.05298,0.59606,0.31772
3.76,0.0072,0.05298,0.59606,0.31772
3.77,0.0072,0.05298,0.59606,0.31772
3.78,0.0072,0.05298,0.59606,0.31772
3.79,0.0072,0.05298,0.59606,0.31772
3.8,0.0072,0.05298,0.59606,0.31772
3.81,0.0072,0.05298,0.59606,0.31772
3.82,0.0072,0.05298,0.59606,0.31772
3.83,0.0072,0.05298,0.59606,0.31772
3.84,0.0072,0.05298,0.59606,0.31772
3.85,0.0072,0.05298,0.59606,0.31772
3.86,0.0072,0.05298,0.59606,0.31772
3.87,0.0072,0.05298,0.59605,0.31772
3.88,0.0072,0.05298,0.59605,0.31772
3.89,0.0072,0.05298,0.59605,0.31772
3.9,0.0072,0.05298,0.59605,0.31772
3.91,0.0072,0.05298,0.59605,0.31772
3.92,0.0072,0.05298,0.59605,0.31772
3.93,0.0072,0.05298,0.59605,0.31772
3.94,0.0072,0.05298,0.59605,0.31772
3.95,0.0072,0.05298,0.59605,0.31772
3.96,0.0072,0.05298,0.59605,0.31772
3.97,0.0072,0.05298,0.59605,0.31772
3.98,0.0072,0.05298,0.59605,0.31772
3.99,0.0072,0.05298,0.59605,0.31772
4.0,0.0072,0.05298,0.59605,0.31772
4.01,0.0072,0.05298,0.59605,0.31772
4.02,0.0072,0.05298,0.59605,0.31772
4.03,0.0072,0.05298,0.59605,0.31772
4.04,0.0072,0.05298,0.59605,0.31772
4.05,0.0072,0.05298,0.59605,0.31772
4.06,0.0072,0.05298,0.59605,0.31772
4.07,0.0072,0.05298,0.59605,0.31772
4.08,0.0072,0.05298,0.59605,0.31772
4.09,0.0072,0.05298,0.59605,0.31772
4.1,0.0072,0.05298,0.59605,0.31772
4.11,0.0072,0.05298,0.59605,0.31772
4.12,0.0072,0.05298,0.59605,0.31772
4.13,0.0072,0.05298,0.59605,0.31772
4.14,0.0072,0.05298,0.59605,0.31772
4.15,0.0072,0.05298,0.59605,0.31772
4.16,0.0072,0.05298,0.59605,0.31772
4.17,0.0072,0.05298,0.59605,0.31772
4.18,0.0072,0.05298,0.59605,0.31772
4.19,0.0071,0.05298,0.59605,0.31772
4.2,0.0071,0.05298,0.59605,0.31772
4.21,0.0071,0.05298,0.59605,0.31772
4.22,0.0071,0.05298,0.59605,0.31772
4.23,0.0071,0.05298,0.59605,0.31772
4.24,0.0071,0.05298,0.59605,0.31772
4.25,0.0071,0.05298,0.59605,0.31772
4.26,0.0071,0.05298,0.59605,0.31772
4.27,0.0071,0.05298,0.59605,0.31772
4.28,0.0071,0.05298,0.59605,0.31772
4.29,0.0071,0.05298,0.59605,0.31772
4.3,0.0071,0.05298,0.59605,0.31772
4.31,0.0071,0.05298,0.59605,0.31772
4.32,0.0071,0.05298,0.59605,0.31772
4.33,0.0071,0.05298,0.59605,0.31772
4.34,0.0071,0.05298,0.59605,0.31772
4.35,0.0071,0.05298,0.59604,0.31772
4.36,0.0071,0.05298,0.59604,0.31772
4.37,0.0071,0.05298,0.59604,0.31772
4.38,0.0071,0.05298,0.59604,0.31772
4.39,0.0071,0.05298,0.59604,0.31772
4.4,0.0071,0.05298,0.59604,0.31772
4.41,0.0071,0.05298,0.59604,0.31772
4.42,0.0071,0.05298,0.59604,0.31772
4.43,0.0071,0.05298,0.59604,0.31772
4.44,0.0071,0.05298,0.59604,0.31772
4.45,0.0071,0.05298,0.59604,0.31772
4.46,0.0071,0.05298,0.59604,0.31773
4.47,0.0071,0.05298,0.59604,0.31773
4.48,0.0071,0.05298,0.59604,0.31773
4.49,0.0071,0.05298,0.59604,0.31773
4.5,0.0071,0.05298,0.59604,0.31773
4.51,0.0071,0.05298,0.59604,0.31773
4.52,0.0071,0.05298,0.59604,0.31773
4.53,0.0071,0.05298,0.59604,0.31773
4.54,0.0071,0.05298,0.59604,0.31773
4.55,0.0071,0.05298,0.59604,0.31773
4.56,0.007,0.05298,0.59604,0.31773
4.57,0.007,0.05298,0.59604,0.31773
4.58,0.007,0.05298,0.59604,0.31773
4.59,0.007,0.05298,0.59604,0.31773
4.6,0.007,0.05298,0.59604,0.31773
4.61,0.007,0.05298,0.59604,0.31773
4.62,0.007,0.05298,0.59604,0.31773
4.63,0.007,0.05298,0.59604,0.31773
4.64,0.007,0.05298,0.59604,0.31773
4.65,0.007,0.05298,0.59604,0.31773
4.66,0.007,0.05298,0.59604,0.31773
4.67,0.007,0.05298,0.59604,0.31773
4.68,0.007,0.05298,0.59604,0.31773
4.69,0.007,0.05298,0.59604,0.31773
4.7,0.007,0.05298,0.59604,0.31773
4.71,0.007,0.05298,0.59604,0.31773
4.72,0.007,0.05298,0.59604,0.31773
4.73,0.007,0.05298,0.59604,0.31773
4.74,0.007,0.05298,0.59604,0.31773
4.75,0.007,0.05298,0.59604,0.31773
4.76,0.007,0.05298,0.59604,0.31773
4.77,0.007,0.05298,0.59604,0.31773
4.78,0.007,0.05298,0.59604,0.31773
4.79,0.0069,0.05298,0.59604,0.31773
4.8,0.0069,0.05298,0.59604,0.31773
4.81,0.0069,0.05298,0.59604,0.31773
4.82,0.0069,0.05298,0.59604,0.31773
4.83,0.0069,0.05298,0.59604,0.31773
4.84,0.0069,0.05298,0.59604,0.31773
4.85,0.0069,0.05298,0.59604,0.31773
4.86,0.0069,0.05298,0.59603,0.31773
4.87,0.0069,0.05298,0.59603,0.31773
4.88,0.0069,0.05298,0.59603,0.31773
4.89,0.0069,0.05298,0.59603,0.31773
4.9,0.0069,0.05298,0.59603,0.31773
4.91,0.0069,0.05298,0.59603,0.31773
4.92,0.0069,0.05298,0.59603,0.31773
4.93,0.0069,0.05298,0.59603,0.31773
4.94,0.0069,0.05298,0.59603,0.31773
4.95,0.0069,0.05298,0.59603,0.31773
4.96,0.0069,0.05298,0.59603,0.31773
4.97,0.0069,0.05298,0.59603,0.31773
4.98,0.0069,0.05298,0.59603,0.31773
4.99,0.0068,0.05298,0.59603,0.31773
5.0,0.0068,0.05298,0.59603,0.31773
5.01,0.1068,0.05298,0.59603,0.31773
5.02,0.2062,0.053,0.59603,0.31773
5.03,0.3048,0.05305,0.59602,0.31774
5.04,0.4028,0.05313,0.59601,0.31775
5.05,0.5002,0.05323,0.59599,0.31776
5.06,0.597,0.05335,0.59597,0.31777
5.07,0.6933,0.05349,0.59595,0.31779
5.08,0.7889,0.05365,0.59592,0.31781
5.09,0.8841,0.05383,0.59588,0.31783
5.1,0.9786,0.05403,0.59585,0.31786
5.11,1.0727,0.05424,0.59581,0.31788
5.12,1.1663,0.05447,0.59576,0.31791
5.13,1.2593,0.05472,0.59571,0.31795
5.14,1.3519,0.05498,0.59566,0.31798
5.15,1.4441,0.05526,0.5956,0.31802
5.16,1.5358,0.05555,0.59554,0.31806
5.17,1.6271,0.05586,0.59548,0.31811
5.18,1.7179,0.05618,0.59541,0.31815
5.19,1.8083,0.05651,0.59534,0.3182
5.2,1.8984,0.05685,0.59526,0.31825
5.21,1.988,0.0572,0.59518,0.31831
5.22,2.0773,0.05757,0.5951,0.31836
5.23,2.1663,0.05795,0.59501,0.31842
5.24,2.2548,0.05833,0.59492,0.31848
5.25,2.3431,0.05873,0.59482,0.31855
5.26,2.431,0.05914,0.59472,0.31861
5.27,2.5186,0.05955,0.59462,0.31868
5.28,2.606,0.05998,0.59451,0.31876
5.29,2.693,0.06041,0.5944,0.31883
5.3,2.7798,0.06085,0.59428,0.31891
5.31,2.8663,0.0613,0.59416,0.31899
5.32,2.9525,0.06176,0.59404,0.31907
5.33,3.0385,0.06223,0.59391,0.31915
5.34,3.1243,0.06271,0.59378,0.31924
5.35,3.2099,0.06319,0.59365,0.31933
5.36,3.2952,0.06368,0.59351,0.31942
5.37,3.3804,0.06417,0.59336,0.31952
5.38,3.4654,0.06468,0.59322,0.31961
5.39,3.5502,0.06519,0.59307,0.31971
5.4,3.6349,0.06571,0.59291,0.31982
5.41,3.7194,0.06623,0.59275,0.31992
5.42,3.8038,0.06676,0.59259,0.32003
5.43,3.8881,0.0673,0.59242,0.32014
5.44,3.9723,0.06784,0.59225,0.32025
5.45,4.0564,0.0684,0.59208,0.32036
5.46,4.1404,0.06895,0.5919,0.32048
5.47,4.2243,0.06951,0.59172,0.3206
5.48,4.3082,0.07008,0.59153,0.32072
5.49,4.392,0.07066,0.59134,0.32085
5.5,4.4759,0.07124,0.59115,0.32097
5.51,4.5597,0.07182,0.59095,0.3211
5.52,4.6435,0.07242,0.59075,0.32123
5.53,4.7273,0.07302,0.59054,0.32137
5.54,4.8111,0.07362,0.59033,0.3215
5.55,4.895,0.07423,0.59011,0.32164
5.56,4.979,0.07485,0.5899,0.32178
5.57,5.063,0.07547,0.58967,0.32193
5.58,5.1471,0.07609,0.58945,0.32208
5.59,5.2313,0.07673,0.58922,0.32222
5.6,5.3156,0.07737,0.58898,0.32238
5.61,5.4001,0.07801,0.58874,0.32253
5.62,5.4847,0.07866,0.5885,0.32269
5.63,5.5695,0.07932,0.58825,0.32285
5.64,5.6545,0.07998,0.588,0.32301
5.65,5.7396,0.08065,0.58774,0.32317
5.66,5.825,0.08133,0.58748,0.32334
5.67,5.9106,0.08201,0.58721,0.32351
5.68,5.9965,0.0827,0.58695,0.32368
5.69,6.0827,0.08339,0.58667,0.32386
5.7,6.1691,0.08409,0.58639,0.32403
5.71,6.2559,0.0848,0.58611,0.32421
5.72,6.343,0.08551,0.58582,0.32439
5.73,6.4304,0.08623,0.58553,0.32458
5.74,6.5183,0.08696,0.58524,0.32477
5.75,6.6065,0.08769,0.58493,0.32496
5.76,6.6951,0.08843,0.58463,0.32515
5.77,6.7842,0.08918,0.58432,0.32535
5.78,6.8737,0.08993,0.584,0.32554
5.79,6.9637,0.0907,0.58368,0.32575
5.8,7.0543,0.09147,0.58336,0.32595
5.81,7.1453,0.09224,0.58303,0.32616
5.82,7.237,0.09303,0.5827,0.32637
5.83,7.3292,0.09382,0.58236,0.32658
5.84,7.422,0.09462,0.58201,0.32679
5.85,7.5155,0.09543,0.58166,0.32701
5.86,7.6097,0.09625,0.58131,0.32723
5.87,7.7046,0.09708,0.58095,0.32746
5.88,7.8002,0.09792,0.58059,0.32768
5.89,7.8965,0.09876,0.58022,0.32791
5.9,7.9937,0.09961,0.57984,0.32814
5.91,8.0917,0.10048,0.57946,0.32838
5.92,8.1906,0.10135,0.57907,0.32862
5.93,8.2904,0.10224,0.57868,0.32886
5.94,8.3911,0.10313,0.57828,0.3291
5.95,8.4928,0.10404,0.57788,0.32935
5.96,8.5955,0.10495,0.57747,0.3296
5.97,8.6993,0.10588,0.57706,0.32986
5.98,8.8042,0.10682,0.57663,0.33012
5.99,8.9102,0.10777,0.57621,0.33038
6.0,9.0175,0.10873,0.57577,0.33064
6.01,9.126,0.10971,0.57533,0.33091
6.02,9.2358,0.1107,0.57489,0.33118
6.03,9.3469,0.1117,0.57443,0.33145
6.04,9.4595,0.11272,0.57397,0.33173
6.05,9.5735,0.11375,0.57351,0.33201
6.06,9.689,0.11479,0.57304,0.3323
6.07,9.8061,0.11585,0.57255,0.33259
6.08,9.9249,0.11693,0.57207,0.33288
6.09,10.0453,0.11802,0.57157,0.33318
6.1,10.1676,0.11913,0.57107,0.33348
6.11,10.2917,0.12026,0.57056,0.33379
6.12,10.4177,0.1214,0.57004,0.3341
6.13,10.5457,0.12256,0.56951,0.33441
6.14,10.6758,0.12374,0.56898,0.33473
6.15,10.8081,0.12494,0.56844,0.33505
6.16,10.9427,0.12617,0.56789,0.33537
6.17,11.0796,0.12741,0.56733,0.33571
6.18,11.219,0.12867,0.56676,0.33604
6.19,11.361,0.12996,0.56618,0.33638
6.2,11.5056,0.13127,0.56559,0.33673
6.21,11.653,0.1326,0.56499,0.33708
6.22,11.8034,0.13396,0.56438,0.33743
6.23,11.9567,0.13535,0.56377,0.33779
6.24,12.1133,0.13676,0.56314,0.33816
6.25,12.2731,0.13821,0.5625,0.33853
6.26,12.4364,0.13968,0.56185,0.3389
6.27,12.6034,0.14118,0.56118,0.33929
6.28,12.7741,0.14271,0.56051,0.33967
6.29,12.9487,0.14428,0.55982,0.34007
6.3,13.1275,0.14588,0.55912,0.34047
6.31,13.3106,0.14752,0.55841,0.34088
6.32,13.4982,0.14919,0.55768,0.34129
6.33,13.6906,0.15091,0.55694,0.34171
6.34,13.888,0.15266,0.55619,0.34214
6.35,14.0906,0.15446,0.55542,0.34257
6.36,14.2986,0.1563,0.55463,0.34301
6.37,14.5124,0.15819,0.55383,0.34346
6.38,14.7322,0.16012,0.55301,0.34392
6.39,14.9584,0.16211,0.55217,0.34439
6.4,15.1913,0.16415,0.55132,0.34486
6.41,15.4312,0.16625,0.55044,0.34534
6.42,15.6784,0.1684,0.54955,0.34584
6.43,15.9335,0.17061,0.54863,0.34634
6.44,16.1968,0.17289,0.54769,0.34685
6.45,16.4687,0.17524,0.54674,0.34737
6.46,16.7498,0.17766,0.54575,0.34791
6.47,17.0405,0.18015,0.54474,0.34845
6.48,17.3415,0.18271,0.54371,0.34901
6.49,17.6532,0.18536,0.54265,0.34957
6.5,17.9764,0.1881,0.54156,0.35015
6.51,18.3117,0.19093,0.54044,0.35075
6.52,18.6599,0.19385,0.53928,0.35135
6.53,19.0217,0.19687,0.5381,0.35198
6.54,19.398,0.20001,0.53688,0.35261
6.55,19.7897,0.20325,0.53562,0.35327
6.56,20.1977,0.20661,0.53432,0.35393
6.57,20.6232,0.2101,0.53298,0.35462
6.58,21.0673,0.21373,0.5316,0.35533
6.59,21.5312,0.21749,0.53017,0.35605
6.6,22.0162,0.22141,0.52869,0.3568
6.61,22.5238,0.22548,0.52716,0.35756
6.62,23.0556,0.22973,0.52557,0.35835
6.63,23.6132,0.23415,0.52393,0.35917
6.64,24.1985,0.23877,0.52222,0.36
6.65,24.8134,0.24359,0.52044,0.36087
6.66,25.4602,0.24863,0.5186,0.36176
6.67,26.1411,0.2539,0.51668,0.36269
6.68,26.8587,0.25942,0.51468,0.36365
6.69,27.6157,0.2652,0.5126,0.36464
6.7,28.4152,0.27127,0.51042,0.36567
6.71,29.2602,0.27763,0.50815,0.36674
6.72,30.1544,0.28432,0.50579,0.36785
6.73,31.1015,0.29134,0.50332,0.369
6.74,32.1055,0.29874,0.50073,0.3702
6.75,33.1708,0.30653,0.49804,0.37146
6.76,34.302,0.31474,0.49522,0.37276
6.77,35.5043,0.32339,0.49229,0.37413
6.78,36.7829,0.33252,0.48922,0.37556
6.79,38.1433,0.34216,0.48604,0.37706
6.8,39.5915,0.35234,0.48272,0.37864
6.81,41.1334,0.36309,0.47928,0.38029
6.82,42.7754,0.37444,0.47572,0.38202
6.83,44.5235,0.38643,0.47204,0.38385
6.84,46.3838,0.39909,0.46826,0.38577
6.85,48.3618,0.41244,0.46437,0.38779
6.86,50.4625,0.42652,0.4604,0.38993
6.87,52.6897,0.44133,0.45635,0.39218
6.88,55.0456,0.45689,0.45225,0.39456
6.89,57.5305,0.4732,0.44809,0.39707
6.9,60.1418,0.49025,0.4439,0.39972
6.91,62.8734,0.50802,0.43969,0.40251
6.92,65.715,0.52647,0.43547,0.40546
6.93,68.6516,0.54553,0.43124,0.40856
6.94,71.6625,0.56514,0.42703,0.41182
6.95,74.7216,0.58521,0.42284,0.41525
6.96,77.797,0.60561,0.41867,0.41883
6.97,80.8522,0.62621,0.41453,0.42258
6.98,83.8467,0.64689,0.41041,0.42648
6.99,86.7388,0.66748,0.40633,0.43053
7.0,89.4871,0.68784,0.40229,0.43472
7.01,92.0537,0.70781,0.39828,0.43904
7.02,94.4065,0.72726,0.39431,0.44347
7.03,96.5217,0.74605,0.39038,0.448
7.04,98.3847,0.76409,0.38648,0.45261
7.05,99.9913,0.78128,0.38263,0.45728
7.06,101.3467,0.79757,0.37881,0.462
7.07,102.4642,0.81292,0.37502,0.46676
7.08,103.3635,0.82731,0.37128,0.47152
7.09,104.0679,0.84074,0.36757,0.4763
7.1,104.6027,0.85323,0.3639,0.48106
7.11,104.9929,0.86482,0.36026,0.48581
7.12,105.262,0.87553,0.35667,0.49053
7.13,105.4312,0.88543,0.3531,0.49522
7.14,105.5186,0.89454,0.34958,0.49987
7.15,105.5395,0.90294,0.34609,0.50448
7.16,105.5063,0.91065,0.34263,0.50905
7.17,105.4289,0.91774,0.33921,0.51357
7.18,105.3151,0.92426,0.33582,0.51804
7.19,105.1709,0.93024,0.33246,0.52246
7.2,105.001,0.93572,0.32914,0.52683
7.21,104.8089,0.94076,0.32586,0.53115
7.22,104.5974,0.94538,0.3226,0.53541
7.23,104.3686,0.94961,0.31938,0.53963
7.24,104.1242,0.9535,0.31619,0.54379
7.25,103.8654,0.95706,0.31303,0.5479
7.26,103.5935,0.96033,0.30991,0.55195
7.27,103.3091,0.96333,0.30681,0.55596
7.28,103.0131,0.96608,0.30375,0.55991
7.29,102.706,0.9686,0.30072,0.56381
7.3,102.3884,0.97091,0.29772,0.56766
7.31,102.0607,0.97303,0.29474,0.57146
7.32,101.7235,0.97498,0.2918,0.57521
7.33,101.377,0.97676,0.28889,0.5789
7.34,101.0217,0.9784,0.28601,0.58254
7.35,100.6579,0.9799,0.28315,0.58614
7.36,100.2858,0.98127,0.28033,0.58968
7.37,99.9059,0.98253,0.27753,0.59318
7.38,99.5184,0.98369,0.27476,0.59662
7.39,99.1235,0.98475,0.27202,0.60002
7.4,98.7216,0.98572,0.2693,0.60337
7.41,98.313,0.98661,0.26662,0.60667
7.42,97.8977,0.98742,0.26396,0.60992
7.43,97.4762,0.98817,0.26132,0.61312
7.44,97.0487,0.98885,0.25872,0.61628
7.45,96.6153,0.98948,0.25614,0.61939
7.46,96.1763,0.99005,0.25358,0.62246
7.47,95.732,0.99057,0.25106,0.62548
7.48,95.2826,0.99104,0.24855,0.62846
7.49,94.8283,0.99147,0.24608,0.63139
7.5,94.3692,0.99186,0.24362,0.63427
7.51,93.9057,0.99222,0.2412,0.63712
7.52,93.4379,0.99254,0.23879,0.63991
7.53,92.966,0.99283,0.23641,0.64267
7.54,92.4902,0.99309,0.23406,0.64539
7.55,92.0106,0.99332,0.23173,0.64806
7.56,91.5276,0.99353,0.22942,0.65069
7.57,91.0413,0.99372,0.22714,0.65328
7.58,90.5518,0.99388,0.22488,0.65583
7.59,90.0593,0.99402,0.22264,0.65834
7.6,89.564,0.99414,0.22042,0.6608
7.61,89.0661,0.99425,0.21823,0.66323
7.62,88.5657,0.99434,0.21606,0.66563
7.63,88.063,0.99441,0.21391,0.66798
7.64,87.5581,0.99446,0.21179,0.67029
7.65,87.0512,0.9945,0.20968,0.67257
7.66,86.5425,0.99453,0.2076,0.67481
7.67,86.032,0.99454,0.20554,0.67702
7.68,85.52,0.99454,0.2035,0.67919
7.69,85.0065,0.99453,0.20148,0.68132
7.7,84.4917,0.9945,0.19948,0.68342
7.71,83.9757,0.99447,0.1975,0.68548
7.72,83.4586,0.99442,0.19555,0.68751
7.73,82.9406,0.99436,0.19361,0.6895
7.74,82.4218,0.99429,0.19169,0.69146
7.75,81.9023,0.99421,0.18979,0.69339
7.76,81.3821,0.99412,0.18792,0.69528
7.77,80.8615,0.99402,0.18606,0.69715
7.78,80.3404,0.99391,0.18422,0.69898
7.79,79.8191,0.99379,0.1824,0.70078
7.8,79.2975,0.99366,0.1806,0.70254
7.81,78.7759,0.99352,0.17881,0.70428
7.82,78.2542,0.99337,0.17705,0.70599
7.83,77.7325,0.99321,0.17531,0.70767
7.84,77.211,0.99304,0.17358,0.70931
7.85,76.6897,0.99287,0.17187,0.71093
7.86,76.1687,0.99268,0.17018,0.71252
7.87,75.648,0.99248,0.16851,0.71408
7.88,75.1278,0.99227,0.16685,0.71562
7.89,74.6081,0.99204,0.16522,0.71712
7.9,74.0889,0.99181,0.1636,0.7186
7.91,73.5703,0.99157,0.162,0.72005
7.92,73.0525,0.99132,0.16041,0.72147
7.93,72.5353,0.99105,0.15884,0.72287
7.94,72.0189,0.99078,0.15729,0.72424
7.95,71.5034,0.99049,0.15576,0.72559
7.96,70.9887,0.99019,0.15424,0.72691
7.97,70.4749,0.98988,0.15274,0.7282
7.98,69.9621,0.98956,0.15126,0.72947
7.99,69.4503,0.98922,0.14979,0.73072
8.0,68.9396,0.98887,0.14834,0.73194
8.01,68.4299,0.9885,0.14691,0.73314
8.02,67.9213,0.98813,0.14549,0.73431
8.03,67.4139,0.98774,0.14408,0.73546
8.04,66.9076,0.98733,0.1427,0.73659
8.05,66.4025,0.98691,0.14133,0.7377
8.06,65.8986,0.98647,0.13997,0.73878
8.07,65.396,0.98602,0.13863,0.73984
8.08,64.8946,0.98555,0.13731,0.74088
8.09,64.3945,0.98507,0.136,0.7419
8.1,63.8957,0.98457,0.1347,0.74289
8.11,63.3983,0.98405,0.13343,0.74386
8.12,62.9021,0.98351,0.13216,0.74482
8.13,62.4073,0.98296,0.13092,0.74575
8.14,61.9139,0.98238,0.12968,0.74666
8.15,61.4218,0.98179,0.12846,0.74756
8.16,60.9311,0.98118,0.12726,0.74843
8.17,60.4418,0.98054,0.12607,0.74928
8.18,59.9538,0.97989,0.1249,0.75011
8.19,59.4673,0.97921,0.12374,0.75093
8.2,58.9822,0.97851,0.1226,0.75172
8.21,58.4984,0.97779,0.12147,0.7525
8.22,58.0161,0.97704,0.12035,0.75325
8.23,57.5351,0.97627,0.11925,0.75399
8.24,57.0556,0.97548,0.11816,0.75471
8.25,56.5774,0.97466,0.11709,0.75542
8.26,56.1007,0.97381,0.11603,0.7561
8.27,55.6253,0.97294,0.11499,0.75677
8.28,55.1513,0.97204,0.11396,0.75742
8.29,54.6787,0.97111,0.11295,0.75805
8.3,54.2074,0.97015,0.11195,0.75866
8.31,53.7375,0.96916,0.11096,0.75926
8.32,53.269,0.96814,0.10999,0.75984
8.33,52.8018,0.96709,0.10903,0.76041
8.34,52.3359,0.96601,0.10808,0.76096
8.35,51.8713,0.96489,0.10715,0.76149
8.36,51.408,0.96374,0.10624,0.76201
8.37,50.946,0.96256,0.10533,0.76251
8.38,50.4853,0.96134,0.10444,0.76299
8.39,50.0258,0.96008,0.10357,0.76346
8.4,49.5676,0.95878,0.10271,0.76391
8.41,49.1105,0.95745,0.10186,0.76435
8.42,48.6547,0.95607,0.10103,0.76478
8.43,48.2,0.95466,0.10021,0.76518
8.44,47.7464,0.9532,0.0994,0.76558
8.45,47.294,0.9517,0.09861,0.76596
8.46,46.8426,0.95015,0.09783,0.76632
8.47,46.3923,0.94856,0.09707,0.76667
8.48,45.9431,0.94693,0.09632,0.76701
8.49,45.4948,0.94525,0.09558,0.76733
8.5,45.0475,0.94351,0.09486,0.76763
8.51,44.6011,0.94173,0.09415,0.76793
8.52,44.1556,0.9399,0.09345,0.76821
8.53,43.711,0.93802,0.09277,0.76847
8.54,43.2671,0.93608,0.0921,0.76872
8.55,42.8241,0.93409,0.09145,0.76896
8.56,42.3817,0.93204,0.0908,0.76919
8.57,41.94,0.92993,0.09018,0.7694
8.58,41.499,0.92777,0.08956,0.7696
8.59,41.0585,0.92554,0.08896,0.76978
8.6,40.6185,0.92326,0.08838,0.76996
8.61,40.179,0.92091,0.0878,0.77012
8.62,39.7399,0.91849,0.08724,0.77026
8.63,39.3011,0.91601,0.0867,0.7704
8.64,38.8625,0.91346,0.08617,0.77052
8.65,38.4242,0.91084,0.08565,0.77063
8.66,37.9859,0.90815,0.08514,0.77072
8.67,37.5477,0.90539,0.08465,0.77081
8.68,37.1095,0.90255,0.08417,0.77088
8.69,36.6711,0.89964,0.08371,0.77094
8.7,36.2325,0.89665,0.08326,0.77099
8.71,35.7936,0.89358,0.08282,0.77102
8.72,35.3543,0.89043,0.0824,0.77104
8.73,34.9144,0.88719,0.08199,0.77106
8.74,34.474,0.88387,0.08159,0.77105
8.75,34.0328,0.88045,0.08121,0.77104
8.76,33.5908,0.87695,0.08084,0.77102
8.77,33.1478,0.87336,0.08048,0.77098
8.78,32.7037,0.86967,0.08014,0.77093
8.79,32.2584,0.86589,0.07981,0.77087
8.8,31.8117,0.862,0.0795,0.7708
8.81,31.3635,0.85802,0.07919,0.77072
8.82,30.9138,0.85393,0.0789,0.77062
8.83,30.4622,0.84973,0.07863,0.77051
8.84,30.0086,0.84542,0.07837,0.77039
8.85,29.553,0.841,0.07812,0.77026
8.86,29.0951,0.83647,0.07789,0.77012
8.87,28.6348,0.83182,0.07766,0.76997
8.88,28.1718,0.82704,0.07746,0.7698
8.89,27.7061,0.82215,0.07726,0.76962
8.9,27.2373,0.81712,0.07708,0.76944
8.91,26.7654,0.81196,0.07692,0.76923
8.92,26.2902,0.80667,0.07676,0.76902
8.93,25.8114,0.80124,0.07662,0.7688
8.94,25.3288,0.79567,0.0765,0.76856
8.95,24.8423,0.78996,0.07638,0.76832
8.96,24.3516,0.78409,0.07628,0.76806
8.97,23.8565,0.77808,0.0762,0.76778
8.98,23.3568,0.7719,0.07613,0.7675
8.99,22.8524,0.76556,0.07607,0.76721
9.0,22.3429,0.75906,0.07603,0.7669
9.01,21.8283,0.75239,0.076,0.76658
9.02,21.3082,0.74554,0.07598,0.76625
9.03,20.7825,0.73852,0.07598,0.76591
9.04,20.2511,0.73131,0.07599,0.76555
9.05,19.7136,0.72391,0.07602,0.76518
9.06,19.17,0.71632,0.07606,0.7648
9.07,18.6201,0.70854,0.07612,0.76441
9.08,18.0638,0.70055,0.07619,0.764
9.09,17.5008,0.69235,0.07627,0.76358
9.1,16.9312,0.68394,0.07637,0.76315
9.11,16.3549,0.67532,0.07649,0.76271
9.12,15.7717,0.66647,0.07661,0.76225
9.13,15.1816,0.6574,0.07676,0.76178
9.14,14.5848,0.6481,0.07692,0.7613
9.15,13.9812,0.63857,0.0771,0.76081
9.16,13.371,0.62881,0.07729,0.7603
9.17,12.7543,0.6188,0.0775,0.75978
9.18,12.1313,0.60856,0.07772,0.75924
9.19,11.5022,0.59807,0.07796,0.75869
9.2,10.8676,0.58734,0.07822,0.75813
9.21,10.2276,0.57638,0.07849,0.75756
9.22,9.5829,0.56516,0.07878,0.75697
9.23,8.934,0.55372,0.07909,0.75637
9.24,8.2816,0.54203,0.07942,0.75575
9.25,7.6263,0.53012,0.07976,0.75512
9.26,6.969,0.51798,0.08013,0.75448
9.27,6.3107,0.50563,0.08051,0.75383
9.28,5.6524,0.49307,0.08091,0.75316
9.29,4.9951,0.48032,0.08133,0.75248
9.3,4.34,0.46739,0.08177,0.75179
9.31,3.6884,0.45429,0.08223,0.75108
9.32,3.0416,0.44105,0.08271,0.75036
9.33,2.4009,0.42769,0.0832,0.74963
9.34,1.768,0.41423,0.08372,0.74889
9.35,1.144,0.40069,0.08426,0.74814
9.36,0.5307,0.38709,0.08483,0.74737
9.37,-0.0707,0.37348,0.08541,0.7466
9.38,-0.6585,0.35988,0.08601,0.74581
9.39,-1.2316,0.34631,0.08663,0.74501
9.4,-1.7885,0.33282,0.08728,0.7442
9.41,-2.328,0.31943,0.08794,0.74339
9.42,-2.8489,0.30619,0.08862,0.74256
9.43,-3.3504,0.29311,0.08933,0.74173
9.44,-3.8315,0.28024,0.09005,0.74088
9.45,-4.2916,0.2676,0.09079,0.74003
9.46,-4.7301,0.25522,0.09155,0.73917
9.47,-5.1467,0.24314,0.09233,0.73831
9.48,-5.5411,0.23137,0.09313,0.73743
9.49,-5.9134,0.21994,0.09394,0.73655
9.5,-6.2637,0.20887,0.09476,0.73567
9.51,-6.5923,0.19818,0.09561,0.73478
9.52,-6.8996,0.18787,0.09646,0.73389
9.53,-7.1861,0.17795,0.09733,0.73299
9.54,-7.4526,0.16844,0.09821,0.73209
9.55,-7.6996,0.15935,0.09911,0.73118
9.56,-7.9281,0.15066,0.10001,0.73027
9.57,-8.139,0.14237,0.10093,0.72936
9.58,-8.333,0.1345,0.10185,0.72845
9.59,-8.5112,0.12702,0.10278,0.72753
9.6,-8.6745,0.11993,0.10372,0.72661
9.61,-8.8238,0.11322,0.10467,0.72569
9.62,-8.96,0.10688,0.10562,0.72477
9.63,-9.0841,0.1009,0.10658,0.72385
9.64,-9.1969,0.09526,0.10754,0.72293
9.65,-9.2993,0.08996,0.10851,0.72201
9.66,-9.392,0.08497,0.10949,0.72109
9.67,-9.4758,0.08028,0.11046,0.72016
9.68,-9.5514,0.07589,0.11144,0.71924
9.69,-9.6195,0.07177,0.11242,0.71832
9.7,-9.6808,0.06791,0.11341,0.7174
9.71,-9.7357,0.0643,0.11439,0.71647
9.72,-9.7849,0.06092,0.11538,0.71555
9.73,-9.8289,0.05777,0.11637,0.71463
9.74,-9.868,0.05482,0.11736,0.71371
9.75,-9.9028,0.05206,0.11835,0.71279
9.76,-9.9337,0.04949,0.11934,0.71188
9.77,-9.9609,0.0471,0.12033,0.71096
9.78,-9.9849,0.04486,0.12132,0.71004
9.79,-10.0058,0.04278,0.12232,0.70913
9.8,-10.0241,0.04084,0.12331,0.70822
9.81,-10.0398,0.03903,0.1243,0.7073
9.82,-10.0534,0.03735,0.12529,0.70639
9.83,-10.0649,0.03578,0.12628,0.70548
9.84,-10.0746,0.03432,0.12727,0.70457
9.85,-10.0825,0.03297,0.12825,0.70367
9.86,-10.089,0.03171,0.12924,0.70276
9.87,-10.0941,0.03053,0.13023,0.70186
9.88,-10.0979,0.02944,0.13121,0.70096
9.89,-10.1006,0.02843,0.1322,0.70005
9.9,-10.1022,0.02749,0.13318,0.69915
9.91,-10.1029,0.02661,0.13416,0.69826
9.92,-10.1027,0.0258,0.13514,0.69736
9.93,-10.1018,0.02504,0.13612,0.69647
9.94,-10.1001,0.02434,0.1371,0.69557
9.95,-10.0977,0.02369,0.13808,0.69468
9.96,-10.0948,0.02309,0.13905,0.69379
9.97,-10.0914,0.02253,0.14003,0.6929
9.98,-10.0874,0.02201,0.141,0.69201
9.99,-10.083,0.02152,0.14197,0.69113
10.0,-10.0781,0.02107,0.14294,0.69025
10.01,-10.1729,0.02066,0.1439,0.68936
10.02,-10.2589,0.02026,0.14488,0.68848
10.03,-10.3369,0.01987,0.14585,0.6876
10.04,-10.4077,0.0195,0.14683,0.68672
10.05,-10.472,0.01915,0.14781,0.68583
10.06,-10.5303,0.01881,0.14879,0.68495
10.07,-10.5832,0.01849,0.14977,0.68407
10.08,-10.6311,0.01818,0.15076,0.68319
10.09,-10.6746,0.01789,0.15174,0.68231
10.1,-10.714,0.01761,0.15273,0.68143
10.11,-10.7497,0.01735,0.15372,0.68055
10.12,-10.7821,0.0171,0.15471,0.67967
10.13,-10.8113,0.01687,0.15569,0.6788
10.14,-10.8378,0.01664,0.15668,0.67792
10.15,-10.8617,0.01644,0.15767,0.67705
10.16,-10.8833,0.01624,0.15866,0.67617
10.17,-10.9027,0.01605,0.15965,0.6753
10.18,-10.9202,0.01588,0.16064,0.67443
10.19,-10.936,0.01571,0.16163,0.67356
10.2,-10.9501,0.01556,0.16261,0.67269
10.21,-10.9627,0.01542,0.1636,0.67182
10.22,-10.9739,0.01528,0.16459,0.67095
10.23,-10.9839,0.01515,0.16557,0.67009
10.24,-10.9928,0.01504,0.16656,0.66922
10.25,-11.0006,0.01492,0.16754,0.66836
10.26,-11.0075,0.01482,0.16852,0.6675
10.27,-11.0135,0.01472,0.1695,0.66664
10.28,-11.0187,0.01463,0.17049,0.66578
10.29,-11.0231,0.01455,0.17147,0.66492
10.3,-11.0269,0.01447,0.17244,0.66407
10.31,-11.03,0.0144,0.17342,0.66321
10.32,-11.0325,0.01433,0.1744,0.66236
10.33,-11.0346,0.01426,0.17537,0.66151
10.34,-11.0361,0.01421,0.17635,0.66066
10.35,-11.0372,0.01415,0.17732,0.65981
10.36,-11.0378,0.0141,0.17829,0.65896
10.37,-11.0381,0.01405,0.17926,0.65812
10.38,-11.0381,0.01401,0.18023,0.65727
10.39,-11.0377,0.01397,0.1812,0.65643
10.4,-11.037,0.01393,0.18216,0.65559
10.41,-11.036,0.0139,0.18313,0.65475
10.42,-11.0347,0.01387,0.18409,0.65391
10.43,-11.0333,0.01384,0.18505,0.65307
10.44,-11.0315,0.01381,0.18601,0.65224
10.45,-11.0296,0.01378,0.18697,0.6514
10.46,-11.0275,0.01376,0.18793,0.65057
10.47,-11.0252,0.01374,0.18888,0.64974
10.48,-11.0228,0.01372,0.18984,0.64891
10.49,-11.0202,0.01371,0.19079,0.64808
10.5,-11.0174,0.01369,0.19174,0.64725
10.51,-11.0146,0.01368,0.19269,0.64643
10.52,-11.0115,0.01366,0.19364,0.6456
10.53,-11.0084,0.01365,0.19459,0.64478
10.54,-11.0052,0.01364,0.19554,0.64396
10.55,-11.0018,0.01363,0.19648,0.64314
10.56,-10.9984,0.01363,0.19742,0.64232
10.57,-10.9949,0.01362,0.19836,0.64151
10.58,-10.9912,0.01362,0.1993,0.64069
10.59,-10.9875,0.01361,0.20024,0.63988
10.6,-10.9838,0.01361,0.20118,0.63907
10.61,-10.9799,0.0136,0.20212,0.63826
10.62,-10.976,0.0136,0.20305,0.63745
10.63,-10.972,0.0136,0.20398,0.63664
10.64,-10.968,0.0136,0.20491,0.63583
10.65,-10.9639,0.0136,0.20584,0.63503
10.66,-10.9597,0.0136,0.20677,0.63423
10.67,-10.9555,0.0136,0.2077,0.63342
10.68,-10.9513,0.0136,0.20862,0.63262
10.69,-10.947,0.0136,0.20955,0.63182
10.7,-10.9426,0.0136,0.21047,0.63103
10.71,-10.9382,0.01361,0.21139,0.63023
10.72,-10.9338,0.01361,0.21231,0.62944
10.73,-10.9293,0.01361,0.21323,0.62864
10.74,-10.9248,0.01362,0.21414,0.62785
10.75,-10.9203,0.01362,0.21506,0.62706
10.76,-10.9157,0.01362,0.21597,0.62627
10.77,-10.9111,0.01363,0.21688,0.62549
10.78,-10.9064,0.01363,0.21779,0.6247
10.79,-10.9017,0.01364,0.2187,0.62392
10.8,-10.897,0.01364,0.21961,0.62313
10.81,-10.8923,0.01365,0.22051,0.62235
10.82,-10.8875,0.01365,0.22142,0.62157
10.83,-10.8827,0.01366,0.22232,0.62079
10.84,-10.8779,0.01367,0.22322,0.62002
10.85,-10.873,0.01367,0.22412,0.61924
10.86,-10.8681,0.01368,0.22502,0.61847
10.87,-10.8632,0.01369,0.22592,0.61769
10.88,-10.8583,0.01369,0.22681,0.61692
10.89,-10.8533,0.0137,0.22771,0.61615
10.9,-10.8483,0.01371,0.2286,0.61538
10.91,-10.8433,0.01371,0.22949,0.61462
10.92,-10.8383,0.01372,0.23038,0.61385
10.93,-10.8332,0.01373,0.23127,0.61309
10.94,-10.8281,0.01374,0.23215,0.61232
10.95,-10.823,0.01374,0.23304,0.61156
10.96,-10.8179,0.01375,0.23392,0.6108
10.97,-10.8127,0.01376,0.23481,0.61004
10.98,-10.8076,0.01377,0.23569,0.60929
10.99,-10.8024,0.01377,0.23657,0.60853
11.0,-10.7972,0.01378,0.23744,0.60778
11.01,-10.7919,0.01379,0.23832,0.60702
11.02,-10.7867,0.0138,0.2392,0.60627
11.03,-10.7814,0.01381,0.24007,0.60552
11.04,-10.7761,0.01382,0.24094,0.60477
11.05,-10.7708,0.01382,0.24181,0.60403
11.06,-10.7654,0.01383,0.24268,0.60328
11.07,-10.7601,0.01384,0.24355,0.60254
11.08,-10.7547,0.01385,0.24441,0.60179
11.09,-10.7493,0.01386,0.24528,0.60105
11.1,-10.7438,0.01387,0.24614,0.60031
11.11,-10.7384,0.01388,0.247,0.59957
11.12,-10.7329,0.01389,0.24786,0.59883
11.13,-10.7275,0.0139,0.24872,0.5981
11.14,-10.722,0.0139,0.24958,0.59736
11.15,-10.7164,0.01391,0.25044,0.59663
11.16,-10.7109,0.01392,0.25129,0.5959
11.17,-10.7053,0.01393,0.25214,0.59517
11.18,-10.6998,0.01394,0.253,0.59444
11.19,-10.6942,0.01395,0.25385,0.59371
11.2,-10.6886,0.01396,0.2547,0.59298
11.21,-10.6829,0.01397,0.25554,0.59226
11.22,-10.6773,0.01398,0.25639,0.59153
11.23,-10.6716,0.01399,0.25723,0.59081
11.24,-10.6659,0.014,0.25808,0.59009
11.25,-10.6602,0.01401,0.25892,0.58937
11.26,-10.6545,0.01402,0.25976,0.58865
11.27,-10.6487,0.01403,0.2606,0.58793
11.28,-10.6429,0.01404,0.26144,0.58722
11.29,-10.6371,0.01405,0.26227,0.5865
11.3,-10.6313,0.01406,0.26311,0.58579
11.31,-10.6255,0.01407,0.26394,0.58508
11.32,-10.6197,0.01408,0.26477,0.58436
11.33,-10.6138,0.01409,0.2656,0.58366
11.34,-10.6079,0.0141,0.26643,0.58295
11.35,-10.602,0.01411,0.26726,0.58224
11.36,-10.5961,0.01412,0.26808,0.58154
11.37,-10.5902,0.01413,0.26891,0.58083
11.38,-10.5842,0.01414,0.26973,0.58013
11.39,-10.5782,0.01415,0.27055,0.57943
11.4,-10.5722,0.01416,0.27138,0.57873
11.41,-10.5662,0.01417,0.27219,0.57803
11.42,-10.5602,0.01418,0.27301,0.57733
11.43,-10.5541,0.01419,0.27383,0.57664
11.44,-10.5481,0.0142,0.27464,0.57594
11.45,-10.542,0.01421,0.27546,0.57525
11.46,-10.5359,0.01422,0.27627,0.57456
11.47,-10.5297,0.01423,0.27708,0.57387
11.48,-10.5236,0.01424,0.27789,0.57318
11.49,-10.5174,0.01425,0.2787,0.57249
11.5,-10.5112,0.01427,0.2795,0.5718
11.51,-10.505,0.01428,0.28031,0.57112
11.52,-10.4988,0.01429,0.28111,0.57043
11.53,-10.4926,0.0143,0.28192,0.56975
11.54,-10.4863,0.01431,0.28272,0.56907
11.55,-10.4801,0.01432,0.28352,0.56839
11.56,-10.4738,0.01433,0.28432,0.56771
11.57,-10.4674,0.01434,0.28511,0.56703
11.58,-10.4611,0.01435,0.28591,0.56635
11.59,-10.4548,0.01436,0.2867,0.56568
11.6,-10.4484,0.01438,0.28749,0.565
11.61,-10.442,0.01439,0.28829,0.56433
11.62,-10.4356,0.0144,0.28908,0.56366
11.63,-10.4292,0.01441,0.28986,0.56299
11.64,-10.4227,0.01442,0.29065,0.56232
11.65,-10.4163,0.01443,0.29144,0.56165
11.66,-10.4098,0.01444,0.29222,0.56099
11.67,-10.4033,0.01446,0.29301,0.56032
11.68,-10.3968,0.01447,0.29379,0.55966
11.69,-10.3902,0.01448,0.29457,0.559
11.7,-10.3837,0.01449,0.29535,0.55834
11.71,-10.3771,0.0145,0.29613,0.55768
11.72,-10.3705,0.01451,0.2969,0.55702
11.73,-10.3639,0.01453,0.29768,0.55636
11.74,-10.3572,0.01454,0.29845,0.5557
11.75,-10.3506,0.01455,0.29922,0.55505
11.76,-10.3439,0.01456,0.29999,0.5544
11.77,-10.3372,0.01457,0.30076,0.55374
11.78,-10.3305,0.01459,0.30153,0.55309
11.79,-10.3238,0.0146,0.3023,0.55244
11.8,-10.317,0.01461,0.30307,0.55179
11.81,-10.3103,0.01462,0.30383,0.55115
11.82,-10.3035,0.01463,0.30459,0.5505
11.83,-10.2967,0.01465,0.30535,0.54986
11.84,-10.2899,0.01466,0.30611,0.54921
11.85,-10.283,0.01467,0.30687,0.54857
11.86,-10.2762,0.01468,0.30763,0.54793
11.87,-10.2693,0.0147,0.30839,0.54729
11.88,-10.2624,0.01471,0.30914,0.54665
11.89,-10.2555,0.01472,0.3099,0.54601
11.9,-10.2485,0.01473,0.31065,0.54538
11.91,-10.2416,0.01475,0.3114,0.54474
11.92,-10.2346,0.01476,0.31215,0.54411
11.93,-10.2276,0.01477,0.3129,0.54348
11.94,-10.2206,0.01478,0.31364,0.54285
11.95,-10.2136,0.0148,0.31439,0.54222
11.96,-10.2066,0.01481,0.31513,0.54159
11.97,-10.1995,0.01482,0.31588,0.54096
11.98,-10.1924,0.01484,0.31662,0.54033
11.99,-10.1853,0.01485,0.31736,0.53971
12.0,-10.1782,0.01486,0.3181,0.53908
12.01,-10.171,0.01487,0.31884,0.53846
12.02,-10.1639,0.01489,0.31957,0.53784
12.03,-10.1567,0.0149,0.32031,0.53722
12.04,-10.1495,0.01491,0.32104,0.5366
12.05,-10.1423,0.01493,0.32178,0.53598
12.06,-10.1351,0.01494,0.32251,0.53537
12.07,-10.1278,0.01495,0.32324,0.53475
12.08,-10.1205,0.01497,0.32397,0.53414
12.09,-10.1132,0.01498,0.32469,0.53352
12.1,-10.1059,0.01499,0.32542,0.53291
12.11,-10.0986,0.01501,0.32614,0.5323
12.12,-10.0913,0.01502,0.32687,0.53169
12.13,-10.0839,0.01503,0.32759,0.53108
12.14,-10.0765,0.01505,0.32831,0.53048
12.15,-10.0691,0.01506,0.32903,0.52987
12.16,-10.0617,0.01508,0.32975,0.52927
12.17,-10.0543,0.01509,0.33046,0.52866
12.18,-10.0468,0.0151,0.33118,0.52806
12.19,-10.0393,0.01512,0.33189,0.52746
12.2,-10.0318,0.01513,0.33261,0.52686
12.21,-10.0243,0.01515,0.33332,0.52626
12.22,-10.0168,0.01516,0.33403,0.52566
12.23,-10.0092,0.01517,0.33474,0.52507
12.24,-10.0017,0.01519,0.33545,0.52447
12.25,-9.9941,0.0152,0.33615,0.52388
12.26,-9.9865,0.01522,0.33686,0.52328
12.27,-9.9788,0.01523,0.33756,0.52269
12.28,-9.9712,0.01524,0.33827,0.5221
12.29,-9.9635,0.01526,0.33897,0.52151
12.3,-9.9559,0.01527,0.33967,0.52092
12.31,-9.9482,0.01529,0.34037,0.52034
12.32,-9.9404,0.0153,0.34107,0.51975
12.33,-9.9327,0.01532,0.34176,0.51917
12.34,-9.9249,0.01533,0.34246,0.51858
12.35,-9.9172,0.01535,0.34315,0.518
12.36,-9.9094,0.01536,0.34384,0.51742
12.37,-9.9016,0.01538,0.34454,0.51684
12.38,-9.8937,0.01539,0.34523,0.51626
12.39,-9.8859,0.01541,0.34591,0.51568
12.4,-9.878,0.01542,0.3466,0.51511
12.41,-9.8701,0.01544,0.34729,0.51453
12.42,-9.8622,0.01545,0.34797,0.51396
12.43,-9.8543,0.01547,0.34866,0.51338
12.44,-9.8464,0.01548,0.34934,0.51281
12.45,-9.8384,0.0155,0.35002,0.51224
12.46,-9.8305,0.01551,0.3507,0.51167
12.47,-9.8225,0.01553,0.35138,0.5111
12.48,-9.8145,0.01554,0.35206,0.51053
12.49,-9.8064,0.01556,0.35273,0.50997
12.5,-9.7984,0.01557,0.35341,0.5094
12.51,-9.7903,0.01559,0.35408,0.50884
12.52,-9.7822,0.0156,0.35476,0.50827
12.53,-9.7741,0.01562,0.35543,0.50771
12.54,-9.766,0.01564,0.3561,0.50715
12.55,-9.7579,0.01565,0.35677,0.50659
12.56,-9.7497,0.01567,0.35743,0.50603
12.57,-9.7415,0.01568,0.3581,0.50548
12.58,-9.7334,0.0157,0.35877,0.50492
12.59,-9.7251,0.01571,0.35943,0.50437
12.6,-9.7169,0.01573,0.36009,0.50381
12.61,-9.7087,0.01575,0.36075,0.50326
12.62,-9.7004,0.01576,0.36141,0.50271
12.63,-9.6921,0.01578,0.36207,0.50216
12.64,-9.6838,0.01579,0.36273,0.50161
12.65,-9.6755,0.01581,0.36339,0.50106
12.66,-9.6672,0.01583,0.36404,0.50051
12.67,-9.6588,0.01584,0.3647,0.49996
12.68,-9.6504,0.01586,0.36535,0.49942
12.69,-9.6421,0.01588,0.366,0.49888
12.7,-9.6337,0.01589,0.36665,0.49833
12.71,-9.6252,0.01591,0.3673,0.49779
12.72,-9.6168,0.01593,0.36795,0.49725
12.73,-9.6083,0.01594,0.3686,0.49671
12.74,-9.5999,0.01596,0.36924,0.49617
12.75,-9.5914,0.01598,0.36989,0.49564
12.76,-9.5828,0.01599,0.37053,0.4951
12.77,-9.5743,0.01601,0.37117,0.49456
12.78,-9.5658,0.01603,0.37181,0.49403
12.79,-9.5572,0.01604,0.37245,0.4935
12.8,-9.5486,0.01606,0.37309,0.49296
12.81,-9.54,0.01608,0.37373,0.49243
12.82,-9.5314,0.01609,0.37437,0.4919
12.83,-9.5228,0.01611,0.375,0.49138
12.84,-9.5141,0.01613,0.37563,0.49085
12.85,-9.5055,0.01615,0.37627,0.49032
12.86,-9.4968,0.01616,0.3769,0.4898
12.87,-9.4881,0.01618,0.37753,0.48927
12.88,-9.4793,0.0162,0.37816,0.48875
12.89,-9.4706,0.01622,0.37878,0.48823
12.9,-9.4619,0.01623,0.37941,0.4877
12.91,-9.4531,0.01625,0.38004,0.48718
12.92,-9.4443,0.01627,0.38066,0.48667
12.93,-9.4355,0.01629,0.38128,0.48615
12.94,-9.4267,0.0163,0.3819,0.48563
12.95,-9.4178,0.01632,0.38252,0.48512
12.96,-9.409,0.01634,0.38314,0.4846
12.97,-9.4001,0.01636,0.38376,0.48409
12.98,-9.3912,0.01637,0.38438,0.48357
12.99,-9.3823,0.01639,0.385,0.48306
13.0,-9.3734,0.01641,0.38561,0.48255
13.01,-9.3644,0.01643,0.38622,0.48204
13.02,-9.3555,0.01645,0.38684,0.48153
13.03,-9.3465,0.01647,0.38745,0.48103
13.04,-9.3375,0.01648,0.38806,0.48052
13.05,-9.3285,0.0165,0.38867,0.48002
13.06,-9.3195,0.01652,0.38927,0.47951
13.07,-9.3104,0.01654,0.38988,0.47901
13.08,-9.3014,0.01656,0.39048,0.47851
13.09,-9.2923,0.01658,0.39109,0.47801
13.1,-9.2832,0.01659,0.39169,0.47751
13.11,-9.2741,0.01661,0.39229,0.47701
13.12,-9.265,0.01663,0.39289,0.47651
13.13,-9.2558,0.01665,0.39349,0.47601
13.14,-9.2467,0.01667,0.39409,0.47552
13.15,-9.2375,0.01669,0.39469,0.47502
13.16,-9.2283,0.01671,0.39528,0.47453
13.17,-9.2191,0.01673,0.39588,0.47403
13.18,-9.2099,0.01675,0.39647,0.47354
13.19,-9.2006,0.01676,0.39707,0.47305
13.2,-9.1914,0.01678,0.39766,0.47256
13.21,-9.1821,0.0168,0.39825,0.47207
13.22,-9.1728,0.01682,0.39884,0.47159
13.23,-9.1635,0.01684,0.39942,0.4711
13.24,-9.1542,0.01686,0.40001,0.47062
13.25,-9.1449,0.01688,0.4006,0.47013
13.26,-9.1355,0.0169,0.40118,0.46965
13.27,-9.1262,0.01692,0.40176,0.46916
13.28,-9.1168,0.01694,0.40235,0.46868
13.29,-9.1074,0.01696,0.40293,0.4682
13.3,-9.098,0.01698,0.40351,0.46772
13.31,-9.0885,0.017,0.40409,0.46725
13.32,-9.0791,0.01702,0.40466,0.46677
13.33,-9.0696,0.01704,0.40524,0.46629
13.34,-9.0602,0.01706,0.40582,0.46582
13.35,-9.0507,0.01708,0.40639,0.46534
13.36,-9.0412,0.0171,0.40696,0.46487
13.37,-9.0317,0.01712,0.40753,0.4644
13.38,-9.0221,0.01714,0.40811,0.46393
13.39,-9.0126,0.01716,0.40868,0.46346
13.4,-9.003,0.01718,0.40924,0.46299
13.41,-8.9934,0.0172,0.40981,0.46252
13.42,-8.9838,0.01722,0.41038,0.46205
13.43,-8.9742,0.01724,0.41094,0.46158
13.44,-8.9646,0.01726,0.41151,0.46112
13.45,-8.9549,0.01728,0.41207,0.46065
13.46,-8.9453,0.0173,0.41263,0.46019
13.47,-8.9356,0.01732,0.41319,0.45973
13.48,-8.9259,0.01734,0.41375,0.45927
13.49,-8.9162,0.01736,0.41431,0.45881
13.5,-8.9065,0.01738,0.41487,0.45835
13.51,-8.8968,0.01741,0.41542,0.45789
13.52,-8.887,0.01743,0.41598,0.45743
13.53,-8.8773,0.01745,0.41653,0.45698
13.54,-8.8675,0.01747,0.41709,0.45652
13.55,-8.8577,0.01749,0.41764,0.45607
13.56,-8.8479,0.01751,0.41819,0.45561
13.57,-8.8381,0.01753,0.41874,0.45516
13.58,-8.8282,0.01755,0.41929,0.45471
13.59,-8.8184,0.01757,0.41984,0.45426
13.6,-8.8085,0.0176,0.42038,0.45381
13.61,-8.7987,0.01762,0.42093,0.45336
13.62,-8.7888,0.01764,0.42147,0.45291
13.63,-8.7789,0.01766,0.42201,0.45247
13.64,-8.7689,0.01768,0.42256,0.45202
13.65,-8.759,0.0177,0.4231,0.45158
13.66,-8.7491,0.01773,0.42364,0.45113
13.67,-8.7391,0.01775,0.42418,0.45069
13.68,-8.7291,0.01777,0.42471,0.45025
13.69,-8.7191,0.01779,0.42525,0.44981
13.7,-8.7091,0.01781,0.42579,0.44937
13.71,-8.6991,0.01784,0.42632,0.44893
13.72,-8.6891,0.01786,0.42685,0.44849
13.73,-8.6791,0.01788,0.42738,0.44805
13.74,-8.669,0.0179,0.42792,0.44762
13.75,-8.6589,0.01792,0.42845,0.44718
13.76,-8.6488,0.01795,0.42898,0.44675
13.77,-8.6387,0.01797,0.4295,0.44632
13.78,-8.6286,0.01799,0.43003,0.44588
13.79,-8.6185,0.01801,0.43056,0.44545
13.8,-8.6084,0.01804,0.43108,0.44502
13.81,-8.5982,0.01806,0.4316,0.44459
13.82,-8.5881,0.01808,0.43213,0.44417
13.83,-8.5779,0.01811,0.43265,0.44374
13.84,-8.5677,0.01813,0.43317,0.44331
13.85,-8.5575,0.01815,0.43369,0.44289
13.86,-8.5473,0.01817,0.43421,0.44246
13.87,-8.5371,0.0182,0.43472,0.44204
13.88,-8.5268,0.01822,0.43524,0.44162
13.89,-8.5166,0.01824,0.43575,0.44119
13.9,-8.5063,0.01827,0.43627,0.44077
13.91,-8.496,0.01829,0.43678,0.44035
13.92,-8.4857,0.01831,0.43729,0.43993
13.93,-8.4754,0.01834,0.4378,0.43952
13.94,-8.4651,0.01836,0.43831,0.4391
13.95,-8.4548,0.01838,0.43882,0.43868
13.96,-8.4444,0.01841,0.43933,0.43827
13.97,-8.4341,0.01843,0.43984,0.43785
13.98,-8.4237,0.01845,0.44034,0.43744
13.99,-8.4133,0.01848,0.44085,0.43703
14.0,-8.4029,0.0185,0.44135,0.43662
14.01,-8.3925,0.01852,0.44185,0.43621
14.02,-8.3821,0.01855,0.44235,0.4358
14.03,-8.3717,0.01857,0.44285,0.43539
14.04,-8.3613,0.0186,0.44335,0.43498
14.05,-8.3508,0.01862,0.44385,0.43457
14.06,-8.3404,0.01864,0.44435,0.43417
14.07,-8.3299,0.01867,0.44484,0.43376
14.08,-8.3194,0.01869,0.44534,0.43336
14.09,-8.3089,0.01872,0.44583,0.43295
14.1,-8.2984,0.01874,0.44633,0.43255
14.11,-8.2879,0.01877,0.44682,0.43215
14.12,-8.2773,0.01879,0.44731,0.43175
14.13,-8.2668,0.01881,0.4478,0.43135
14.14,-8.2563,0.01884,0.44829,0.43095
14.15,-8.2457,0.01886,0.44878,0.43055
14.16,-8.2351,0.01889,0.44926,0.43016
14.17,-8.2245,0.01891,0.44975,0.42976
14.18,-8.2139,0.01894,0.45023,0.42937
14.19,-8.2033,0.01896,0.45072,0.42897
14.2,-8.1927,0.01899,0.4512,0.42858
14.21,-8.1821,0.01901,0.45168,0.42819
14.22,-8.1714,0.01904,0.45216,0.4278
14.23,-8.1608,0.01906,0.45264,0.42741
14.24,-8.1501,0.01909,0.45312,0.42702
14.25,-8.1394,0.01911,0.4536,0.42663
14.26,-8.1288,0.01914,0.45408,0.42624
14.27,-8.1181,0.01916,0.45455,0.42585
14.28,-8.1074,0.01919,0.45503,0.42547
14.29,-8.0966,0.01922,0.4555,0.42508
14.3,-8.0859,0.01924,0.45597,0.4247
14.31,-8.0752,0.01927,0.45644,0.42431
14.32,-8.0644,0.01929,0.45692,0.42393
14.33,-8.0537,0.01932,0.45738,0.42355
14.34,-8.0429,0.01934,0.45785,0.42317
14.35,-8.0321,0.01937,0.45832,0.42279
14.36,-8.0213,0.01939,0.45879,0.42241
14.37,-8.0105,0.01942,0.45925,0.42203
14.38,-7.9997,0.01945,0.45972,0.42165
14.39,-7.9889,0.01947,0.46018,0.42128
14.4,-7.9781,0.0195,0.46064,0.4209
14.41,-7.9673,0.01953,0.46111,0.42053
14.42,-7.9564,0.01955,0.46157,0.42015
14.43,-7.9456,0.01958,0.46203,0.41978
14.44,-7.9347,0.0196,0.46248,0.41941
14.45,-7.9238,0.01963,0.46294,0.41904
14.46,-7.913,0.01966,0.4634,0.41867
14.47,-7.9021,0.01968,0.46385,0.4183
14.48,-7.8912,0.01971,0.46431,0.41793
14.49,-7.8802,0.01974,0.46476,0.41756
14.5,-7.8693,0.01976,0.46522,0.4172
14.51,-7.8584,0.01979,0.46567,0.41683
14.52,-7.8475,0.01982,0.46612,0.41647
14.53,-7.8365,0.01984,0.46657,0.4161
14.54,-7.8256,0.01987,0.46702,0.41574
14.55,-7.8146,0.0199,0.46746,0.41538
14.56,-7.8036,0.01992,0.46791,0.41501
14.57,-7.7927,0.01995,0.46836,0.41465
14.58,-7.7817,0.01998,0.4688,0.41429
14.59,-7.7707,0.02001,0.46925,0.41393
14.6,-7.7597,0.02003,0.46969,0.41358
14.61,-7.7486,0.02006,0.47013,0.41322
14.62,-7.7376,0.02009,0.47057,0.41286
14.63,-7.7266,0.02012,0.47101,0.41251
14.64,-7.7156,0.02014,0.47145,0.41215
14.65,-7.7045,0.02017,0.47189,0.4118
14.66,-7.6935,0.0202,0.47233,0.41144
14.67,-7.6824,0.02023,0.47276,0.41109
14.68,-7.6713,0.02025,0.4732,0.41074
14.69,-7.6602,0.02028,0.47363,0.41039
14.7,-7.6492,0.02031,0.47406,0.41004
14.71,-7.6381,0.02034,0.4745,0.40969
14.72,-7.627,0.02036,0.47493,0.40934
14.73,-7.6159,0.02039,0.47536,0.409
14.74,-7.6047,0.02042,0.47579,0.40865
14.75,-7.5936,0.02045,0.47622,0.4083
14.76,-7.5825,0.02048,0.47664,0.40796
14.77,-7.5713,0.02051,0.47707,0.40762
14.78,-7.5602,0.02053,0.4775,0.40727
14.79,-7.549,0.02056,0.47792,0.40693
14.8,-7.5379,0.02059,0.47835,0.40659
14.81,-7.5267,0.02062,0.47877,0.40625
14.82,-7.5155,0.02065,0.47919,0.40591
14.83,-7.5044,0.02068,0.47961,0.40557
14.84,-7.4932,0.0207,0.48003,0.40523
14.85,-7.482,0.02073,0.48045,0.40489
14.86,-7.4708,0.02076,0.48087,0.40456
14.87,-7.4596,0.02079,0.48129,0.40422
14.88,-7.4484,0.02082,0.4817,0.40389
14.89,-7.4371,0.02085,0.48212,0.40355
14.9,-7.4259,0.02088,0.48253,0.40322
14.91,-7.4147,0.02091,0.48294,0.40289
14.92,-7.4034,0.02094,0.48336,0.40256
14.93,-7.3922,0.02096,0.48377,0.40223
14.94,-7.3809,0.02099,0.48418,0.4019
14.95,-7.3697,0.02102,0.48459,0.40157
14.96,-7.3584,0.02105,0.485,0.40124
14.97,-7.3472,0.02108,0.48541,0.40091
14.98,-7.3359,0.02111,0.48581,0.40058
14.99,-7.3246,0.02114,0.48622,0.40026
15.0,-7.3133,0.02117,0.48662,0.39993
15.01,-7.302,0.0212,0.48703,0.39961
15.02,-7.2907,0.02123,0.48743,0.39929
15.03,-7.2794,0.02126,0.48783,0.39896
15.04,-7.2681,0.02129,0.48823,0.39864
15.05,-7.2568,0.02132,0.48863,0.39832
15.06,-7.2455,0.02135,0.48903,0.398
15.07,-7.2341,0.02138,0.48943,0.39768
15.08,-7.2228,0.02141,0.48983,0.39736
15.09,-7.2115,0.02144,0.49023,0.39704
15.1,-7.2001,0.02147,0.49062,0.39673
15.11,-7.1888,0.0215,0.49102,0.39641
15.12,-7.1774,0.02153,0.49141,0.39609
15.13,-7.1661,0.02156,0.49181,0.39578
15.14,-7.1547,0.02159,0.4922,0.39547
15.15,-7.1434,0.02162,0.49259,0.39515
15.16,-7.132,0.02165,0.49298,0.39484
15.17,-7.1206,0.02168,0.49337,0.39453
15.18,-7.1092,0.02171,0.49376,0.39422
15.19,-7.0979,0.02174,0.49415,0.39391
15.2,-7.0865,0.02177,0.49453,0.3936
15.21,-7.0751,0.0218,0.49492,0.39329
15.22,-7.0637,0.02183,0.4953,0.39298
15.23,-7.0523,0.02187,0.49569,0.39268
15.24,-7.0409,0.0219,0.49607,0.39237
15.25,-7.0295,0.02193,0.49645,0.39207
15.26,-7.018,0.02196,0.49683,0.39176
15.27,-7.0066,0.02199,0.49722,0.39146
15.28,-6.9952,0.02202,0.4976,0.39115
15.29,-6.9838,0.02205,0.49797,0.39085
15.3,-6.9724,0.02208,0.49835,0.39055
15.31,-6.9609,0.02211,0.49873,0.39025
15.32,-6.9495,0.02215,0.49911,0.38995
15.33,-6.938,0.02218,0.49948,0.38965
15.34,-6.9266,0.02221,0.49986,0.38935
15.35,-6.9152,0.02224,0.50023,0.38905
15.36,-6.9037,0.02227,0.5006,0.38876
15.37,-6.8922,0.0223,0.50097,0.38846
15.38,-6.8808,0.02233,0.50134,0.38817
15.39,-6.8693,0.02237,0.50171,0.38787
15.4,-6.8579,0.0224,0.50208,0.38758
15.41,-6.8464,0.02243,0.50245,0.38729
15.42,-6.8349,0.02246,0.50282,0.38699
15.43,-6.8235,0.02249,0.50319,0.3867
15.44,-6.812,0.02253,0.50355,0.38641
15.45,-6.8005,0.02256,0.50392,0.38612
15.46,-6.789,0.02259,0.50428,0.38583
15.47,-6.7775,0.02262,0.50464,0.38554
15.48,-6.7661,0.02265,0.505,0.38526
15.49,-6.7546,0.02269,0.50537,0.38497
15.5,-6.7431,0.02272,0.50573,0.38468
15.51,-6.7316,0.02275,0.50609,0.3844
15.52,-6.7201,0.02278,0.50645,0.38411
15.53,-6.7086,0.02282,0.5068,0.38383
15.54,-6.6971,0.02285,0.50716,0.38354
15.55,-6.6856,0.02288,0.50752,0.38326
15.56,-6.6741,0.02291,0.50787,0.38298
15.57,-6.6626,0.02295,0.50823,0.3827
15.58,-6.6511,0.02298,0.50858,0.38242
15.59,-6.6396,0.02301,0.50893,0.38214
15.6,-6.6281,0.02304,0.50928,0.38186
15.61,-6.6165,0.02308,0.50964,0.38158
15.62,-6.605,0.02311,0.50999,0.38131
15.63,-6.5935,0.02314,0.51033,0.38103
15.64,-6.582,0.02318,0.51068,0.38075
15.65,-6.5705,0.02321,0.51103,0.38048
15.66,-6.559,0.02324,0.51138,0.3802
15.67,-6.5474,0.02328,0.51172,0.37993
15.68,-6.5359,0.02331,0.51207,0.37966
15.69,-6.5244,0.02334,0.51241,0.37938
15.7,-6.5129,0.02338,0.51276,0.37911
15.71,-6.5013,0.02341,0.5131,0.37884
15.72,-6.4898,0.02344,0.51344,0.37857
15.73,-6.4783,0.02348,0.51378,0.3783
15.74,-6.4668,0.02351,0.51412,0.37803
15.75,-6.4552,0.02354,0.51446,0.37777
15.76,-6.4437,0.02358,0.5148,0.3775
15.77,-6.4322,0.02361,0.51514,0.37723
15.78,-6.4206,0.02364,0.51547,0.37697
15.79,-6.4091,0.02368,0.51581,0.3767
15.8,-6.3976,0.02371,0.51615,0.37644
15.81,-6.386,0.02375,0.51648,0.37617
15.82,-6.3745,0.02378,0.51681,0.37591
15.83,-6.363,0.02381,0.51715,0.37565
15.84,-6.3514,0.02385,0.51748,0.37539
15.85,-6.3399,0.02388,0.51781,0.37513
15.86,-6.3283,0.02392,0.51814,0.37487
15.87,-6.3168,0.02395,0.51847,0.37461
15.88,-6.3053,0.02398,0.5188,0.37435
15.89,-6.2937,0.02402,0.51912,0.37409
15.9,-6.2822,0.02405,0.51945,0.37383
15.91,-6.2707,0.02409,0.51978,0.37358
15.92,-6.2591,0.02412,0.5201,0.37332
15.93,-6.2476,0.02416,0.52043,0.37307
15.94,-6.2361,0.02419,0.52075,0.37281
15.95,-6.2245,0.02422,0.52107,0.37256
15.96,-6.213,0.02426,0.5214,0.37231
15.97,-6.2015,0.02429,0.52172,0.37205
15.98,-6.1899,0.02433,0.52204,0.3718
15.99,-6.1784,0.02436,0.52236,0.37155
16.0,-6.1669,0.0244,0.52268,0.3713
16.01,-6.1553,0.02443,0.52299,0.37105
16.02,-6.1438,0.02447,0.52331,0.3708
16.03,-6.1323,0.0245,0.52363,0.37055
16.04,-6.1207,0.02454,0.52394,0.37031
16.05,-6.1092,0.02457,0.52426,0.37006
16.06,-6.0977,0.02461,0.52457,0.36981
16.07,-6.0862,0.02464,0.52489,0.36957
16.08,-6.0746,0.02468,0.5252,0.36932
16.09,-6.0631,0.02471,0.52551,0.36908
16.1,-6.0516,0.02475,0.52582,0.36884
16.11,-6.0401,0.02478,0.52613,0.36859
16.12,-6.0286,0.02482,0.52644,0.36835
16.13,-6.017,0.02486,0.52675,0.36811
16.14,-6.0055,0.02489,0.52706,0.36787
16.15,-5.994,0.02493,0.52736,0.36763
16.16,-5.9825,0.02496,0.52767,0.36739
16.17,-5.971,0.025,0.52797,0.36715
16.18,-5.9595,0.02503,0.52828,0.36691
16.19,-5.948,0.02507,0.52858,0.36668
16.2,-5.9365,0.0251,0.52889,0.36644
16.21,-5.925,0.02514,0.52919,0.3662
16.22,-5.9135,0.02518,0.52949,0.36597
16.23,-5.902,0.02521,0.52979,0.36573
16.24,-5.8905,0.02525,0.53009,0.3655
16.25,-5.879,0.02528,0.53039,0.36527
16.26,-5.8675,0.02532,0.53069,0.36504
16.27,-5.856,0.02536,0.53098,0.3648
16.28,-5.8445,0.02539,0.53128,0.36457
16.29,-5.833,0.02543,0.53158,0.36434
16.3,-5.8215,0.02546,0.53187,0.36411
16.31,-5.81,0.0255,0.53217,0.36388
16.32,-5.7986,0.02554,0.53246,0.36365
16.33,-5.7871,0.02557,0.53275,0.36343
16.34,-5.7756,0.02561,0.53305,0.3632
16.35,-5.7641,0.02565,0.53334,0.36297
16.36,-5.7527,0.02568,0.53363,0.36275
16.37,-5.7412,0.02572,0.53392,0.36252
16.38,-5.7297,0.02575,0.53421,0.3623
16.39,-5.7183,0.02579,0.5345,0.36207
16.4,-5.7068,0.02583,0.53478,0.36185
16.41,-5.6954,0.02586,0.53507,0.36163
16.42,-5.6839,0.0259,0.53536,0.3614
16.43,-5.6725,0.02594,0.53564,0.36118
16.44,-5.661,0.02597,0.53593,0.36096
16.45,-5.6496,0.02601,0.53621,0.36074
16.46,-5.6381,0.02605,0.53649,0.36052
16.47,-5.6267,0.02609,0.53677,0.3603
16.48,-5.6153,0.02612,0.53706,0.36009
16.49,-5.6039,0.02616,0.53734,0.35987
16.5,-5.5924,0.0262,0.53762,0.35965
16.51,-5.581,0.02623,0.5379,0.35944
16.52,-5.5696,0.02627,0.53818,0.35922
16.53,-5.5582,0.02631,0.53845,0.359
16.54,-5.5468,0.02634,0.53873,0.35879
16.55,-5.5354,0.02638,0.53901,0.35858
16.56,-5.524,0.02642,0.53928,0.35836
16.57,-5.5126,0.02646,0.53956,0.35815
16.58,-5.5012,0.02649,0.53983,0.35794
16.59,-5.4898,0.02653,0.5401,0.35773
16.6,-5.4784,0.02657,0.54038,0.35752
16.61,-5.467,0.02661,0.54065,0.35731
16.62,-5.4556,0.02664,0.54092,0.3571
16.63,-5.4443,0.02668,0.54119,0.35689
16.64,-5.4329,0.02672,0.54146,0.35668
16.65,-5.4215,0.02676,0.54173,0.35647
16.66,-5.4102,0.02679,0.542,0.35627
16.67,-5.3988,0.02683,0.54227,0.35606
16.68,-5.3875,0.02687,0.54253,0.35586
16.69,-5.3761,0.02691,0.5428,0.35565
16.7,-5.3648,0.02694,0.54306,0.35545
16.71,-5.3534,0.02698,0.54333,0.35524
16.72,-5.3421,0.02702,0.54359,0.35504
16.73,-5.3308,0.02706,0.54385,0.35484
16.74,-5.3194,0.0271,0.54412,0.35464
16.75,-5.3081,0.02713,0.54438,0.35443
16.76,-5.2968,0.02717,0.54464,0.35423
16.77,-5.2855,0.02721,0.5449,0.35403
16.78,-5.2742,0.02725,0.54516,0.35383
16.79,-5.2629,0.02729,0.54542,0.35364
16.8,-5.2516,0.02732,0.54568,0.35344
16.81,-5.2403,0.02736,0.54593,0.35324
16.82,-5.229,0.0274,0.54619,0.35304
16.83,-5.2177,0.02744,0.54645,0.35285
16.84,-5.2065,0.02748,0.5467,0.35265
16.85,-5.1952,0.02752,0.54696,0.35246
16.86,-5.1839,0.02755,0.54721,0.35226
16.87,-5.1727,0.02759,0.54746,0.35207
16.88,-5.1614,0.02763,0.54772,0.35187
16.89,-5.1502,0.02767,0.54797,0.35168
16.9,-5.1389,0.02771,0.54822,0.35149
16.91,-5.1277,0.02775,0.54847,0.3513
16.92,-5.1165,0.02779,0.54872,0.35111
16.93,-5.1052,0.02782,0.54897,0.35092
16.94,-5.094,0.02786,0.54922,0.35073
16.95,-5.0828,0.0279,0.54946,0.35054
16.96,-5.0716,0.02794,0.54971,0.35035
16.97,-5.0604,0.02798,0.54996,0.35016
16.98,-5.0492,0.02802,0.5502,0.34997
16.99,-5.038,0.02806,0.55045,0.34979
17.0,-5.0268,0.0281,0.55069,0.3496
17.01,-5.0156,0.02813,0.55093,0.34942
17.02,-5.0045,0.02817,0.55118,0.34923
17.03,-4.9933,0.02821,0.55142,0.34905
17.04,-4.9821,0.02825,0.55166,0.34886
17.05,-4.971,0.02829,0.5519,0.34868
17.06,-4.9598,0.02833,0.55214,0.3485
17.07,-4.9487,0.02837,0.55238,0.34831
17.08,-4.9376,0.02841,0.55262,0.34813
17.09,-4.9264,0.02845,0.55286,0.34795
17.1,-4.9153,0.02849,0.55309,0.34777
17.11,-4.9042,0.02853,0.55333,0.34759
17.12,-4.8931,0.02856,0.55357,0.34741
17.13,-4.882,0.0286,0.5538,0.34723
17.14,-4.8709,0.02864,0.55404,0.34706
17.15,-4.8598,0.02868,0.55427,0.34688
17.16,-4.8487,0.02872,0.5545,0.3467
17.17,-4.8376,0.02876,0.55474,0.34653
17.18,-4.8266,0.0288,0.55497,0.34635
17.19,-4.8155,0.02884,0.5552,0.34617
17.2,-4.8044,0.02888,0.55543,0.346
17.21,-4.7934,0.02892,0.55566,0.34583
17.22,-4.7823,0.02896,0.55589,0.34565
17.23,-4.7713,0.029,0.55612,0.34548
17.24,-4.7603,0.02904,0.55634,0.34531
17.25,-4.7492,0.02908,0.55657,0.34513
17.26,-4.7382,0.02912,0.5568,0.34496
17.27,-4.7272,0.02916,0.55702,0.34479
17.28,-4.7162,0.0292,0.55725,0.34462
17.29,-4.7052,0.02924,0.55747,0.34445
17.3,-4.6942,0.02928,0.5577,0.34428
17.31,-4.6833,0.02932,0.55792,0.34412
17.32,-4.6723,0.02936,0.55814,0.34395
17.33,-4.6613,0.0294,0.55836,0.34378
17.34,-4.6504,0.02944,0.55859,0.34361
17.35,-4.6394,0.02947,0.55881,0.34345
17.36,-4.6285,0.02951,0.55903,0.34328
17.37,-4.6175,0.02955,0.55925,0.34312
17.38,-4.6066,0.02959,0.55946,0.34295
17.39,-4.5957,0.02963,0.55968,0.34279
17.4,-4.5848,0.02967,0.5599,0.34262
17.41,-4.5739,0.02971,0.56012,0.34246
17.42,-4.563,0.02975,0.56033,0.3423
17.43,-4.5521,0.0298,0.56055,0.34214
17.44,-4.5412,0.02984,0.56076,0.34198
17.45,-4.5303,0.02988,0.56098,0.34182
17.46,-4.5195,0.02992,0.56119,0.34165
17.47,-4.5086,0.02996,0.5614,0.3415
17.48,-4.4977,0.03,0.56161,0.34134
17.49,-4.4869,0.03004,0.56182,0.34118
17.5,-4.4761,0.03008,0.56204,0.34102
17.51,-4.4652,0.03012,0.56225,0.34086
17.52,-4.4544,0.03016,0.56246,0.3407
17.53,-4.4436,0.0302,0.56266,0.34055
17.54,-4.4328,0.03024,0.56287,0.34039
17.55,-4.422,0.03028,0.56308,0.34024
17.56,-4.4112,0.03032,0.56329,0.34008
17.57,-4.4004,0.03036,0.56349,0.33993
17.58,-4.3897,0.0304,0.5637,0.33977
17.59,-4.3789,0.03044,0.5639,0.33962
17.6,-4.3682,0.03048,0.56411,0.33947
17.61,-4.3574,0.03052,0.56431,0.33932
17.62,-4.3467,0.03056,0.56452,0.33916
17.63,-4.3359,0.0306,0.56472,0.33901
17.64,-4.3252,0.03064,0.56492,0.33886
17.65,-4.3145,0.03068,0.56512,0.33871
17.66,-4.3038,0.03072,0.56532,0.33856
17.67,-4.2931,0.03076,0.56552,0.33841
17.68,-4.2824,0.03081,0.56572,0.33826
17.69,-4.2718,0.03085,0.56592,0.33812
17.7,-4.2611,0.03089,0.56612,0.33797
17.71,-4.2504,0.03093,0.56632,0.33782
17.72,-4.2398,0.03097,0.56651,0.33768
17.73,-4.2291,0.03101,0.56671,0.33753
17.74,-4.2185,0.03105,0.5669,0.33738
17.75,-4.2079,0.03109,0.5671,0.33724
17.76,-4.1972,0.03113,0.56729,0.33709
17.77,-4.1866,0.03117,0.56749,0.33695
17.78,-4.176,0.03121,0.56768,0.33681
17.79,-4.1655,0.03125,0.56787,0.33666
17.8,-4.1549,0.0313,0.56807,0.33652
17.81,-4.1443,0.03134,0.56826,0.33638
17.82,-4.1337,0.03138,0.56845,0.33624
17.83,-4.1232,0.03142,0.56864,0.3361
17.84,-4.1126,0.03146,0.56883,0.33596
17.85,-4.1021,0.0315,0.56902,0.33582
17.86,-4.0916,0.03154,0.56921,0.33568
17.87,-4.0811,0.03158,0.56939,0.33554
17.88,-4.0705,0.03162,0.56958,0.3354
17.89,-4.06,0.03166,0.56977,0.33526
17.9,-4.0496,0.03171,0.56995,0.33513
17.91,-4.0391,0.03175,0.57014,0.33499
17.92,-4.0286,0.03179,0.57032,0.33485
17.93,-4.0181,0.03183,0.57051,0.33472
17.94,-4.0077,0.03187,0.57069,0.33458
17.95,-3.9972,0.03191,0.57087,0.33445
17.96,-3.9868,0.03195,0.57106,0.33431
17.97,-3.9764,0.03199,0.57124,0.33418
17.98,-3.966,0.03203,0.57142,0.33404
17.99,-3.9556,0.03208,0.5716,0.33391
18.0,-3.9452,0.03212,0.57178,0.33378
18.01,-3.9348,0.03216,0.57196,0.33365
18.02,-3.9244,0.0322,0.57214,0.33351
18.03,-3.914,0.03224,0.57232,0.33338
18.04,-3.9037,0.03228,0.57249,0.33325
18.05,-3.8933,0.03232,0.57267,0.33312
18.06,-3.883,0.03236,0.57285,0.33299
18.07,-3.8726,0.03241,0.57302,0.33286
18.08,-3.8623,0.03245,0.5732,0.33274
18.09,-3.852,0.03249,0.57337,0.33261
18.1,-3.8417,0.03253,0.57355,0.33248
18.11,-3.8314,0.03257,0.57372,0.33235
18.12,-3.8211,0.03261,0.5739,0.33223
18.13,-3.8109,0.03265,0.57407,0.3321
18.14,-3.8006,0.0327,0.57424,0.33197
18.15,-3.7904,0.03274,0.57441,0.33185
18.16,-3.7801,0.03278,0.57458,0.33172
18.17,-3.7699,0.03282,0.57475,0.3316
18.18,-3.7597,0.03286,0.57492,0.33148
18.19,-3.7495,0.0329,0.57509,0.33135
18.2,-3.7393,0.03294,0.57526,0.33123
18.21,-3.7291,0.03299,0.57543,0.33111
18.22,-3.7189,0.03303,0.57559,0.33098
18.23,-3.7087,0.03307,0.57576,0.33086
18.24,-3.6985,0.03311,0.57593,0.33074
18.25,-3.6884,0.03315,0.57609,0.33062
18.26,-3.6783,0.03319,0.57626,0.3305
18.27,-3.6681,0.03324,0.57642,0.33038
18.28,-3.658,0.03328,0.57659,0.33026
18.29,-3.6479,0.03332,0.57675,0.33014
18.3,-3.6378,0.03336,0.57691,0.33003
18.31,-3.6277,0.0334,0.57708,0.32991
18.32,-3.6176,0.03344,0.57724,0.32979
18.33,-3.6076,0.03349,0.5774,0.32967
18.34,-3.5975,0.03353,0.57756,0.32956
18.35,-3.5874,0.03357,0.57772,0.32944
18.36,-3.5774,0.03361,0.57788,0.32933
18.37,-3.5674,0.03365,0.57804,0.32921
18.38,-3.5574,0.03369,0.5782,0.3291
18.39,-3.5474,0.03374,0.57835,0.32898
18.4,-3.5374,0.03378,0.57851,0.32887
18.41,-3.5274,0.03382,0.57867,0.32875
18.42,-3.5174,0.03386,0.57882,0.32864
18.43,-3.5074,0.0339,0.57898,0.32853
18.44,-3.4975,0.03394,0.57913,0.32842
18.45,-3.4875,0.03399,0.57929,0.32831
18.46,-3.4776,0.03403,0.57944,0.32819
18.47,-3.4677,0.03407,0.5796,0.32808
18.48,-3.4578,0.03411,0.57975,0.32797
18.49,-3.4479,0.03415,0.5799,0.32786
18.5,-3.438,0.03419,0.58005,0.32775
18.51,-3.4281,0.03424,0.58021,0.32765
18.52,-3.4182,0.03428,0.58036,0.32754
18.53,-3.4084,0.03432,0.58051,0.32743
18.54,-3.3985,0.03436,0.58066,0.32732
18.55,-3.3887,0.0344,0.58081,0.32721
18.56,-3.3789,0.03445,0.58095,0.32711
18.57,-3.369,0.03449,0.5811,0.327
18.58,-3.3592,0.03453,0.58125,0.3269
18.59,-3.3494,0.03457,0.5814,0.32679
18.6,-3.3397,0.03461,0.58154,0.32669
18.61,-3.3299,0.03465,0.58169,0.32658
18.62,-3.3201,0.0347,0.58183,0.32648
18.63,-3.3104,0.03474,0.58198,0.32637
18.64,-3.3006,0.03478,0.58212,0.32627
18.65,-3.2909,0.03482,0.58227,0.32617
18.66,-3.2812,0.03486,0.58241,0.32606
18.67,-3.2715,0.03491,0.58255,0.32596
18.68,-3.2618,0.03495,0.5827,0.32586
18.69,-3.2521,0.03499,0.58284,0.32576
18.7,-3.2424,0.03503,0.58298,0.32566
18.71,-3.2328,0.03507,0.58312,0.32556
18.72,-3.2231,0.03511,0.58326,0.32546
18.73,-3.2135,0.03516,0.5834,0.32536
18.74,-3.2039,0.0352,0.58354,0.32526
18.75,-3.1942,0.03524,0.58368,0.32516
18.76,-3.1846,0.03528,0.58382,0.32506
18.77,-3.175,0.03532,0.58395,0.32497
18.78,-3.1654,0.03537,0.58409,0.32487
18.79,-3.1559,0.03541,0.58423,0.32477
18.8,-3.1463,0.03545,0.58436,0.32468
18.81,-3.1368,0.03549,0.5845,0.32458
18.82,-3.1272,0.03553,0.58463,0.32448
18.83,-3.1177,0.03557,0.58477,0.32439
18.84,-3.1082,0.03562,0.5849,0.32429
18.85,-3.0987,0.03566,0.58504,0.3242
18.86,-3.0892,0.0357,0.58517,0.3241
18.87,-3.0797,0.03574,0.5853,0.32401
18.88,-3.0702,0.03578,0.58543,0.32392
18.89,-3.0608,0.03583,0.58556,0.32382
18.9,-3.0513,0.03587,0.5857,0.32373
18.91,-3.0419,0.03591,0.58583,0.32364
18.92,-3.0325,0.03595,0.58596,0.32355
18.93,-3.023,0.03599,0.58609,0.32346
18.94,-3.0136,0.03603,0.58621,0.32337
18.95,-3.0042,0.03608,0.58634,0.32328
18.96,-2.9949,0.03612,0.58647,0.32319
18.97,-2.9855,0.03616,0.5866,0.3231
18.98,-2.9761,0.0362,0.58673,0.32301
18.99,-2.9668,0.03624,0.58685,0.32292
19.0,-2.9575,0.03629,0.58698,0.32283
19.01,-2.9481,0.03633,0.5871,0.32274
19.02,-2.9388,0.03637,0.58723,0.32265
19.03,-2.9295,0.03641,0.58735,0.32257
19.04,-2.9202,0.03645,0.58748,0.32248
19.05,-2.911,0.03649,0.5876,0.32239
19.06,-2.9017,0.03654,0.58772,0.32231
19.07,-2.8924,0.03658,0.58785,0.32222
19.08,-2.8832,0.03662,0.58797,0.32214
19.09,-2.874,0.03666,0.58809,0.32205
19.1,-2.8647,0.0367,0.58821,0.32197
19.11,-2.8555,0.03675,0.58833,0.32188
19.12,-2.8463,0.03679,0.58845,0.3218
19.13,-2.8372,0.03683,0.58857,0.32171
19.14,-2.828,0.03687,0.58869,0.32163
19.15,-2.8188,0.03691,0.58881,0.32155
19.16,-2.8097,0.03695,0.58893,0.32147
19.17,-2.8005,0.037,0.58905,0.32138
19.18,-2.7914,0.03704,0.58916,0.3213
19.19,-2.7823,0.03708,0.58928,0.32122
19.2,-2.7732,0.03712,0.5894,0.32114
19.21,-2.7641,0.03716,0.58951,0.32106
19.22,-2.755,0.0372,0.58963,0.32098
19.23,-2.746,0.03725,0.58974,0.3209
19.24,-2.7369,0.03729,0.58986,0.32082
19.25,-2.7279,0.03733,0.58997,0.32074
19.26,-2.7188,0.03737,0.59008,0.32066
19.27,-2.7098,0.03741,0.5902,0.32059
19.28,-2.7008,0.03745,0.59031,0.32051
19.29,-2.6918,0.0375,0.59042,0.32043
19.3,-2.6828,0.03754,0.59053,0.32035
19.31,-2.6739,0.03758,0.59065,0.32028
19.32,-2.6649,0.03762,0.59076,0.3202
19.33,-2.656,0.03766,0.59087,0.32013
19.34,-2.647,0.0377,0.59098,0.32005
19.35,-2.6381,0.03775,0.59109,0.31997
19.36,-2.6292,0.03779,0.59119,0.3199
19.37,-2.6203,0.03783,0.5913,0.31982
19.38,-2.6114,0.03787,0.59141,0.31975
19.39,-2.6025,0.03791,0.59152,0.31968
19.4,-2.5937,0.03795,0.59163,0.3196
19.41,-2.5848,0.03799,0.59173,0.31953
19.42,-2.576,0.03804,0.59184,0.31946
19.43,-2.5671,0.03808,0.59194,0.31939
19.44,-2.5583,0.03812,0.59205,0.31931
19.45,-2.5495,0.03816,0.59215,0.31924
19.46,-2.5407,0.0382,0.59226,0.31917
19.47,-2.5319,0.03824,0.59236,0.3191
19.48,-2.5232,0.03828,0.59247,0.31903
19.49,-2.5144,0.03833,0.59257,0.31896
19.5,-2.5057,0.03837,0.59267,0.31889
19.51,-2.497,0.03841,0.59277,0.31882
19.52,-2.4882,0.03845,0.59287,0.31875
19.53,-2.4795,0.03849,0.59298,0.31868
19.54,-2.4708,0.03853,0.59308,0.31861
19.55,-2.4621,0.03857,0.59318,0.31854
19.56,-2.4535,0.03862,0.59328,0.31848
19.57,-2.4448,0.03866,0.59338,0.31841
19.58,-2.4362,0.0387,0.59348,0.31834
19.59,-2.4275,0.03874,0.59357,0.31828
19.6,-2.4189,0.03878,0.59367,0.31821
19.61,-2.4103,0.03882,0.59377,0.31814
19.62,-2.4017,0.03886,0.59387,0.31808
19.63,-2.3931,0.0389,0.59396,0.31801
19.64,-2.3845,0.03895,0.59406,0.31795
19.65,-2.376,0.03899,0.59416,0.31788
19.66,-2.3674,0.03903,0.59425,0.31782
19.67,-2.3589,0.03907,0.59435,0.31775
19.68,-2.3504,0.03911,0.59444,0.31769
19.69,-2.3419,0.03915,0.59453,0.31763
19.7,-2.3334,0.03919,0.59463,0.31756
19.71,-2.3249,0.03923,0.59472,0.3175
19.72,-2.3164,0.03927,0.59481,0.31744
19.73,-2.3079,0.03932,0.59491,0.31738
19.74,-2.2995,0.03936,0.595,0.31731
19.75,-2.291,0.0394,0.59509,0.31725
19.76,-2.2826,0.03944,0.59518,0.31719
19.77,-2.2742,0.03948,0.59527,0.31713
19.78,-2.2658,0.03952,0.59536,0.31707
19.79,-2.2574,0.03956,0.59545,0.31701
19.8,-2.249,0.0396,0.59554,0.31695
19.81,-2.2407,0.03964,0.59563,0.31689
19.82,-2.2323,0.03968,0.59572,0.31683
19.83,-2.224,0.03973,0.59581,0.31677
19.84,-2.2157,0.03977,0.5959,0.31672
19.85,-2.2073,0.03981,0.59598,0.31666
19.86,-2.199,0.03985,0.59607,0.3166
19.87,-2.1907,0.03989,0.59616,0.31654
19.88,-2.1825,0.03993,0.59624,0.31648
19.89,-2.1742,0.03997,0.59633,0.31643
19.9,-2.1659,0.04001,0.59641,0.31637
19.91,-2.1577,0.04005,0.5965,0.31632
19.92,-2.1495,0.04009,0.59658,0.31626
19.93,-2.1413,0.04013,0.59667,0.3162
19.94,-2.1331,0.04017,0.59675,0.31615
19.95,-2.1249,0.04021,0.59684,0.31609
19.96,-2.1167,0.04026,0.59692,0.31604
19.97,-2.1085,0.0403,0.597,0.31598
19.98,-2.1004,0.04034,0.59708,0.31593
19.99,-2.0922,0.04038,0.59716,0.31588
20.0,-2.0841,0.04042,0.59725,0.31582
20.01,-2.076,0.04046,0.59733,0.31577
20.02,-2.0679,0.0405,0.59741,0.31572
20.03,-2.0598,0.04054,0.59749,0.31566
20.04,-2.0517,0.04058,0.59757,0.31561
20.05,-2.0436,0.04062,0.59765,0.31556
20.06,-2.0356,0.04066,0.59772,0.31551
20.07,-2.0275,0.0407,0.5978,0.31546
20.08,-2.0195,0.04074,0.59788,0.31541
20.09,-2.0115,0.04078,0.59796,0.31536
20.1,-2.0035,0.04082,0.59804,0.31531
20.11,-1.9955,0.04086,0.59811,0.31526
20.12,-1.9875,0.0409,0.59819,0.31521
20.13,-1.9796,0.04094,0.59827,0.31516
20.14,-1.9716,0.04098,0.59834,0.31511
20.15,-1.9637,0.04102,0.59842,0.31506
20.16,-1.9557,0.04106,0.59849,0.31501
20.17,-1.9478,0.0411,0.59857,0.31496
20.18,-1.9399,0.04114,0.59864,0.31491
20.19,-1.932,0.04118,0.59871,0.31487
20.2,-1.9241,0.04122,0.59879,0.31482
20.21,-1.9163,0.04126,0.59886,0.31477
20.22,-1.9084,0.0413,0.59893,0.31472
20.23,-1.9006,0.04134,0.59901,0.31468
20.24,-1.8927,0.04138,0.59908,0.31463
20.25,-1.8849,0.04142,0.59915,0.31459
20.26,-1.8771,0.04146,0.59922,0.31454
20.27,-1.8693,0.0415,0.59929,0.31449
20.28,-1.8616,0.04154,0.59936,0.31445
20.29,-1.8538,0.04158,0.59943,0.31441
20.3,-1.846,0.04162,0.5995,0.31436
20.31,-1.8383,0.04166,0.59957,0.31432
20.32,-1.8306,0.0417,0.59964,0.31427
20.33,-1.8229,0.04174,0.59971,0.31423
20.34,-1.8152,0.04178,0.59977,0.31419
20.35,-1.8075,0.04182,0.59984,0.31414
20.36,-1.7998,0.04186,0.59991,0.3141
20.37,-1.7921,0.0419,0.59998,0.31406
20.38,-1.7845,0.04194,0.60004,0.31401
20.39,-1.7768,0.04198,0.60011,0.31397
20.4,-1.7692,0.04202,0.60017,0.31393
20.41,-1.7616,0.04206,0.60024,0.31389
20.42,-1.754,0.0421,0.60031,0.31385
20.43,-1.7464,0.04214,0.60037,0.31381
20.44,-1.7388,0.04218,0.60043,0.31377
20.45,-1.7313,0.04222,0.6005,0.31373
20.46,-1.7237,0.04226,0.60056,0.31369
20.47,-1.7162,0.0423,0.60063,0.31365
20.48,-1.7087,0.04234,0.60069,0.31361
20.49,-1.7011,0.04237,0.60075,0.31357
20.5,-1.6936,0.04241,0.60081,0.31353
20.51,-1.6862,0.04245,0.60087,0.31349
20.52,-1.6787,0.04249,0.60094,0.31345
20.53,-1.6712,0.04253,0.601,0.31341
20.54,-1.6638,0.04257,0.60106,0.31338
20.55,-1.6563,0.04261,0.60112,0.31334
20.56,-1.6489,0.04265,0.60118,0.3133
20.57,-1.6415,0.04269,0.60124,0.31326
20.58,-1.6341,0.04273,0.6013,0.31323
20.59,-1.6267,0.04277,0.60136,0.31319
20.6,-1.6193,0.04281,0.60141,0.31315
20.61,-1.612,0.04284,0.60147,0.31312
20.62,-1.6046,0.04288,0.60153,0.31308
20.63,-1.5973,0.04292,0.60159,0.31305
20.64,-1.59,0.04296,0.60165,0.31301
20.65,-1.5827,0.043,0.6017,0.31298
20.66,-1.5754,0.04304,0.60176,0.31294
20.67,-1.5681,0.04308,0.60181,0.31291
20.68,-1.5608,0.04312,0.60187,0.31287
20.69,-1.5536,0.04315,0.60193,0.31284
20.7,-1.5463,0.04319,0.60198,0.31281
20.71,-1.5391,0.04323,0.60204,0.31277
20.72,-1.5319,0.04327,0.60209,0.31274
20.73,-1.5247,0.04331,0.60214,0.31271
20.74,-1.5175,0.04335,0.6022,0.31267
20.75,-1.5103,0.04339,0.60225,0.31264
20.76,-1.5031,0.04342,0.6023,0.31261
20.77,-1.496,0.04346,0.60236,0.31258
20.78,-1.4888,0.0435,0.60241,0.31254
20.79,-1.4817,0.04354,0.60246,0.31251
20.8,-1.4746,0.04358,0.60251,0.31248
20.81,-1.4675,0.04362,0.60256,0.31245
20.82,-1.4604,0.04365,0.60262,0.31242
20.83,-1.4533,0.04369,0.60267,0.31239
20.84,-1.4462,0.04373,0.60272,0.31236
20.85,-1.4392,0.04377,0.60277,0.31233
20.86,-1.4321,0.04381,0.60282,0.3123
20.87,-1.4251,0.04385,0.60287,0.31227
20.88,-1.4181,0.04388,0.60291,0.31224
20.89,-1.4111,0.04392,0.60296,0.31221
20.9,-1.4041,0.04396,0.60301,0.31218
20.91,-1.3971,0.044,0.60306,0.31215
20.92,-1.3902,0.04404,0.60311,0.31213
20.93,-1.3832,0.04407,0.60315,0.3121
20.94,-1.3763,0.04411,0.6032,0.31207
20.95,-1.3694,0.04415,0.60325,0.31204
20.96,-1.3624,0.04419,0.60329,0.31202
20.97,-1.3556,0.04422,0.60334,0.31199
20.98,-1.3487,0.04426,0.60339,0.31196
20.99,-1.3418,0.0443,0.60343,0.31193
21.0,-1.3349,0.04434,0.60348,0.31191
21.01,-1.3281,0.04437,0.60352,0.31188
21.02,-1.3212,0.04441,0.60357,0.31186
21.03,-1.3144,0.04445,0.60361,0.31183
21.04,-1.3076,0.04449,0.60365,0.31181
21.05,-1.3008,0.04452,0.6037,0.31178
21.06,-1.294,0.04456,0.60374,0.31175
21.07,-1.2873,0.0446,0.60378,0.31173
21.08,-1.2805,0.04464,0.60383,0.31171
21.09,-1.2738,0.04467,0.60387,0.31168
21.1,-1.267,0.04471,0.60391,0.31166
21.11,-1.2603,0.04475,0.60395,0.31163
21.12,-1.2536,0.04479,0.60399,0.31161
21.13,-1.2469,0.04482,0.60403,0.31159
21.14,-1.2402,0.04486,0.60408,0.31156
21.15,-1.2336,0.0449,0.60412,0.31154
21.16,-1.2269,0.04493,0.60416,0.31152
21.17,-1.2203,0.04497,0.6042,0.31149
21.18,-1.2137,0.04501,0.60424,0.31147
21.19,-1.207,0.04504,0.60427,0.31145
21.2,-1.2004,0.04508,0.60431,0.31143
21.21,-1.1938,0.04512,0.60435,0.31141
21.22,-1.1873,0.04515,0.60439,0.31138
21.23,-1.1807,0.04519,0.60443,0.31136
21.24,-1.1742,0.04523,0.60447,0.31134
21.25,-1.1676,0.04526,0.6045,0.31132
21.26,-1.1611,0.0453,0.60454,0.3113
21.27,-1.1546,0.04534,0.60458,0.31128
21.28,-1.1481,0.04537,0.60461,0.31126
21.29,-1.1416,0.04541,0.60465,0.31124
21.3,-1.1351,0.04545,0.60469,0.31122
21.31,-1.1287,0.04548,0.60472,0.3112
21.32,-1.1222,0.04552,0.60476,0.31118
21.33,-1.1158,0.04556,0.60479,0.31116
21.34,-1.1094,0.04559,0.60483,0.31114
21.35,-1.1029,0.04563,0.60486,0.31113
21.36,-1.0966,0.04567,0.60489,0.31111
21.37,-1.0902,0.0457,0.60493,0.31109
21.38,-1.0838,0.04574,0.60496,0.31107
21.39,-1.0774,0.04577,0.60499,0.31105
21.4,-1.0711,0.04581,0.60503,0.31103
21.41,-1.0648,0.04585,0.60506,0.31102
21.42,-1.0584,0.04588,0.60509,0.311
21.43,-1.0521,0.04592,0.60512,0.31098
21.44,-1.0459,0.04595,0.60516,0.31097
21.45,-1.0396,0.04599,0.60519,0.31095
21.46,-1.0333,0.04602,0.60522,0.31093
21.47,-1.0271,0.04606,0.60525,0.31092
21.48,-1.0208,0.0461,0.60528,0.3109
21.49,-1.0146,0.04613,0.60531,0.31088
21.5,-1.0084,0.04617,0.60534,0.31087
21.51,-1.0022,0.0462,0.60537,0.31085
21.52,-0.996,0.04624,0.6054,0.31084
21.53,-0.9898,0.04627,0.60543,0.31082
21.54,-0.9836,0.04631,0.60546,0.31081
21.55,-0.9775,0.04634,0.60549,0.31079
21.56,-0.9714,0.04638,0.60552,0.31078
21.57,-0.9652,0.04641,0.60554,0.31076
21.58,-0.9591,0.04645,0.60557,0.31075
21.59,-0.953,0.04648,0.6056,0.31074
21.6,-0.9469,0.04652,0.60563,0.31072
21.61,-0.9409,0.04655,0.60565,0.31071
21.62,-0.9348,0.04659,0.60568,0.3107
21.63,-0.9288,0.04662,0.60571,0.31068
21.64,-0.9227,0.04666,0.60573,0.31067
21.65,-0.9167,0.04669,0.60576,0.31066
21.66,-0.9107,0.04673,0.60579,0.31064
21.67,-0.9047,0.04676,0.60581,0.31063
21.68,-0.8987,0.0468,0.60584,0.31062
21.69,-0.8928,0.04683,0.60586,0.31061
21.7,-0.8868,0.04687,0.60589,0.3106
21.71,-0.8809,0.0469,0.60591,0.31058
21.72,-0.875,0.04694,0.60593,0.31057
21.73,-0.869,0.04697,0.60596,0.31056
21.74,-0.8631,0.04701,0.60598,0.31055
21.75,-0.8572,0.04704,0.606,0.31054
21.76,-0.8514,0.04708,0.60603,0.31053
21.77,-0.8455,0.04711,0.60605,0.31052
21.78,-0.8397,0.04714,0.60607,0.31051
21.79,-0.8338,0.04718,0.6061,0.3105
21.8,-0.828,0.04721,0.60612,0.31049
21.81,-0.8222,0.04725,0.60614,0.31048
21.82,-0.8164,0.04728,0.60616,0.31047
21.83,-0.8106,0.04731,0.60618,0.31046
21.84,-0.8048,0.04735,0.6062,0.31045
21.85,-0.7991,0.04738,0.60622,0.31044
21.86,-0.7933,0.04742,0.60624,0.31043
21.87,-0.7876,0.04745,0.60626,0.31042
21.88,-0.7819,0.04748,0.60628,0.31041
21.89,-0.7762,0.04752,0.6063,0.31041
21.9,-0.7705,0.04755,0.60632,0.3104
21.91,-0.7648,0.04758,0.60634,0.31039
21.92,-0.7591,0.04762,0.60636,0.31038
21.93,-0.7535,0.04765,0.60638,0.31037
21.94,-0.7478,0.04768,0.6064,0.31037
21.95,-0.7422,0.04772,0.60642,0.31036
21.96,-0.7366,0.04775,0.60644,0.31035
21.97,-0.731,0.04778,0.60645,0.31034
21.98,-0.7254,0.04782,0.60647,0.31034
21.99,-0.7198,0.04785,0.60649,0.31033
22.0,-0.7143,0.04788,0.6065,0.31032
22.01,-0.7087,0.04792,0.60652,0.31032
22.02,-0.7032,0.04795,0.60654,0.31031
22.03,-0.6976,0.04798,0.60655,0.31031
22.04,-0.6921,0.04802,0.60657,0.3103
22.05,-0.6866,0.04805,0.60659,0.31029
22.06,-0.6812,0.04808,0.6066,0.31029
22.07,-0.6757,0.04811,0.60662,0.31028
22.08,-0.6702,0.04815,0.60663,0.31028
22.09,-0.6648,0.04818,0.60665,0.31027
22.1,-0.6593,0.04821,0.60666,0.31027
22.11,-0.6539,0.04825,0.60668,0.31026
22.12,-0.6485,0.04828,0.60669,0.31026
22.13,-0.6431,0.04831,0.6067,0.31025
22.14,-0.6377,0.04834,0.60672,0.31025
22.15,-0.6324,0.04837,0.60673,0.31024
22.16,-0.627,0.04841,0.60674,0.31024
22.17,-0.6217,0.04844,0.60676,0.31024
22.18,-0.6164,0.04847,0.60677,0.31023
22.19,-0.611,0.0485,0.60678,0.31023
22.2,-0.6057,0.04854,0.6068,0.31023
22.21,-0.6005,0.04857,0.60681,0.31022
22.22,-0.5952,0.0486,0.60682,0.31022
22.23,-0.5899,0.04863,0.60683,0.31022
22.24,-0.5847,0.04866,0.60684,0.31021
22.25,-0.5794,0.0487,0.60685,0.31021
22.26,-0.5742,0.04873,0.60686,0.31021
22.27,-0.569,0.04876,0.60687,0.31021
22.28,-0.5638,0.04879,0.60689,0.3102
22.29,-0.5586,0.04882,0.6069,0.3102
22.3,-0.5534,0.04885,0.60691,0.3102
22.31,-0.5483,0.04888,0.60692,0.3102
22.32,-0.5431,0.04892,0.60693,0.3102
22.33,-0.538,0.04895,0.60693,0.3102
22.34,-0.5329,0.04898,0.60694,0.31019
22.35,-0.5278,0.04901,0.60695,0.31019
22.36,-0.5227,0.04904,0.60696,0.31019
22.37,-0.5176,0.04907,0.60697,0.31019
22.38,-0.5126,0.0491,0.60698,0.31019
22.39,-0.5075,0.04913,0.60699,0.31019
22.4,-0.5025,0.04917,0.60699,0.31019
22.41,-0.4974,0.0492,0.607,0.31019
22.42,-0.4924,0.04923,0.60701,0.31019
22.43,-0.4874,0.04926,0.60702,0.31019
22.44,-0.4824,0.04929,0.60702,0.31019
22.45,-0.4775,0.04932,0.60703,0.31019
22.46,-0.4725,0.04935,0.60704,0.31019
22.47,-0.4676,0.04938,0.60704,0.31019
22.48,-0.4626,0.04941,0.60705,0.31019
22.49,-0.4577,0.04944,0.60706,0.31019
22.5,-0.4528,0.04947,0.60706,0.31019
22.51,-0.4479,0.0495,0.60707,0.31019
22.52,-0.443,0.04953,0.60707,0.31019
22.53,-0.4381,0.04956,0.60708,0.3102
22.54,-0.4333,0.04959,0.60708,0.3102
22.55,-0.4284,0.04962,0.60709,0.3102
22.56,-0.4236,0.04965,0.60709,0.3102
22.57,-0.4188,0.04968,0.6071,0.3102
22.58,-0.414,0.04971,0.6071,0.3102
22.59,-0.4092,0.04974,0.60711,0.31021
22.6,-0.4044,0.04977,0.60711,0.31021
22.61,-0.3997,0.0498,0.60711,0.31021
22.62,-0.3949,0.04983,0.60712,0.31021
22.63,-0.3902,0.04986,0.60712,0.31022
22.64,-0.3855,0.04989,0.60712,0.31022
22.65,-0.3807,0.04992,0.60713,0.31022
22.66,-0.376,0.04995,0.60713,0.31022
22.67,-0.3714,0.04998,0.60713,0.31023
22.68,-0.3667,0.05001,0.60713,0.31023
22.69,-0.362,0.05004,0.60713,0.31023
22.7,-0.3574,0.05007,0.60714,0.31024
22.71,-0.3528,0.0501,0.60714,0.31024
22.72,-0.3481,0.05012,0.60714,0.31024
22.73,-0.3435,0.05015,0.60714,0.31025
22.74,-0.3389,0.05018,0.60714,0.31025
22.75,-0.3344,0.05021,0.60714,0.31026
22.76,-0.3298,0.05024,0.60714,0.31026
22.77,-0.3252,0.05027,0.60714,0.31027
22.78,-0.3207,0.0503,0.60714,0.31027
22.79,-0.3162,0.05033,0.60714,0.31027
22.8,-0.3117,0.05036,0.60714,0.31028
22.81,-0.3072,0.05038,0.60714,0.31028
22.82,-0.3027,0.05041,0.60714,0.31029
22.83,-0.2982,0.05044,0.60714,0.31029
22.84,-0.2937,0.05047,0.60714,0.3103
22.85,-0.2893,0.0505,0.60714,0.3103
22.86,-0.2848,0.05053,0.60714,0.31031
22.87,-0.2804,0.05055,0.60714,0.31031
22.88,-0.276,0.05058,0.60714,0.31032
22.89,-0.2716,0.05061,0.60714,0.31033
22.9,-0.2672,0.05064,0.60713,0.31033
22.91,-0.2629,0.05066,0.60713,0.31034
22.92,-0.2585,0.05069,0.60713,0.31034
22.93,-0.2542,0.05072,0.60713,0.31035
22.94,-0.2498,0.05075,0.60713,0.31036
22.95,-0.2455,0.05078,0.60712,0.31036
22.96,-0.2412,0.0508,0.60712,0.31037
22.97,-0.2369,0.05083,0.60712,0.31038
22.98,-0.2326,0.05086,0.60711,0.31038
22.99,-0.2284,0.05089,0.60711,0.31039
23.0,-0.2241,0.05091,0.60711,0.3104
23.01,-0.2199,0.05094,0.6071,0.3104
23.02,-0.2157,0.05097,0.6071,0.31041
23.03,-0.2115,0.05099,0.6071,0.31042
23.04,-0.2073,0.05102,0.60709,0.31043
23.05,-0.2031,0.05105,0.60709,0.31043
23.06,-0.1989,0.05108,0.60708,0.31044
23.07,-0.1947,0.0511,0.60708,0.31045
23.08,-0.1906,0.05113,0.60707,0.31046
23.09,-0.1865,0.05116,0.60707,0.31046
23.1,-0.1823,0.05118,0.60706,0.31047
23.11,-0.1782,0.05121,0.60706,0.31048
23.12,-0.1741,0.05124,0.60705,0.31049
23.13,-0.1701,0.05126,0.60705,0.3105
23.14,-0.166,0.05129,0.60704,0.3105
23.15,-0.1619,0.05131,0.60703,0.31051
23.16,-0.1579,0.05134,0.60703,0.31052
23.17,-0.1539,0.05137,0.60702,0.31053
23.18,-0.1499,0.05139,0.60701,0.31054
23.19,-0.1459,0.05142,0.60701,0.31055
23.2,-0.1419,0.05144,0.607,0.31056
23.21,-0.1379,0.05147,0.60699,0.31057
23.22,-0.1339,0.0515,0.60699,0.31058
23.23,-0.13,0.05152,0.60698,0.31058
23.24,-0.126,0.05155,0.60697,0.31059
23.25,-0.1221,0.05157,0.60697,0.3106
23.26,-0.1182,0.0516,0.60696,0.31061
23.27,-0.1143,0.05162,0.60695,0.31062
23.28,-0.1104,0.05165,0.60694,0.31063
23.29,-0.1066,0.05168,0.60693,0.31064
23.3,-0.1027,0.0517,0.60692,0.31065
23.31,-0.0989,0.05173,0.60692,0.31066
23.32,-0.095,0.05175,0.60691,0.31067
23.33,-0.0912,0.05178,0.6069,0.31068
23.34,-0.0874,0.0518,0.60689,0.31069
23.35,-0.0836,0.05183,0.60688,0.3107
23.36,-0.0798,0.05185,0.60687,0.31071
23.37,-0.0761,0.05188,0.60686,0.31072
23.38,-0.0723,0.0519,0.60685,0.31073
23.39,-0.0686,0.05193,0.60684,0.31074
23.4,-0.0649,0.05195,0.60683,0.31076
23.41,-0.0612,0.05197,0.60682,0.31077
23.42,-0.0575,0.052,0.60681,0.31078
23.43,-0.0538,0.05202,0.6068,0.31079
23.44,-0.0501,0.05205,0.60679,0.3108
23.45,-0.0464,0.05207,0.60678,0.31081
23.46,-0.0428,0.0521,0.60677,0.31082
23.47,-0.0392,0.05212,0.60676,0.31083
23.48,-0.0355,0.05214,0.60675,0.31084
23.49,-0.0319,0.05217,0.60674,0.31086
23.5,-0.0283,0.05219,0.60673,0.31087
23.51,-0.0247,0.05222,0.60672,0.31088
23.52,-0.0212,0.05224,0.60671,0.31089
23.53,-0.0176,0.05226,0.60669,0.3109
23.54,-0.0141,0.05229,0.60668,0.31091
23.55,-0.0106,0.05231,0.60667,0.31093
23.56,-0.007,0.05233,0.60666,0.31094
23.57,-0.0035,0.05236,0.60665,0.31095
23.58,-0.0,0.05238,0.60663,0.31096
23.59,0.0034,0.0524,0.60662,0.31098
23.6,0.0069,0.05243,0.60661,0.31099
23.61,0.0103,0.05245,0.6066,0.311
23.62,0.0138,0.05247,0.60658,0.31101
23.63,0.0172,0.0525,0.60657,0.31103
23.64,0.0206,0.05252,0.60656,0.31104
23.65,0.024,0.05254,0.60655,0.31105
23.66,0.0274,0.05257,0.60653,0.31106
23.67,0.0308,0.05259,0.60652,0.31108
23.68,0.0341,0.05261,0.60651,0.31109
23.69,0.0375,0.05263,0.60649,0.3111
23.7,0.0408,0.05266,0.60648,0.31112
23.71,0.0441,0.05268,0.60646,0.31113
23.72,0.0474,0.0527,0.60645,0.31114
23.73,0.0507,0.05272,0.60644,0.31116
23.74,0.054,0.05274,0.60642,0.31117
23.75,0.0573,0.05277,0.60641,0.31118
23.76,0.0605,0.05279,0.60639,0.3112
23.77,0.0638,0.05281,0.60638,0.31121
23.78,0.067,0.05283,0.60636,0.31122
23.79,0.0702,0.05285,0.60635,0.31124
23.8,0.0734,0.05288,0.60633,0.31125
23.81,0.0766,0.0529,0.60632,0.31126
23.82,0.0798,0.05292,0.6063,0.31128
23.83,0.083,0.05294,0.60629,0.31129
23.84,0.0861,0.05296,0.60627,0.31131
23.85,0.0892,0.05298,0.60626,0.31132
23.86,0.0924,0.05301,0.60624,0.31133
23.87,0.0955,0.05303,0.60623,0.31135
23.88,0.0986,0.05305,0.60621,0.31136
23.89,0.1017,0.05307,0.60619,0.31138
23.9,0.1047,0.05309,0.60618,0.31139
23.91,0.1078,0.05311,0.60616,0.31141
23.92,0.1108,0.05313,0.60615,0.31142
23.93,0.1139,0.05315,0.60613,0.31144
23.94,0.1169,0.05317,0.60611,0.31145
23.95,0.1199,0.05319,0.6061,0.31146
23.96,0.1229,0.05322,0.60608,0.31148
23.97,0.1259,0.05324,0.60606,0.31149
23.98,0.1288,0.05326,0.60605,0.31151
23.99,0.1318,0.05328,0.60603,0.31152
24.0,0.1347,0.0533,0.60601,0.31154
24.01,0.1377,0.05332,0.606,0.31155
24.02,0.1406,0.05334,0.60598,0.31157
24.03,0.1435,0.05336,0.60596,0.31158
24.04,0.1464,0.05338,0.60594,0.3116
24.05,0.1493,0.0534,0.60593,0.31161
24.06,0.1521,0.05342,0.60591,0.31163
24.07,0.155,0.05344,0.60589,0.31165
24.08,0.1578,0.05346,0.60587,0.31166
24.09,0.1606,0.05348,0.60585,0.31168
24.1,0.1635,0.0535,0.60584,0.31169
24.11,0.1663,0.05352,0.60582,0.31171
24.12,0.169,0.05354,0.6058,0.31172
24.13,0.1718,0.05355,0.60578,0.31174
24.14,0.1746,0.05357,0.60576,0.31175
24.15,0.1773,0.05359,0.60574,0.31177
24.16,0.1801,0.05361,0.60573,0.31179
24.17,0.1828,0.05363,0.60571,0.3118
24.18,0.1855,0.05365,0.60569,0.31182
24.19,0.1882,0.05367,0.60567,0.31183
24.2,0.1909,0.05369,0.60565,0.31185
24.21,0.1936,0.05371,0.60563,0.31187
24.22,0.1962,0.05373,0.60561,0.31188
24.23,0.1989,0.05374,0.60559,0.3119
24.24,0.2015,0.05376,0.60557,0.31191
24.25,0.2041,0.05378,0.60555,0.31193
24.26,0.2067,0.0538,0.60553,0.31195
24.27,0.2093,0.05382,0.60552,0.31196
24.28,0.2119,0.05384,0.6055,0.31198
24.29,0.2145,0.05385,0.60548,0.312
24.3,0.217,0.05387,0.60546,0.31201
24.31,0.2196,0.05389,0.60544,0.31203
24.32,0.2221,0.05391,0.60542,0.31205
24.33,0.2246,0.05393,0.6054,0.31206
24.34,0.2271,0.05394,0.60538,0.31208
24.35,0.2296,0.05396,0.60536,0.3121
24.36,0.2321,0.05398,0.60534,0.31211
24.37,0.2346,0.054,0.60531,0.31213
24.38,0.237,0.05401,0.60529,0.31215
24.39,0.2395,0.05403,0.60527,0.31216
24.4,0.2419,0.05405,0.60525,0.31218
24.41,0.2443,0.05407,0.60523,0.3122
24.42,0.2467,0.05408,0.60521,0.31221
24.43,0.2491,0.0541,0.60519,0.31223
24.44,0.2515,0.05412,0.60517,0.31225
24.45,0.2538,0.05413,0.60515,0.31226
24.46,0.2562,0.05415,0.60513,0.31228
24.47,0.2585,0.05417,0.60511,0.3123
24.48,0.2609,0.05418,0.60508,0.31232
24.49,0.2632,0.0542,0.60506,0.31233
24.5,0.2655,0.05422,0.60504,0.31235
24.51,0.2678,0.05423,0.60502,0.31237
24.52,0.27,0.05425,0.605,0.31239
24.53,0.2723,0.05427,0.60498,0.3124
24.54,0.2746,0.05428,0.60496,0.31242
24.55,0.2768,0.0543,0.60493,0.31244
24.56,0.279,0.05432,0.60491,0.31245
24.57,0.2812,0.05433,0.60489,0.31247
24.58,0.2834,0.05435,0.60487,0.31249
24.59,0.2856,0.05436,0.60485,0.31251
24.6,0.2878,0.05438,0.60482,0.31252
24.61,0.29,0.05439,0.6048,0.31254
24.62,0.2921,0.05441,0.60478,0.31256
24.63,0.2942,0.05443,0.60476,0.31258
24.64,0.2964,0.05444,0.60474,0.3126
24.65,0.2985,0.05446,0.60471,0.31261
24.66,0.3006,0.05447,0.60469,0.31263
24.67,0.3027,0.05449,0.60467,0.31265
24.68,0.3048,0.0545,0.60465,0.31267
24.69,0.3068,0.05452,0.60462,0.31268
24.7,0.3089,0.05453,0.6046,0.3127
24.71,0.3109,0.05455,0.60458,0.31272
24.72,0.3129,0.05456,0.60455,0.31274
24.73,0.3149,0.05458,0.60453,0.31276
24.74,0.3169,0.05459,0.60451,0.31277
24.75,0.3189,0.05461,0.60449,0.31279
24.76,0.3209,0.05462,0.60446,0.31281
24.77,0.3229,0.05464,0.60444,0.31283
24.78,0.3248,0.05465,0.60442,0.31285
24.79,0.3268,0.05466,0.60439,0.31286
24.8,0.3287,0.05468,0.60437,0.31288
24.81,0.3306,0.05469,0.60435,0.3129
24.82,0.3325,0.05471,0.60432,0.31292
24.83,0.3344,0.05472,0.6043,0.31294
24.84,0.3363,0.05474,0.60428,0.31295
24.85,0.3381,0.05475,0.60425,0.31297
24.86,0.34,0.05476,0.60423,0.31299
24.87,0.3418,0.05478,0.60421,0.31301
24.88,0.3437,0.05479,0.60418,0.31303
24.89,0.3455,0.0548,0.60416,0.31305
24.9,0.3473,0.05482,0.60413,0.31306
24.91,0.3491,0.05483,0.60411,0.31308
24.92,0.3508,0.05484,0.60409,0.3131
24.93,0.3526,0.05486,0.60406,0.31312
24.94,0.3544,0.05487,0.60404,0.31314
24.95,0.3561,0.05488,0.60402,0.31316
24.96,0.3578,0.0549,0.60399,0.31317
24.97,0.3596,0.05491,0.60397,0.31319
24.98,0.3613,0.05492,0.60394,0.31321
24.99,0.363,0.05494,0.60392,0.31323
25.0,0.3646,0.05495,0.60389,0.31325
25.01,0.3663,0.05496,0.60387,0.31327
25.02,0.368,0.05497,0.60385,0.31328
25.03,0.3696,0.05499,0.60382,0.3133
25.04,0.3712,0.055,0.6038,0.31332
25.05,0.3729,0.05501,0.60377,0.31334
25.06,0.3745,0.05502,0.60375,0.31336
25.07,0.3761,0.05503,0.60372,0.31338
25.08,0.3777,0.05505,0.6037,0.3134
25.09,0.3792,0.05506,0.60367,0.31341
25.1,0.3808,0.05507,0.60365,0.31343
25.11,0.3823,0.05508,0.60363,0.31345
25.12,0.3839,0.05509,0.6036,0.31347
25.13,0.3854,0.05511,0.60358,0.31349
25.14,0.3869,0.05512,0.60355,0.31351
25.15,0.3884,0.05513,0.60353,0.31353
25.16,0.3899,0.05514,0.6035,0.31354
25.17,0.3914,0.05515,0.60348,0.31356
25.18,0.3928,0.05516,0.60345,0.31358
25.19,0.3943,0.05518,0.60343,0.3136
25.2,0.3957,0.05519,0.6034,0.31362
25.21,0.3972,0.0552,0.60338,0.31364
25.22,0.3986,0.05521,0.60335,0.31366
25.23,0.4,0.05522,0.60333,0.31367
25.24,0.4014,0.05523,0.6033,0.31369
25.25,0.4028,0.05524,0.60328,0.31371
25.26,0.4041,0.05525,0.60325,0.31373
25.27,0.4055,0.05526,0.60323,0.31375
25.28,0.4068,0.05527,0.6032,0.31377
25.29,0.4082,0.05528,0.60318,0.31379
25.3,0.4095,0.05529,0.60315,0.3138
25.31,0.4108,0.0553,0.60313,0.31382
25.32,0.4121,0.05531,0.6031,0.31384
25.33,0.4134,0.05533,0.60308,0.31386
25.34,0.4147,0.05534,0.60305,0.31388
25.35,0.4159,0.05535,0.60302,0.3139
25.36,0.4172,0.05536,0.603,0.31392
25.37,0.4184,0.05537,0.60297,0.31394
25.38,0.4197,0.05537,0.60295,0.31395
25.39,0.4209,0.05538,0.60292,0.31397
25.4,0.4221,0.05539,0.6029,0.31399
25.41,0.4233,0.0554,0.60287,0.31401
25.42,0.4245,0.05541,0.60285,0.31403
25.43,0.4256,0.05542,0.60282,0.31405
25.44,0.4268,0.05543,0.6028,0.31407
25.45,0.4279,0.05544,0.60277,0.31409
25.46,0.4291,0.05545,0.60274,0.3141
25.47,0.4302,0.05546,0.60272,0.31412
25.48,0.4313,0.05547,0.60269,0.31414
25.49,0.4324,0.05548,0.60267,0.31416
25.5,0.4335,0.05549,0.60264,0.31418
25.51,0.4346,0.0555,0.60262,0.3142
25.52,0.4357,0.0555,0.60259,0.31422
25.53,0.4367,0.05551,0.60257,0.31424
25.54,0.4378,0.05552,0.60254,0.31425
25.55,0.4388,0.05553,0.60251,0.31427
25.56,0.4398,0.05554,0.60249,0.31429
25.57,0.4408,0.05555,0.60246,0.31431
25.58,0.4418,0.05556,0.60244,0.31433
25.59,0.4428,0.05556,0.60241,0.31435
25.6,0.4438,0.05557,0.60238,0.31437
25.61,0.4448,0.05558,0.60236,0.31438
25.62,0.4457,0.05559,0.60233,0.3144
25.63,0.4467,0.0556,0.60231,0.31442
25.64,0.4476,0.0556,0.60228,0.31444
25.65,0.4485,0.05561,0.60226,0.31446
25.66,0.4494,0.05562,0.60223,0.31448
25.67,0.4503,0.05563,0.6022,0.3145
25.68,0.4512,0.05564,0.60218,0.31451
25.69,0.4521,0.05564,0.60215,0.31453
25.7,0.453,0.05565,0.60213,0.31455
25.71,0.4538,0.05566,0.6021,0.31457
25.72,0.4547,0.05566,0.60207,0.31459
25.73,0.4555,0.05567,0.60205,0.31461
25.74,0.4563,0.05568,0.60202,0.31463
25.75,0.4571,0.05569,0.602,0.31464
25.76,0.4579,0.05569,0.60197,0.31466
25.77,0.4587,0.0557,0.60195,0.31468
25.78,0.4595,0.05571,0.60192,0.3147
25.79,0.4603,0.05571,0.60189,0.31472
25.8,0.461,0.05572,0.60187,0.31474
25.81,0.4618,0.05573,0.60184,0.31476
25.82,0.4625,0.05573,0.60182,0.31477
25.83,0.4633,0.05574,0.60179,0.31479
25.84,0.464,0.05575,0.60176,0.31481
25.85,0.4647,0.05575,0.60174,0.31483
25.86,0.4654,0.05576,0.60171,0.31485
25.87,0.4661,0.05577,0.60169,0.31487
25.88,0.4667,0.05577,0.60166,0.31488
25.89,0.4674,0.05578,0.60163,0.3149
25.9,0.468,0.05578,0.60161,0.31492
25.91,0.4687,0.05579,0.60158,0.31494
25.92,0.4693,0.0558,0.60156,0.31496
25.93,0.4699,0.0558,0.60153,0.31498
25.94,0.4705,0.05581,0.60151,0.31499
25.95,0.4711,0.05581,0.60148,0.31501
25.96,0.4717,0.05582,0.60145,0.31503
25.97,0.4723,0.05582,0.60143,0.31505
25.98,0.4729,0.05583,0.6014,0.31507
25.99,0.4734,0.05583,0.60138,0.31509
26.0,0.474,0.05584,0.60135,0.3151
26.01,0.4745,0.05584,0.60132,0.31512
26.02,0.475,0.05585,0.6013,0.31514
26.03,0.4755,0.05586,0.60127,0.31516
26.04,0.476,0.05586,0.60125,0.31518
26.05,0.4765,0.05587,0.60122,0.31519
26.06,0.477,0.05587,0.6012,0.31521
26.07,0.4775,0.05587,0.60117,0.31523
26.08,0.478,0.05588,0.60114,0.31525
26.09,0.4784,0.05588,0.60112,0.31527
26.1,0.4789,0.05589,0.60109,0.31528
26.11,0.4793,0.05589,0.60107,0.3153
26.12,0.4797,0.0559,0.60104,0.31532
26.13,0.4801,0.0559,0.60102,0.31534
26.14,0.4805,0.05591,0.60099,0.31536
26.15,0.4809,0.05591,0.60096,0.31537
26.16,0.4813,0.05591,0.60094,0.31539
26.17,0.4817,0.05592,0.60091,0.31541
26.18,0.482,0.05592,0.60089,0.31543
26.19,0.4824,0.05593,0.60086,0.31545
26.2,0.4827,0.05593,0.60084,0.31546
26.21,0.4831,0.05593,0.60081,0.31548
26.22,0.4834,0.05594,0.60078,0.3155
26.23,0.4837,0.05594,0.60076,0.31552
26.24,0.484,0.05595,0.60073,0.31553
26.25,0.4843,0.05595,0.60071,0.31555
26.26,0.4846,0.05595,0.60068,0.31557
26.27,0.4848,0.05596,0.60066,0.31559
26.28,0.4851,0.05596,0.60063,0.3156
26.29,0.4854,0.05596,0.60061,0.31562
26.3,0.4856,0.05597,0.60058,0.31564
26.31,0.4858,0.05597,0.60055,0.31566
26.32,0.4861,0.05597,0.60053,0.31567
26.33,0.4863,0.05598,0.6005,0.31569
26.34,0.4865,0.05598,0.60048,0.31571
26.35,0.4867,0.05598,0.60045,0.31573
26.36,0.4869,0.05598,0.60043,0.31574
26.37,0.4871,0.05599,0.6004,0.31576
26.38,0.4872,0.05599,0.60038,0.31578
26.39,0.4874,0.05599,0.60035,0.3158
26.4,0.4875,0.05599,0.60033,0.31581
26.41,0.4877,0.056,0.6003,0.31583
26.42,0.4878,0.056,0.60028,0.31585
26.43,0.4879,0.056,0.60025,0.31586
26.44,0.488,0.056,0.60023,0.31588
26.45,0.4881,0.05601,0.6002,0.3159
26.46,0.4882,0.05601,0.60018,0.31592
26.47,0.4883,0.05601,0.60015,0.31593
26.48,0.4884,0.05601,0.60013,0.31595
26.49,0.4885,0.05601,0.6001,0.31597
26.5,0.4885,0.05602,0.60008,0.31598
26.51,0.4886,0.05602,0.60005,0.316
26.52,0.4886,0.05602,0.60003,0.31602
26.53,0.4886,0.05602,0.6,0.31603
26.54,0.4886,0.05602,0.59998,0.31605
26.55,0.4887,0.05603,0.59995,0.31607
26.56,0.4887,0.05603,0.59993,0.31609
26.57,0.4886,0.05603,0.5999,0.3161
26.58,0.4886,0.05603,0.59988,0.31612
26.59,0.4886,0.05603,0.59985,0.31614
26.6,0.4886,0.05603,0.59983,0.31615
26.61,0.4885,0.05603,0.5998,0.31617
26.62,0.4885,0.05603,0.59978,0.31619
26.63,0.4884,0.05604,0.59975,0.3162
26.64,0.4884,0.05604,0.59973,0.31622
26.65,0.4883,0.05604,0.59971,0.31624
26.66,0.4882,0.05604,0.59968,0.31625
26.67,0.4881,0.05604,0.59966,0.31627
26.68,0.488,0.05604,0.59963,0.31628
26.69,0.4879,0.05604,0.59961,0.3163
26.7,0.4878,0.05604,0.59958,0.31632
26.71,0.4876,0.05604,0.59956,0.31633
26.72,0.4875,0.05604,0.59953,0.31635
26.73,0.4873,0.05604,0.59951,0.31637
26.74,0.4872,0.05604,0.59949,0.31638
26.75,0.487,0.05604,0.59946,0.3164
26.76,0.4869,0.05604,0.59944,0.31641
26.77,0.4867,0.05604,0.59941,0.31643
26.78,0.4865,0.05605,0.59939,0.31645
26.79,0.4863,0.05605,0.59937,0.31646
26.8,0.4861,0.05605,0.59934,0.31648
26.81,0.4859,0.05605,0.59932,0.31649
26.82,0.4856,0.05605,0.59929,0.31651
26.83,0.4854,0.05605,0.59927,0.31653
26.84,0.4852,0.05604,0.59925,0.31654
26.85,0.4849,0.05604,0.59922,0.31656
26.86,0.4847,0.05604,0.5992,0.31657
26.87,0.4844,0.05604,0.59917,0.31659
26.88,0.4841,0.05604,0.59915,0.31661
26.89,0.4839,0.05604,0.59913,0.31662
26.9,0.4836,0.05604,0.5991,0.31664
26.91,0.4833,0.05604,0.59908,0.31665
26.92,0.483,0.05604,0.59906,0.31667
26.93,0.4827,0.05604,0.59903,0.31668
26.94,0.4824,0.05604,0.59901,0.3167
26.95,0.482,0.05604,0.59899,0.31671
26.96,0.4817,0.05604,0.59896,0.31673
26.97,0.4814,0.05604,0.59894,0.31675
26.98,0.481,0.05604,0.59892,0.31676
26.99,0.4807,0.05604,0.59889,0.31678
27.0,0.4803,0.05603,0.59887,0.31679
27.01,0.4799,0.05603,0.59885,0.31681
27.02,0.4795,0.05603,0.59882,0.31682
27.03,0.4791,0.05603,0.5988,0.31684
27.04,0.4788,0.05603,0.59878,0.31685
27.05,0.4784,0.05603,0.59875,0.31687
27.06,0.4779,0.05603,0.59873,0.31688
27.07,0.4775,0.05603,0.59871,0.3169
27.08,0.4771,0.05602,0.59869,0.31691
27.09,0.4767,0.05602,0.59866,0.31693
27.1,0.4762,0.05602,0.59864,0.31694
27.11,0.4758,0.05602,0.59862,0.31696
27.12,0.4753,0.05602,0.59859,0.31697
27.13,0.4749,0.05602,0.59857,0.31699
27.14,0.4744,0.05601,0.59855,0.317
27.15,0.4739,0.05601,0.59853,0.31702
27.16,0.4734,0.05601,0.5985,0.31703
27.17,0.4729,0.05601,0.59848,0.31704
27.18,0.4725,0.05601,0.59846,0.31706
27.19,0.4719,0.056,0.59844,0.31707
27.2,0.4714,0.056,0.59841,0.31709
27.21,0.4709,0.056,0.59839,0.3171
27.22,0.4704,0.056,0.59837,0.31712
27.23,0.4699,0.056,0.59835,0.31713
27.24,0.4693,0.05599,0.59833,0.31715
27.25,0.4688,0.05599,0.5983,0.31716
27.26,0.4682,0.05599,0.59828,0.31717
27.27,0.4677,0.05599,0.59826,0.31719
27.28,0.4671,0.05598,0.59824,0.3172
27.29,0.4665,0.05598,0.59822,0.31722
27.3,0.4659,0.05598,0.59819,0.31723
27.31,0.4654,0.05598,0.59817,0.31724
27.32,0.4648,0.05597,0.59815,0.31726
27.33,0.4642,0.05597,0.59813,0.31727
27.34,0.4636,0.05597,0.59811,0.31729
27.35,0.4629,0.05596,0.59809,0.3173
27.36,0.4623,0.05596,0.59806,0.31731
27.37,0.4617,0.05596,0.59804,0.31733
27.38,0.4611,0.05596,0.59802,0.31734
27.39,0.4604,0.05595,0.598,0.31736
27.4,0.4598,0.05595,0.59798,0.31737
27.41,0.4591,0.05595,0.59796,0.31738
27.42,0.4585,0.05594,0.59794,0.3174
27.43,0.4578,0.05594,0.59792,0.31741
27.44,0.4571,0.05594,0.59789,0.31742
27.45,0.4565,0.05593,0.59787,0.31744
27.46,0.4558,0.05593,0.59785,0.31745
27.47,0.4551,0.05593,0.59783,0.31746
27.48,0.4544,0.05592,0.59781,0.31748
27.49,0.4537,0.05592,0.59779,0.31749
27.5,0.453,0.05592,0.59777,0.3175
27.51,0.4523,0.05591,0.59775,0.31752
27.52,0.4516,0.05591,0.59773,0.31753
27.53,0.4508,0.0559,0.59771,0.31754
27.54,0.4501,0.0559,0.59769,0.31755
27.55,0.4494,0.0559,0.59767,0.31757
27.56,0.4486,0.05589,0.59764,0.31758
27.57,0.4479,0.05589,0.59762,0.31759
27.58,0.4471,0.05589,0.5976,0.31761
27.59,0.4464,0.05588,0.59758,0.31762
27.6,0.4456,0.05588,0.59756,0.31763
27.61,0.4448,0.05587,0.59754,0.31764
27.62,0.444,0.05587,0.59752,0.31766
27.63,0.4433,0.05587,0.5975,0.31767
27.64,0.4425,0.05586,0.59748,0.31768
27.65,0.4417,0.05586,0.59746,0.31769
27.66,0.4409,0.05585,0.59744,0.31771
27.67,0.4401,0.05585,0.59742,0.31772
27.68,0.4393,0.05584,0.5974,0.31773
27.69,0.4384,0.05584,0.59738,0.31774
27.7,0.4376,0.05584,0.59736,0.31776
27.71,0.4368,0.05583,0.59734,0.31777
27.72,0.436,0.05583,0.59733,0.31778
27.73,0.4351,0.05582,0.59731,0.31779
27.74,0.4343,0.05582,0.59729,0.31781
27.75,0.4334,0.05581,0.59727,0.31782
27.76,0.4326,0.05581,0.59725,0.31783
27.77,0.4317,0.0558,0.59723,0.31784
27.78,0.4309,0.0558,0.59721,0.31785
27.79,0.43,0.05579,0.59719,0.31787
27.8,0.4291,0.05579,0.59717,0.31788
27.81,0.4283,0.05578,0.59715,0.31789
27.82,0.4274,0.05578,0.59713,0.3179
27.83,0.4265,0.05577,0.59711,0.31791
27.84,0.4256,0.05577,0.5971,0.31792
27.85,0.4247,0.05576,0.59708,0.31794
27.86,0.4238,0.05576,0.59706,0.31795
27.87,0.4229,0.05575,0.59704,0.31796
27.88,0.422,0.05575,0.59702,0.31797
27.89,0.4211,0.05574,0.597,0.31798
27.9,0.4201,0.05574,0.59698,0.31799
27.91,0.4192,0.05573,0.59696,0.318
27.92,0.4183,0.05573,0.59695,0.31802
27.93,0.4173,0.05572,0.59693,0.31803
27.94,0.4164,0.05572,0.59691,0.31804
27.95,0.4155,0.05571,0.59689,0.31805
27.96,0.4145,0.05571,0.59687,0.31806
27.97,0.4136,0.0557,0.59686,0.31807
27.98,0.4126,0.0557,0.59684,0.31808
27.99,0.4116,0.05569,0.59682,0.31809
28.0,0.4107,0.05569,0.5968,0.3181
28.01,0.4097,0.05568,0.59678,0.31811
28.02,0.4087,0.05567,0.59677,0.31813
28.03,0.4077,0.05567,0.59675,0.31814
28.04,0.4068,0.05566,0.59673,0.31815
28.05,0.4058,0.05566,0.59671,0.31816
28.06,0.4048,0.05565,0.5967,0.31817
28.07,0.4038,0.05565,0.59668,0.31818
28.08,0.4028,0.05564,0.59666,0.31819
28.09,0.4018,0.05563,0.59664,0.3182
28.1,0.4008,0.05563,0.59663,0.31821
28.11,0.3998,0.05562,0.59661,0.31822
28.12,0.3988,0.05562,0.59659,0.31823
28.13,0.3977,0.05561,0.59658,0.31824
28.14,0.3967,0.05561,0.59656,0.31825
28.15,0.3957,0.0556,0.59654,0.31826
28.16,0.3947,0.05559,0.59652,0.31827
28.17,0.3936,0.05559,0.59651,0.31828
28.18,0.3926,0.05558,0.59649,0.31829
28.19,0.3915,0.05558,0.59647,0.3183
28.2,0.3905,0.05557,0.59646,0.31831
28.21,0.3894,0.05556,0.59644,0.31832
28.22,0.3884,0.05556,0.59642,0.31833
28.23,0.3873,0.05555,0.59641,0.31834
28.24,0.3863,0.05554,0.59639,0.31835
28.25,0.3852,0.05554,0.59638,0.31836
28.26,0.3841,0.05553,0.59636,0.31837
28.27,0.3831,0.05553,0.59634,0.31838
28.28,0.382,0.05552,0.59633,0.31839
28.29,0.3809,0.05551,0.59631,0.3184
28.3,0.3798,0.05551,0.59629,0.31841
28.31,0.3788,0.0555,0.59628,0.31842
28.32,0.3777,0.05549,0.59626,0.31843
28.33,0.3766,0.05549,0.59625,0.31844
28.34,0.3755,0.05548,0.59623,0.31844
28.35,0.3744,0.05547,0.59622,0.31845
28.36,0.3733,0.05547,0.5962,0.31846
28.37,0.3722,0.05546,0.59618,0.31847
28.38,0.3711,0.05545,0.59617,0.31848
28.39,0.37,0.05545,0.59615,0.31849
28.4,0.3689,0.05544,0.59614,0.3185
28.41,0.3678,0.05543,0.59612,0.31851
28.42,0.3666,0.05543,0.59611,0.31852
28.43,0.3655,0.05542,0.59609,0.31853
28.44,0.3644,0.05541,0.59608,0.31853
28.45,0.3633,0.05541,0.59606,0.31854
28.46,0.3621,0.0554,0.59605,0.31855
28.47,0.361,0.05539,0.59603,0.31856
28.48,0.3599,0.05539,0.59602,0.31857
28.49,0.3587,0.05538,0.596,0.31858
28.5,0.3576,0.05537,0.59599,0.31859
28.51,0.3565,0.05537,0.59597,0.31859
28.52,0.3553,0.05536,0.59596,0.3186
28.53,0.3542,0.05535,0.59594,0.31861
28.54,0.353,0.05535,0.59593,0.31862
28.55,0.3519,0.05534,0.59592,0.31863
28.56,0.3507,0.05533,0.5959,0.31864
28.57,0.3495,0.05532,0.59589,0.31864
28.58,0.3484,0.05532,0.59587,0.31865
28.59,0.3472,0.05531,0.59586,0.31866
28.6,0.3461,0.0553,0.59584,0.31867
28.61,0.3449,0.0553,0.59583,0.31868
28.62,0.3437,0.05529,0.59582,0.31868
28.63,0.3426,0.05528,0.5958,0.31869
28.64,0.3414,0.05527,0.59579,0.3187
28.65,0.3402,0.05527,0.59578,0.31871
28.66,0.339,0.05526,0.59576,0.31872
28.67,0.3378,0.05525,0.59575,0.31872
28.68,0.3367,0.05525,0.59573,0.31873
28.69,0.3355,0.05524,0.59572,0.31874
28.7,0.3343,0.05523,0.59571,0.31875
28.71,0.3331,0.05522,0.59569,0.31875
28.72,0.3319,0.05522,0.59568,0.31876
28.73,0.3307,0.05521,0.59567,0.31877
28.74,0.3295,0.0552,0.59565,0.31878
28.75,0.3283,0.05519,0.59564,0.31878
28.76,0.3271,0.05519,0.59563,0.31879
28.77,0.3259,0.05518,0.59562,0.3188
28.78,0.3247,0.05517,0.5956,0.3188
28.79,0.3235,0.05517,0.59559,0.31881
28.8,0.3223,0.05516,0.59558,0.31882
28.81,0.3211,0.05515,0.59556,0.31883
28.82,0.3199,0.05514,0.59555,0.31883
28.83,0.3187,0.05514,0.59554,0.31884
28.84,0.3175,0.05513,0.59553,0.31885
28.85,0.3163,0.05512,0.59551,0.31885
28.86,0.3151,0.05511,0.5955,0.31886
28.87,0.3139,0.05511,0.59549,0.31887
28.88,0.3126,0.0551,0.59548,0.31887
28.89,0.3114,0.05509,0.59547,0.31888
28.9,0.3102,0.05508,0.59545,0.31889
28.91,0.309,0.05508,0.59544,0.31889
28.92,0.3078,0.05507,0.59543,0.3189
28.93,0.3065,0.05506,0.59542,0.31891
28.94,0.3053,0.05505,0.59541,0.31891
28.95,0.3041,0.05504,0.59539,0.31892
28.96,0.3029,0.05504,0.59538,0.31892
28.97,0.3016,0.05503,0.59537,0.31893
28.98,0.3004,0.05502,0.59536,0.31894
28.99,0.2992,0.05501,0.59535,0.31894
29.0,0.2979,0.05501,0.59534,0.31895
29.01,0.2967,0.055,0.59532,0.31896
29.02,0.2955,0.05499,0.59531,0.31896
29.03,0.2942,0.05498,0.5953,0.31897
29.04,0.293,0.05498,0.59529,0.31897
29.05,0.2918,0.05497,0.59528,0.31898
29.06,0.2905,0.05496,0.59527,0.31899
29.07,0.2893,0.05495,0.59526,0.31899
29.08,0.288,0.05494,0.59525,0.319
29.09,0.2868,0.05494,0.59524,0.319
29.1,0.2856,0.05493,0.59522,0.31901
29.11,0.2843,0.05492,0.59521,0.31901
29.12,0.2831,0.05491,0.5952,0.31902
29.13,0.2818,0.05491,0.59519,0.31902
29.14,0.2806,0.0549,0.59518,0.31903
29.15,0.2793,0.05489,0.59517,0.31904
29.16,0.2781,0.05488,0.59516,0.31904
29.17,0.2768,0.05487,0.59515,0.31905
29.18,0.2756,0.05487,0.59514,0.31905
29.19,0.2744,0.05486,0.59513,0.31906
29.2,0.2731,0.05485,0.59512,0.31906
29.21,0.2719,0.05484,0.59511,0.31907
29.22,0.2706,0.05484,0.5951,0.31907
29.23,0.2694,0.05483,0.59509,0.31908
29.24,0.2681,0.05482,0.59508,0.31908
29.25,0.2669,0.05481,0.59507,0.31909
29.26,0.2656,0.0548,0.59506,0.31909
29.27,0.2644,0.0548,0.59505,0.3191
29.28,0.2631,0.05479,0.59504,0.3191
29.29,0.2619,0.05478,0.59503,0.31911
29.3,0.2606,0.05477,0.59502,0.31911
29.31,0.2594,0.05476,0.59501,0.31912
29.32,0.2581,0.05476,0.595,0.31912
29.33,0.2569,0.05475,0.59499,0.31913
29.34,0.2556,0.05474,0.59498,0.31913
29.35,0.2543,0.05473,0.59498,0.31913
29.36,0.2531,0.05472,0.59497,0.31914
29.37,0.2518,0.05472,0.59496,0.31914
29.38,0.2506,0.05471,0.59495,0.31915
29.39,0.2493,0.0547,0.59494,0.31915
29.4,0.2481,0.05469,0.59493,0.31916
29.41,0.2468,0.05468,0.59492,0.31916
29.42,0.2456,0.05468,0.59491,0.31917
29.43,0.2443,0.05467,0.5949,0.31917
29.44,0.2431,0.05466,0.5949,0.31917
29.45,0.2418,0.05465,0.59489,0.31918
29.46,0.2406,0.05464,0.59488,0.31918
29.47,0.2393,0.05464,0.59487,0.31919
29.48,0.2381,0.05463,0.59486,0.31919
29.49,0.2368,0.05462,0.59485,0.31919
29.5,0.2356,0.05461,0.59484,0.3192
29.51,0.2343,0.0546,0.59484,0.3192
29.52,0.2331,0.0546,0.59483,0.31921
29.53,0.2318,0.05459,0.59482,0.31921
29.54,0.2306,0.05458,0.59481,0.31921
29.55,0.2293,0.05457,0.5948,0.31922
29.56,0.2281,0.05456,0.5948,0.31922
29.57,0.2268,0.05456,0.59479,0.31922
29.58,0.2256,0.05455,0.59478,0.31923
29.59,0.2243,0.05454,0.59477,0.31923
29.6,0.2231,0.05453,0.59477,0.31923
29.61,0.2218,0.05452,0.59476,0.31924
29.62,0.2206,0.05452,0.59475,0.31924
29.63,0.2193,0.05451,0.59474,0.31924
29.64,0.2181,0.0545,0.59474,0.31925
29.65,0.2169,0.05449,0.59473,0.31925
29.66,0.2156,0.05448,0.59472,0.31925
29.67,0.2144,0.05448,0.59471,0.31926
29.68,0.2131,0.05447,0.59471,0.31926
29.69,0.2119,0.05446,0.5947,0.31926
29.7,0.2106,0.05445,0.59469,0.31927
29.71,0.2094,0.05444,0.59468,0.31927
29.72,0.2082,0.05444,0.59468,0.31927
29.73,0.2069,0.05443,0.59467,0.31928
29.74,0.2057,0.05442,0.59466,0.31928
29.75,0.2045,0.05441,0.59466,0.31928
29.76,0.2032,0.0544,0.59465,0.31928
29.77,0.202,0.0544,0.59464,0.31929
29.78,0.2008,0.05439,0.59464,0.31929
29.79,0.1995,0.05438,0.59463,0.31929
29.8,0.1983,0.05437,0.59462,0.3193
29.81,0.1971,0.05437,0.59462,0.3193
29.82,0.1958,0.05436,0.59461,0.3193
29.83,0.1946,0.05435,0.59461,0.3193
29.84,0.1934,0.05434,0.5946,0.31931
29.85,0.1922,0.05433,0.59459,0.31931
29.86,0.1909,0.05433,0.59459,0.31931
29.87,0.1897,0.05432,0.59458,0.31931
29.88,0.1885,0.05431,0.59457,0.31931
29.89,0.1873,0.0543,0.59457,0.31932
29.9,0.186,0.05429,0.59456,0.31932
29.91,0.1848,0.05429,0.59456,0.31932
29.92,0.1836,0.05428,0.59455,0.31932
29.93,0.1824,0.05427,0.59455,0.31933
29.94,0.1812,0.05426,0.59454,0.31933
29.95,0.18,0.05425,0.59453,0.31933
29.96,0.1787,0.05425,0.59453,0.31933
29.97,0.1775,0.05424,0.59452,0.31933
29.98,0.1763,0.05423,0.59452,0.31934
29.99,0.1751,0.05422,0.59451,0.31934
30.0,0.1739,0.05422,0.59451,0.31934
30.01,0.1727,0.05421,0.5945,0.31934
30.02,0.1715,0.0542,0.5945,0.31934
30.03,0.1703,0.05419,0.59449,0.31935
30.04,0.1691,0.05418,0.59449,0.31935
30.05,0.1679,0.05418,0.59448,0.31935
30.06,0.1667,0.05417,0.59448,0.31935
30.07,0.1655,0.05416,0.59447,0.31935
30.08,0.1643,0.05415,0.59447,0.31935
30.09,0.1631,0.05414,0.59446,0.31936
30.1,0.1619,0.05414,0.59446,0.31936
30.11,0.1607,0.05413,0.59445,0.31936
30.12,0.1595,0.05412,0.59445,0.31936
30.13,0.1584,0.05411,0.59444,0.31936
30.14,0.1572,0.05411,0.59444,0.31936
30.15,0.156,0.0541,0.59443,0.31936
30.16,0.1548,0.05409,0.59443,0.31937
30.17,0.1536,0.05408,0.59442,0.31937
30.18,0.1524,0.05408,0.59442,0.31937
30.19,0.1513,0.05407,0.59442,0.31937
30.2,0.1501,0.05406,0.59441,0.31937
30.21,0.1489,0.05405,0.59441,0.31937
30.22,0.1477,0.05404,0.5944,0.31937
30.23,0.1466,0.05404,0.5944,0.31937
30.24,0.1454,0.05403,0.5944,0.31937
30.25,0.1442,0.05402,0.59439,0.31938
30.26,0.1431,0.05401,0.59439,0.31938
30.27,0.1419,0.05401,0.59438,0.31938
30.28,0.1408,0.054,0.59438,0.31938
30.29,0.1396,0.05399,0.59438,0.31938
30.3,0.1384,0.05398,0.59437,0.31938
30.31,0.1373,0.05398,0.59437,0.31938
30.32,0.1361,0.05397,0.59437,0.31938
30.33,0.135,0.05396,0.59436,0.31938
30.34,0.1338,0.05395,0.59436,0.31938
30.35,0.1327,0.05395,0.59436,0.31938
30.36,0.1315,0.05394,0.59435,0.31938
30.37,0.1304,0.05393,0.59435,0.31938
30.38,0.1293,0.05392,0.59435,0.31938
30.39,0.1281,0.05392,0.59434,0.31939
30.4,0.127,0.05391,0.59434,0.31939
30.41,0.1258,0.0539,0.59434,0.31939
30.42,0.1247,0.05389,0.59433,0.31939
30.43,0.1236,0.05389,0.59433,0.31939
30.44,0.1225,0.05388,0.59433,0.31939
30.45,0.1213,0.05387,0.59432,0.31939
30.46,0.1202,0.05386,0.59432,0.31939
30.47,0.1191,0.05386,0.59432,0.31939
30.48,0.118,0.05385,0.59431,0.31939
30.49,0.1169,0.05384,0.59431,0.31939
30.5,0.1157,0.05383,0.59431,0.31939
30.51,0.1146,0.05383,0.59431,0.31939
30.52,0.1135,0.05382,0.5943,0.31939
30.53,0.1124,0.05381,0.5943,0.31939
30.54,0.1113,0.0538,0.5943,0.31939
30.55,0.1102,0.0538,0.5943,0.31939
30.56,0.1091,0.05379,0.59429,0.31939
30.57,0.108,0.05378,0.59429,0.31939
30.58,0.1069,0.05378,0.59429,0.31939
30.59,0.1058,0.05377,0.59429,0.31939
30.6,0.1047,0.05376,0.59429,0.31939
30.61,0.1036,0.05375,0.59428,0.31939
30.62,0.1025,0.05375,0.59428,0.31939
30.63,0.1015,0.05374,0.59428,0.31939
30.64,0.1004,0.05373,0.59428,0.31939
30.65,0.0993,0.05373,0.59428,0.31939
30.66,0.0982,0.05372,0.59427,0.31939
30.67,0.0971,0.05371,0.59427,0.31939
30.68,0.0961,0.0537,0.59427,0.31939
30.69,0.095,0.0537,0.59427,0.31939
30.7,0.0939,0.05369,0.59427,0.31939
30.71,0.0929,0.05368,0.59426,0.31938
30.72,0.0918,0.05368,0.59426,0.31938
30.73,0.0908,0.05367,0.59426,0.31938
30.74,0.0897,0.05366,0.59426,0.31938
30.75,0.0886,0.05365,0.59426,0.31938
30.76,0.0876,0.05365,0.59426,0.31938
30.77,0.0865,0.05364,0.59426,0.31938
30.78,0.0855,0.05363,0.59425,0.31938
30.79,0.0845,0.05363,0.59425,0.31938
30.8,0.0834,0.05362,0.59425,0.31938
30.81,0.0824,0.05361,0.59425,0.31938
30.82,0.0813,0.05361,0.59425,0.31938
30.83,0.0803,0.0536,0.59425,0.31938
30.84,0.0793,0.05359,0.59425,0.31938
30.85,0.0782,0.05359,0.59425,0.31937
30.86,0.0772,0.05358,0.59424,0.31937
30.87,0.0762,0.05357,0.59424,0.31937
30.88,0.0752,0.05356,0.59424,0.31937
30.89,0.0742,0.05356,0.59424,0.31937
30.9,0.0731,0.05355,0.59424,0.31937
30.91,0.0721,0.05354,0.59424,0.31937
30.92,0.0711,0.05354,0.59424,0.31937
30.93,0.0701,0.05353,0.59424,0.31937
30.94,0.0691,0.05352,0.59424,0.31937
30.95,0.0681,0.05352,0.59424,0.31936
30.96,0.0671,0.05351,0.59424,0.31936
30.97,0.0661,0.0535,0.59424,0.31936
30.98,0.0651,0.0535,0.59424,0.31936
30.99,0.0641,0.05349,0.59424,0.31936
31.0,0.0632,0.05348,0.59423,0.31936
31.01,0.0622,0.05348,0.59423,0.31936
31.02,0.0612,0.05347,0.59423,0.31936
31.03,0.0602,0.05346,0.59423,0.31935
31.04,0.0592,0.05346,0.59423,0.31935
31.05,0.0583,0.05345,0.59423,0.31935
31.06,0.0573,0.05345,0.59423,0.31935
31.07,0.0563,0.05344,0.59423,0.31935
31.08,0.0554,0.05343,0.59423,0.31935
31.09,0.0544,0.05343,0.59423,0.31935
31.1,0.0535,0.05342,0.59423,0.31934
31.11,0.0525,0.05341,0.59423,0.31934
31.12,0.0515,0.05341,0.59423,0.31934
31.13,0.0506,0.0534,0.59423,0.31934
31.14,0.0496,0.05339,0.59423,0.31934
31.15,0.0487,0.05339,0.59423,0.31934
31.16,0.0478,0.05338,0.59423,0.31933
31.17,0.0468,0.05337,0.59423,0.31933
31.18,0.0459,0.05337,0.59423,0.31933
31.19,0.045,0.05336,0.59423,0.31933
31.2,0.044,0.05336,0.59423,0.31933
31.21,0.0431,0.05335,0.59424,0.31933
31.22,0.0422,0.05334,0.59424,0.31932
31.23,0.0413,0.05334,0.59424,0.31932
31.24,0.0404,0.05333,0.59424,0.31932
31.25,0.0394,0.05332,0.59424,0.31932
31.26,0.0385,0.05332,0.59424,0.31932
31.27,0.0376,0.05331,0.59424,0.31931
31.28,0.0367,0.05331,0.59424,0.31931
31.29,0.0358,0.0533,0.59424,0.31931
31.3,0.0349,0.05329,0.59424,0.31931
31.31,0.034,0.05329,0.59424,0.31931
31.32,0.0331,0.05328,0.59424,0.3193
31.33,0.0322,0.05328,0.59424,0.3193
31.34,0.0314,0.05327,0.59424,0.3193
31.35,0.0305,0.05326,0.59424,0.3193
31.36,0.0296,0.05326,0.59425,0.3193
31.37,0.0287,0.05325,0.59425,0.31929
31.38,0.0278,0.05325,0.59425,0.31929
31.39,0.027,0.05324,0.59425,0.31929
31.4,0.0261,0.05323,0.59425,0.31929
31.41,0.0252,0.05323,0.59425,0.31929
31.42,0.0244,0.05322,0.59425,0.31928
31.43,0.0235,0.05322,0.59425,0.31928
31.44,0.0227,0.05321,0.59425,0.31928
31.45,0.0218,0.05321,0.59426,0.31928
31.46,0.021,0.0532,0.59426,0.31927
31.47,0.0201,0.05319,0.59426,0.31927
31.48,0.0193,0.05319,0.59426,0.31927
31.49,0.0184,0.05318,0.59426,0.31927
31.5,0.0176,0.05318,0.59426,0.31926
31.51,0.0168,0.05317,0.59426,0.31926
31.52,0.0159,0.05317,0.59427,0.31926
31.53,0.0151,0.05316,0.59427,0.31926
31.54,0.0143,0.05315,0.59427,0.31925
31.55,0.0135,0.05315,0.59427,0.31925
31.56,0.0126,0.05314,0.59427,0.31925
31.57,0.0118,0.05314,0.59427,0.31925
31.58,0.011,0.05313,0.59428,0.31924
31.59,0.0102,0.05313,0.59428,0.31924
31.6,0.0094,0.05312,0.59428,0.31924
31.61,0.0086,0.05312,0.59428,0.31924
31.62,0.0078,0.05311,0.59428,0.31923
31.63,0.007,0.0531,0.59428,0.31923
31.64,0.0062,0.0531,0.59429,0.31923
31.65,0.0054,0.05309,0.59429,0.31923
31.66,0.0046,0.05309,0.59429,0.31922
31.67,0.0039,0.05308,0.59429,0.31922
31.68,0.0031,0.05308,0.59429,0.31922
31.69,0.0023,0.05307,0.5943,0.31922
31.7,0.0015,0.05307,0.5943,0.31921
31.71,0.0008,0.05306,0.5943,0.31921
31.72,0.0,0.05306,0.5943,0.31921
31.73,-0.0008,0.05305,0.5943,0.3192
31.74,-0.0015,0.05305,0.59431,0.3192
31.75,-0.0023,0.05304,0.59431,0.3192
31.76,-0.003,0.05304,0.59431,0.3192
31.77,-0.0038,0.05303,0.59431,0.31919
31.78,-0.0045,0.05303,0.59432,0.31919
31.79,-0.0053,0.05302,0.59432,0.31919
31.8,-0.006,0.05302,0.59432,0.31918
31.81,-0.0067,0.05301,0.59432,0.31918
31.82,-0.0075,0.05301,0.59432,0.31918
31.83,-0.0082,0.053,0.59433,0.31918
31.84,-0.0089,0.053,0.59433,0.31917
31.85,-0.0097,0.05299,0.59433,0.31917
31.86,-0.0104,0.05299,0.59433,0.31917
31.87,-0.0111,0.05298,0.59434,0.31916
31.88,-0.0118,0.05298,0.59434,0.31916
31.89,-0.0125,0.05297,0.59434,0.31916
31.9,-0.0132,0.05297,0.59434,0.31915
31.91,-0.0139,0.05296,0.59435,0.31915
31.92,-0.0146,0.05296,0.59435,0.31915
31.93,-0.0153,0.05295,0.59435,0.31915
31.94,-0.016,0.05295,0.59436,0.31914
31.95,-0.0167,0.05294,0.59436,0.31914
31.96,-0.0174,0.05294,0.59436,0.31914
31.97,-0.0181,0.05293,0.59436,0.31913
31.98,-0.0188,0.05293,0.59437,0.31913
31.99,-0.0195,0.05292,0.59437,0.31913
32.0,-0.0201,0.05292,0.59437,0.31912
32.01,-0.0208,0.05291,0.59437,0.31912
32.02,-0.0215,0.05291,0.59438,0.31912
32.03,-0.0222,0.0529,0.59438,0.31911
32.04,-0.0228,0.0529,0.59438,0.31911
32.05,-0.0235,0.05289,0.59439,0.31911
32.06,-0.0241,0.05289,0.59439,0.3191
32.07,-0.0248,0.05289,0.59439,0.3191
32.08,-0.0254,0.05288,0.5944,0.3191
32.09,-0.0261,0.05288,0.5944,0.31909
32.1,-0.0267,0.05287,0.5944,0.31909
32.11,-0.0274,0.05287,0.5944,0.31909
32.12,-0.028,0.05286,0.59441,0.31908
32.13,-0.0286,0.05286,0.59441,0.31908
32.14,-0.0293,0.05285,0.59441,0.31908
32.15,-0.0299,0.05285,0.59442,0.31907
32.16,-0.0305,0.05285,0.59442,0.31907
32.17,-0.0311,0.05284,0.59442,0.31907
32.18,-0.0318,0.05284,0.59443,0.31906
32.19,-0.0324,0.05283,0.59443,0.31906
32.2,-0.033,0.05283,0.59443,0.31906
32.21,-0.0336,0.05282,0.59444,0.31905
32.22,-0.0342,0.05282,0.59444,0.31905
32.23,-0.0348,0.05282,0.59444,0.31905
32.24,-0.0354,0.05281,0.59445,0.31904
32.25,-0.036,0.05281,0.59445,0.31904
32.26,-0.0366,0.0528,0.59445,0.31904
32.27,-0.0372,0.0528,0.59446,0.31903
32.28,-0.0378,0.05279,0.59446,0.31903
32.29,-0.0383,0.05279,0.59446,0.31902
32.3,-0.0389,0.05279,0.59447,0.31902
32.31,-0.0395,0.05278,0.59447,0.31902
32.32,-0.0401,0.05278,0.59448,0.31901
32.33,-0.0406,0.05277,0.59448,0.31901
32.34,-0.0412,0.05277,0.59448,0.31901
32.35,-0.0418,0.05277,0.59449,0.319
32.36,-0.0423,0.05276,0.59449,0.319
32.37,-0.0429,0.05276,0.59449,0.319
32.38,-0.0434,0.05275,0.5945,0.31899
32.39,-0.044,0.05275,0.5945,0.31899
32.4,-0.0445,0.05275,0.5945,0.31899
32.41,-0.0451,0.05274,0.59451,0.31898
32.42,-0.0456,0.05274,0.59451,0.31898
32.43,-0.0462,0.05273,0.59452,0.31897
32.44,-0.0467,0.05273,0.59452,0.31897
32.45,-0.0472,0.05273,0.59452,0.31897
32.46,-0.0477,0.05272,0.59453,0.31896
32.47,-0.0483,0.05272,0.59453,0.31896
32.48,-0.0488,0.05272,0.59453,0.31896
32.49,-0.0493,0.05271,0.59454,0.31895
32.5,-0.0498,0.05271,0.59454,0.31895
32.51,-0.0503,0.05271,0.59455,0.31894
32.52,-0.0508,0.0527,0.59455,0.31894
32.53,-0.0514,0.0527,0.59455,0.31894
32.54,-0.0519,0.05269,0.59456,0.31893
32.55,-0.0524,0.05269,0.59456,0.31893
32.56,-0.0529,0.05269,0.59457,0.31893
32.57,-0.0533,0.05268,0.59457,0.31892
32.58,-0.0538,0.05268,0.59457,0.31892
32.59,-0.0543,0.05268,0.59458,0.31891
32.6,-0.0548,0.05267,0.59458,0.31891
32.61,-0.0553,0.05267,0.59459,0.31891
32.62,-0.0558,0.05267,0.59459,0.3189
32.63,-0.0562,0.05266,0.59459,0.3189
32.64,-0.0567,0.05266,0.5946,0.3189
32.65,-0.0572,0.05266,0.5946,0.31889
32.66,-0.0576,0.05265,0.59461,0.31889
32.67,-0.0581,0.05265,0.59461,0.31888
32.68,-0.0586,0.05265,0.59462,0.31888
32.69,-0.059,0.05264,0.59462,0.31888
32.7,-0.0595,0.05264,0.59462,0.31887
32.71,-0.0599,0.05264,0.59463,0.31887
32.72,-0.0604,0.05263,0.59463,0.31886
32.73,-0.0608,0.05263,0.59464,0.31886
32.74,-0.0613,0.05263,0.59464,0.31886
32.75,-0.0617,0.05262,0.59464,0.31885
32.76,-0.0621,0.05262,0.59465,0.31885
32.77,-0.0626,0.05262,0.59465,0.31885
32.78,-0.063,0.05261,0.59466,0.31884
32.79,-0.0634,0.05261,0.59466,0.31884
32.8,-0.0638,0.05261,0.59467,0.31883
32.81,-0.0643,0.0526,0.59467,0.31883
32.82,-0.0647,0.0526,0.59467,0.31883
32.83,-0.0651,0.0526,0.59468,0.31882
32.84,-0.0655,0.0526,0.59468,0.31882
32.85,-0.0659,0.05259,0.59469,0.31881
32.86,-0.0663,0.05259,0.59469,0.31881
32.87,-0.0667,0.05259,0.5947,0.31881
32.88,-0.0671,0.05258,0.5947,0.3188
32.89,-0.0675,0.05258,0.59471,0.3188
32.9,-0.0679,0.05258,0.59471,0.31879
32.91,-0.0683,0.05258,0.59471,0.31879
32.92,-0.0687,0.05257,0.59472,0.31879
32.93,-0.069,0.05257,0.59472,0.31878
32.94,-0.0694,0.05257,0.59473,0.31878
32.95,-0.0698,0.05256,0.59473,0.31877
32.96,-0.0702,0.05256,0.59474,0.31877
32.97,-0.0705,0.05256,0.59474,0.31877
32.98,-0.0709,0.05256,0.59475,0.31876
32.99,-0.0713,0.05255,0.59475,0.31876
33.0,-0.0716,0.05255,0.59475,0.31875
33.01,-0.072,0.05255,0.59476,0.31875
33.02,-0.0724,0.05254,0.59476,0.31875
33.03,-0.0727,0.05254,0.59477,0.31874
33.04,-0.0731,0.05254,0.59477,0.31874
33.05,-0.0734,0.05254,0.59478,0.31874
33.06,-0.0738,0.05253,0.59478,0.31873
33.07,-0.0741,0.05253,0.59479,0.31873
33.08,-0.0744,0.05253,0.59479,0.31872
33.09,-0.0748,0.05253,0.5948,0.31872
33.1,-0.0751,0.05252,0.5948,0.31872
33.11,-0.0754,0.05252,0.59481,0.31871
33.12,-0.0758,0.05252,0.59481,0.31871
33.13,-0.0761,0.05252,0.59481,0.3187
33.14,-0.0764,0.05251,0.59482,0.3187
33.15,-0.0767,0.05251,0.59482,0.31869
33.16,-0.077,0.05251,0.59483,0.31869
33.17,-0.0774,0.05251,0.59483,0.31869
33.18,-0.0777,0.0525,0.59484,0.31868
33.19,-0.078,0.0525,0.59484,0.31868
33.2,-0.0783,0.0525,0.59485,0.31867
33.21,-0.0786,0.0525,0.59485,0.31867
33.22,-0.0789,0.0525,0.59486,0.31867
33.23,-0.0792,0.05249,0.59486,0.31866
33.24,-0.0795,0.05249,0.59487,0.31866
33.25,-0.0798,0.05249,0.59487,0.31865
33.26,-0.08,0.05249,0.59488,0.31865
33.27,-0.0803,0.05248,0.59488,0.31865
33.28,-0.0806,0.05248,0.59488,0.31864
33.29,-0.0809,0.05248,0.59489,0.31864
33.3,-0.0812,0.05248,0.59489,0.31863
33.31,-0.0814,0.05248,0.5949,0.31863
33.32,-0.0817,0.05247,0.5949,0.31863
33.33,-0.082,0.05247,0.59491,0.31862
33.34,-0.0822,0.05247,0.59491,0.31862
33.35,-0.0825,0.05247,0.59492,0.31861
33.36,-0.0828,0.05247,0.59492,0.31861
33.37,-0.083,0.05246,0.59493,0.31861
33.38,-0.0833,0.05246,0.59493,0.3186
33.39,-0.0835,0.05246,0.59494,0.3186
33.4,-0.0838,0.05246,0.59494,0.31859
33.41,-0.084,0.05246,0.59495,0.31859
33.42,-0.0843,0.05245,0.59495,0.31859
33.43,-0.0845,0.05245,0.59496,0.31858
33.44,-0.0847,0.05245,0.59496,0.31858
33.45,-0.085,0.05245,0.59497,0.31857
33.46,-0.0852,0.05245,0.59497,0.31857
33.47,-0.0854,0.05244,0.59498,0.31857
33.48,-0.0857,0.05244,0.59498,0.31856
33.49,-0.0859,0.05244,0.59499,0.31856
33.5,-0.0861,0.05244,0.59499,0.31855
33.51,-0.0863,0.05244,0.595,0.31855
33.52,-0.0866,0.05244,0.595,0.31855
33.53,-0.0868,0.05243,0.59501,0.31854
33.54,-0.087,0.05243,0.59501,0.31854
33.55,-0.0872,0.05243,0.59501,0.31853
33.56,-0.0874,0.05243,0.59502,0.31853
33.57,-0.0876,0.05243,0.59502,0.31853
33.58,-0.0878,0.05243,0.59503,0.31852
33.59,-0.088,0.05242,0.59503,0.31852
33.6,-0.0882,0.05242,0.59504,0.31851
33.61,-0.0884,0.05242,0.59504,0.31851
33.62,-0.0886,0.05242,0.59505,0.31851
33.63,-0.0888,0.05242,0.59505,0.3185
33.64,-0.089,0.05242,0.59506,0.3185
33.65,-0.0891,0.05241,0.59506,0.31849
33.66,-0.0893,0.05241,0.59507,0.31849
33.67,-0.0895,0.05241,0.59507,0.31849
33.68,-0.0897,0.05241,0.59508,0.31848
33.69,-0.0899,0.05241,0.59508,0.31848
33.7,-0.09,0.05241,0.59509,0.31847
33.71,-0.0902,0.05241,0.59509,0.31847
33.72,-0.0904,0.0524,0.5951,0.31847
33.73,-0.0905,0.0524,0.5951,0.31846
33.74,-0.0907,0.0524,0.59511,0.31846
33.75,-0.0908,0.0524,0.59511,0.31845
33.76,-0.091,0.0524,0.59512,0.31845
33.77,-0.0912,0.0524,0.59512,0.31845
33.78,-0.0913,0.0524,0.59513,0.31844
33.79,-0.0915,0.05239,0.59513,0.31844
33.8,-0.0916,0.05239,0.59514,0.31843
33.81,-0.0917,0.05239,0.59514,0.31843
33.82,-0.0919,0.05239,0.59515,0.31843
33.83,-0.092,0.05239,0.59515,0.31842
33.84,-0.0922,0.05239,0.59516,0.31842
33.85,-0.0923,0.05239,0.59516,0.31841
33.86,-0.0924,0.05239,0.59517,0.31841
33.87,-0.0926,0.05238,0.59517,0.31841
33.88,-0.0927,0.05238,0.59518,0.3184
33.89,-0.0928,0.05238,0.59518,0.3184
33.9,-0.0929,0.05238,0.59519,0.31839
33.91,-0.0931,0.05238,0.59519,0.31839
33.92,-0.0932,0.05238,0.5952,0.31839
33.93,-0.0933,0.05238,0.5952,0.31838
33.94,-0.0934,0.05238,0.59521,0.31838
33.95,-0.0935,0.05238,0.59521,0.31838
33.96,-0.0936,0.05238,0.59522,0.31837
33.97,-0.0937,0.05237,0.59522,0.31837
33.98,-0.0938,0.05237,0.59523,0.31836
33.99,-0.0939,0.05237,0.59523,0.31836
34.0,-0.094,0.05237,0.59524,0.31836
34.01,-0.0941,0.05237,0.59524,0.31835
34.02,-0.0942,0.05237,0.59525,0.31835
34.03,-0.0943,0.05237,0.59525,0.31834
34.04,-0.0944,0.05237,0.59525,0.31834
34.05,-0.0945,0.05237,0.59526,0.31834
34.06,-0.0946,0.05237,0.59526,0.31833
34.07,-0.0947,0.05236,0.59527,0.31833
34.08,-0.0947,0.05236,0.59527,0.31832
34.09,-0.0948,0.05236,0.59528,0.31832
34.1,-0.0949,0.05236,0.59528,0.31832
34.11,-0.095,0.05236,0.59529,0.31831
34.12,-0.0951,0.05236,0.59529,0.31831
34.13,-0.0951,0.05236,0.5953,0.31831
34.14,-0.0952,0.05236,0.5953,0.3183
34.15,-0.0953,0.05236,0.59531,0.3183
34.16,-0.0953,0.05236,0.59531,0.31829
34.17,-0.0954,0.05236,0.59532,0.31829
34.18,-0.0954,0.05236,0.59532,0.31829
34.19,-0.0955,0.05236,0.59533,0.31828
34.2,-0.0956,0.05235,0.59533,0.31828
34.21,-0.0956,0.05235,0.59534,0.31828
34.22,-0.0957,0.05235,0.59534,0.31827
34.23,-0.0957,0.05235,0.59535,0.31827
34.24,-0.0958,0.05235,0.59535,0.31826
34.25,-0.0958,0.05235,0.59536,0.31826
34.26,-0.0958,0.05235,0.59536,0.31826
34.27,-0.0959,0.05235,0.59537,0.31825
34.28,-0.0959,0.05235,0.59537,0.31825
34.29,-0.096,0.05235,0.59538,0.31825
34.3,-0.096,0.05235,0.59538,0.31824
34.31,-0.096,0.05235,0.59539,0.31824
34.32,-0.0961,0.05235,0.59539,0.31823
34.33,-0.0961,0.05235,0.5954,0.31823
34.34,-0.0961,0.05235,0.5954,0.31823
34.35,-0.0961,0.05235,0.59541,0.31822
34.36,-0.0962,0.05235,0.59541,0.31822
34.37,-0.0962,0.05235,0.59541,0.31822
34.38,-0.0962,0.05234,0.59542,0.31821
34.39,-0.0962,0.05234,0.59542,0.31821
34.4,-0.0962,0.05234,0.59543,0.3182
34.41,-0.0963,0.05234,0.59543,0.3182
34.42,-0.0963,0.05234,0.59544,0.3182
34.43,-0.0963,0.05234,0.59544,0.31819
34.44,-0.0963,0.05234,0.59545,0.31819
34.45,-0.0963,0.05234,0.59545,0.31819
34.46,-0.0963,0.05234,0.59546,0.31818
34.47,-0.0963,0.05234,0.59546,0.31818
34.48,-0.0963,0.05234,0.59547,0.31818
34.49,-0.0963,0.05234,0.59547,0.31817
34.5,-0.0963,0.05234,0.59548,0.31817
34.51,-0.0963,0.05234,0.59548,0.31816
34.52,-0.0963,0.05234,0.59549,0.31816
34.53,-0.0963,0.05234,0.59549,0.31816
34.54,-0.0963,0.05234,0.59549,0.31815
34.55,-0.0962,0.05234,0.5955,0.31815
34.56,-0.0962,0.05234,0.5955,0.31815
34.57,-0.0962,0.05234,0.59551,0.31814
34.58,-0.0962,0.05234,0.59551,0.31814
34.59,-0.0962,0.05234,0.59552,0.31814
34.6,-0.0961,0.05234,0.59552,0.31813
34.61,-0.0961,0.05234,0.59553,0.31813
34.62,-0.0961,0.05234,0.59553,0.31813
34.63,-0.0961,0.05234,0.59554,0.31812
34.64,-0.096,0.05234,0.59554,0.31812
34.65,-0.096,0.05234,0.59555,0.31812
34.66,-0.096,0.05234,0.59555,0.31811
34.67,-0.0959,0.05234,0.59556,0.31811
34.68,-0.0959,0.05234,0.59556,0.3181
34.69,-0.0959,0.05234,0.59556,0.3181
34.7,-0.0958,0.05234,0.59557,0.3181
34.71,-0.0958,0.05234,0.59557,0.31809
34.72,-0.0957,0.05234,0.59558,0.31809
34.73,-0.0957,0.05234,0.59558,0.31809
34.74,-0.0956,0.05234,0.59559,0.31808
34.75,-0.0956,0.05234,0.59559,0.31808
34.76,-0.0955,0.05234,0.5956,0.31808
34.77,-0.0955,0.05234,0.5956,0.31807
34.78,-0.0954,0.05234,0.59561,0.31807
34.79,-0.0954,0.05234,0.59561,0.31807
34.8,-0.0953,0.05234,0.59561,0.31806
34.81,-0.0953,0.05234,0.59562,0.31806
34.82,-0.0952,0.05234,0.59562,0.31806
34.83,-0.0951,0.05234,0.59563,0.31805
34.84,-0.0951,0.05234,0.59563,0.31805
34.85,-0.095,0.05234,0.59564,0.31805
34.86,-0.095,0.05234,0.59564,0.31804
34.87,-0.0949,0.05234,0.59565,0.31804
34.88,-0.0948,0.05234,0.59565,0.31804
34.89,-0.0947,0.05234,0.59565,0.31803
34.9,-0.0947,0.05234,0.59566,0.31803
34.91,-0.0946,0.05234,0.59566,0.31803
34.92,-0.0945,0.05234,0.59567,0.31802
34.93,-0.0944,0.05234,0.59567,0.31802
34.94,-0.0944,0.05234,0.59568,0.31802
34.95,-0.0943,0.05234,0.59568,0.31801
34.96,-0.0942,0.05234,0.59569,0.31801
34.97,-0.0941,0.05234,0.59569,0.31801
34.98,-0.094,0.05234,0.59569,0.318
34.99,-0.094,0.05234,0.5957,0.318
35.0,-0.0939,0.05234,0.5957,0.318
35.01,-0.0938,0.05234,0.59571,0.31799
35.02,-0.0937,0.05234,0.59571,0.31799
35.03,-0.0936,0.05234,0.59572,0.31799
35.04,-0.0935,0.05234,0.59572,0.31798
35.05,-0.0934,0.05234,0.59572,0.31798
35.06,-0.0933,0.05234,0.59573,0.31798
35.07,-0.0932,0.05234,0.59573,0.31798
35.08,-0.0931,0.05235,0.59574,0.31797
35.09,-0.093,0.05235,0.59574,0.31797
35.1,-0.0929,0.05235,0.59575,0.31797
35.11,-0.0928,0.05235,0.59575,0.31796
35.12,-0.0927,0.05235,0.59575,0.31796
35.13,-0.0926,0.05235,0.59576,0.31796
35.14,-0.0925,0.05235,0.59576,0.31795
35.15,-0.0924,0.05235,0.59577,0.31795
35.16,-0.0923,0.05235,0.59577,0.31795
35.17,-0.0922,0.05235,0.59578,0.31794
35.18,-0.092,0.05235,0.59578,0.31794
35.19,-0.0919,0.05235,0.59578,0.31794
35.2,-0.0918,0.05235,0.59579,0.31793
35.21,-0.0917,0.05235,0.59579,0.31793
35.22,-0.0916,0.05235,0.5958,0.31793
35.23,-0.0915,0.05235,0.5958,0.31793
35.24,-0.0913,0.05235,0.5958,0.31792
35.25,-0.0912,0.05235,0.59581,0.31792
35.26,-0.0911,0.05235,0.59581,0.31792
35.27,-0.091,0.05235,0.59582,0.31791
35.28,-0.0908,0.05235,0.59582,0.31791
35.29,-0.0907,0.05236,0.59583,0.31791
35.3,-0.0906,0.05236,0.59583,0.3179
35.31,-0.0904,0.05236,0.59583,0.3179
35.32,-0.0903,0.05236,0.59584,0.3179
35.33,-0.0902,0.05236,0.59584,0.3179
35.34,-0.0901,0.05236,0.59585,0.31789
35.35,-0.0899,0.05236,0.59585,0.31789
35.36,-0.0898,0.05236,0.59585,0.31789
35.37,-0.0896,0.05236,0.59586,0.31788
35.38,-0.0895,0.05236,0.59586,0.31788
35.39,-0.0894,0.05236,0.59587,0.31788
35.4,-0.0892,0.05236,0.59587,0.31788
35.41,-0.0891,0.05236,0.59587,0.31787
35.42,-0.0889,0.05236,0.59588,0.31787
35.43,-0.0888,0.05236,0.59588,0.31787
35.44,-0.0887,0.05236,0.59588,0.31786
35.45,-0.0885,0.05237,0.59589,0.31786
35.46,-0.0884,0.05237,0.59589,0.31786
35.47,-0.0882,0.05237,0.5959,0.31786
35.48,-0.0881,0.05237,0.5959,0.31785
35.49,-0.0879,0.05237,0.5959,0.31785
35.5,-0.0878,0.05237,0.59591,0.31785
35.51,-0.0876,0.05237,0.59591,0.31784
35.52,-0.0875,0.05237,0.59592,0.31784
35.53,-0.0873,0.05237,0.59592,0.31784
35.54,-0.0871,0.05237,0.59592,0.31784
35.55,-0.087,0.05237,0.59593,0.31783
35.56,-0.0868,0.05237,0.59593,0.31783
35.57,-0.0867,0.05237,0.59593,0.31783
35.58,-0.0865,0.05238,0.59594,0.31783
35.59,-0.0863,0.05238,0.59594,0.31782
35.6,-0.0862,0.05238,0.59595,0.31782
35.61,-0.086,0.05238,0.59595,0.31782
35.62,-0.0859,0.05238,0.59595,0.31781
35.63,-0.0857,0.05238,0.59596,0.31781
35.64,-0.0855,0.05238,0.59596,0.31781
35.65,-0.0854,0.05238,0.59596,0.31781
35.66,-0.0852,0.05238,0.59597,0.3178
35.67,-0.085,0.05238,0.59597,0.3178
35.68,-0.0848,0.05238,0.59598,0.3178
35.69,-0.0847,0.05239,0.59598,0.3178
35.7,-0.0845,0.05239,0.59598,0.31779
35.71,-0.0843,0.05239,0.59599,0.31779
35.72,-0.0842,0.05239,0.59599,0.31779
35.73,-0.084,0.05239,0.59599,0.31779
35.74,-0.0838,0.05239,0.596,0.31778
35.75,-0.0836,0.05239,0.596,0.31778
35.76,-0.0834,0.05239,0.596,0.31778
35.77,-0.0833,0.05239,0.59601,0.31778
35.78,-0.0831,0.05239,0.59601,0.31777
35.79,-0.0829,0.05239,0.59602,0.31777
35.8,-0.0827,0.0524,0.59602,0.31777
35.81,-0.0825,0.0524,0.59602,0.31777
35.82,-0.0824,0.0524,0.59603,0.31776
35.83,-0.0822,0.0524,0.59603,0.31776
35.84,-0.082,0.0524,0.59603,0.31776
35.85,-0.0818,0.0524,0.59604,0.31776
35.86,-0.0816,0.0524,0.59604,0.31775
35.87,-0.0814,0.0524,0.59604,0.31775
35.88,-0.0812,0.0524,0.59605,0.31775
35.89,-0.0811,0.0524,0.59605,0.31775
35.9,-0.0809,0.05241,0.59605,0.31774
35.91,-0.0807,0.05241,0.59606,0.31774
35.92,-0.0805,0.05241,0.59606,0.31774
35.93,-0.0803,0.05241,0.59606,0.31774
35.94,-0.0801,0.05241,0.59607,0.31773
35.95,-0.0799,0.05241,0.59607,0.31773
35.96,-0.0797,0.05241,0.59607,0.31773
35.97,-0.0795,0.05241,0.59608,0.31773
35.98,-0.0793,0.05241,0.59608,0.31772
35.99,-0.0791,0.05242,0.59608,0.31772
36.0,-0.0789,0.05242,0.59609,0.31772
36.01,-0.0787,0.05242,0.59609,0.31772
36.02,-0.0785,0.05242,0.59609,0.31772
36.03,-0.0783,0.05242,0.5961,0.31771
36.04,-0.0781,0.05242,0.5961,0.31771
36.05,-0.0779,0.05242,0.5961,0.31771
36.06,-0.0777,0.05242,0.59611,0.31771
36.07,-0.0775,0.05242,0.59611,0.3177
36.08,-0.0773,0.05243,0.59611,0.3177
36.09,-0.0771,0.05243,0.59612,0.3177
36.1,-0.0769,0.05243,0.59612,0.3177
36.11,-0.0767,0.05243,0.59612,0.3177
36.12,-0.0765,0.05243,0.59613,0.31769
36.13,-0.0763,0.05243,0.59613,0.31769
36.14,-0.0761,0.05243,0.59613,0.31769
36.15,-0.0759,0.05243,0.59613,0.31769
36.16,-0.0757,0.05243,0.59614,0.31768
36.17,-0.0755,0.05244,0.59614,0.31768
36.18,-0.0752,0.05244,0.59614,0.31768
36.19,-0.075,0.05244,0.59615,0.31768
36.2,-0.0748,0.05244,0.59615,0.31768
36.21,-0.0746,0.05244,0.59615,0.31767
36.22,-0.0744,0.05244,0.59616,0.31767
36.23,-0.0742,0.05244,0.59616,0.31767
36.24,-0.074,0.05244,0.59616,0.31767
36.25,-0.0738,0.05245,0.59617,0.31767
36.26,-0.0735,0.05245,0.59617,0.31766
36.27,-0.0733,0.05245,0.59617,0.31766
36.28,-0.0731,0.05245,0.59617,0.31766
36.29,-0.0729,0.05245,0.59618,0.31766
36.3,-0.0727,0.05245,0.59618,0.31766
36.31,-0.0725,0.05245,0.59618,0.31765
36.32,-0.0722,0.05245,0.59619,0.31765
36.33,-0.072,0.05245,0.59619,0.31765
36.34,-0.0718,0.05246,0.59619,0.31765
36.35,-0.0716,0.05246,0.59619,0.31765
36.36,-0.0714,0.05246,0.5962,0.31764
36.37,-0.0712,0.05246,0.5962,0.31764
36.38,-0.0709,0.05246,0.5962,0.31764
36.39,-0.0707,0.05246,0.59621,0.31764
36.4,-0.0705,0.05246,0.59621,0.31764
36.41,-0.0703,0.05247,0.59621,0.31763
36.42,-0.07,0.05247,0.59621,0.31763
36.43,-0.0698,0.05247,0.59622,0.31763
36.44,-0.0696,0.05247,0.59622,0.31763
36.45,-0.0694,0.05247,0.59622,0.31763
36.46,-0.0691,0.05247,0.59622,0.31763
36.47,-0.0689,0.05247,0.59623,0.31762
36.48,-0.0687,0.05247,0.59623,0.31762
36.49,-0.0685,0.05248,0.59623,0.31762
36.5,-0.0682,0.05248,0.59624,0.31762
36.51,-0.068,0.05248,0.59624,0.31762
36.52,-0.0678,0.05248,0.59624,0.31761
36.53,-0.0676,0.05248,0.59624,0.31761
36.54,-0.0673,0.05248,0.59625,0.31761
36.55,-0.0671,0.05248,0.59625,0.31761
36.56,-0.0669,0.05248,0.59625,0.31761
36.57,-0.0666,0.05249,0.59625,0.31761
36.58,-0.0664,0.05249,0.59626,0.3176
36.59,-0.0662,0.05249,0.59626,0.3176
36.6,-0.066,0.05249,0.59626,0.3176
36.61,-0.0657,0.05249,0.59626,0.3176
36.62,-0.0655,0.05249,0.59627,0.3176
36.63,-0.0653,0.05249,0.59627,0.31759
36.64,-0.065,0.0525,0.59627,0.31759
36.65,-0.0648,0.0525,0.59627,0.31759
36.66,-0.0646,0.0525,0.59628,0.31759
36.67,-0.0643,0.0525,0.59628,0.31759
36.68,-0.0641,0.0525,0.59628,0.31759
36.69,-0.0639,0.0525,0.59628,0.31759
36.7,-0.0636,0.0525,0.59629,0.31758
36.71,-0.0634,0.05251,0.59629,0.31758
36.72,-0.0632,0.05251,0.59629,0.31758
36.73,-0.0629,0.05251,0.59629,0.31758
36.74,-0.0627,0.05251,0.5963,0.31758
36.75,-0.0625,0.05251,0.5963,0.31758
36.76,-0.0622,0.05251,0.5963,0.31757
36.77,-0.062,0.05251,0.5963,0.31757
36.78,-0.0618,0.05252,0.59631,0.31757
36.79,-0.0615,0.05252,0.59631,0.31757
36.8,-0.0613,0.05252,0.59631,0.31757
36.81,-0.061,0.05252,0.59631,0.31757
36.82,-0.0608,0.05252,0.59631,0.31756
36.83,-0.0606,0.05252,0.59632,0.31756
36.84,-0.0603,0.05252,0.59632,0.31756
36.85,-0.0601,0.05253,0.59632,0.31756
36.86,-0.0599,0.05253,0.59632,0.31756
36.87,-0.0596,0.05253,0.59633,0.31756
36.88,-0.0594,0.05253,0.59633,0.31756
36.89,-0.0591,0.05253,0.59633,0.31755
36.9,-0.0589,0.05253,0.59633,0.31755
36.91,-0.0587,0.05253,0.59633,0.31755
36.92,-0.0584,0.05254,0.59634,0.31755
36.93,-0.0582,0.05254,0.59634,0.31755
36.94,-0.0579,0.05254,0.59634,0.31755
36.95,-0.0577,0.05254,0.59634,0.31755
36.96,-0.0575,0.05254,0.59635,0.31754
36.97,-0.0572,0.05254,0.59635,0.31754
36.98,-0.057,0.05254,0.59635,0.31754
36.99,-0.0567,0.05255,0.59635,0.31754
37.0,-0.0565,0.05255,0.59635,0.31754
37.01,-0.0563,0.05255,0.59636,0.31754
37.02,-0.056,0.05255,0.59636,0.31754
37.03,-0.0558,0.05255,0.59636,0.31754
37.04,-0.0555,0.05255,0.59636,0.31753
37.05,-0.0553,0.05255,0.59636,0.31753
37.06,-0.0551,0.05256,0.59637,0.31753
37.07,-0.0548,0.05256,0.59637,0.31753
37.08,-0.0546,0.05256,0.59637,0.31753
37.09,-0.0543,0.05256,0.59637,0.31753
37.1,-0.0541,0.05256,0.59637,0.31753
37.11,-0.0539,0.05256,0.59638,0.31752
37.12,-0.0536,0.05256,0.59638,0.31752
37.13,-0.0534,0.05257,0.59638,0.31752
37.14,-0.0531,0.05257,0.59638,0.31752
37.15,-0.0529,0.05257,0.59638,0.31752
37.16,-0.0526,0.05257,0.59638,0.31752
37.17,-0.0524,0.05257,0.59639,0.31752
37.18,-0.0522,0.05257,0.59639,0.31752
37.19,-0.0519,0.05257,0.59639,0.31752
37.2,-0.0517,0.05258,0.59639,0.31751
37.21,-0.0514,0.05258,0.59639,0.31751
37.22,-0.0512,0.05258,0.5964,0.31751
37.23,-0.051,0.05258,0.5964,0.31751
37.24,-0.0507,0.05258,0.5964,0.31751
37.25,-0.0505,0.05258,0.5964,0.31751
37.26,-0.0502,0.05258,0.5964,0.31751
37.27,-0.05,0.05259,0.5964,0.31751
37.28,-0.0497,0.05259,0.59641,0.31751
37.29,-0.0495,0.05259,0.59641,0.3175
37.3,-0.0493,0.05259,0.59641,0.3175
37.31,-0.049,0.05259,0.59641,0.3175
37.32,-0.0488,0.05259,0.59641,0.3175
37.33,-0.0485,0.0526,0.59641,0.3175
37.34,-0.0483,0.0526,0.59642,0.3175
37.35,-0.048,0.0526,0.59642,0.3175
37.36,-0.0478,0.0526,0.59642,0.3175
37.37,-0.0476,0.0526,0.59642,0.3175
37.38,-0.0473,0.0526,0.59642,0.31749
37.39,-0.0471,0.0526,0.59642,0.31749
37.4,-0.0468,0.05261,0.59643,0.31749
37.41,-0.0466,0.05261,0.59643,0.31749
37.42,-0.0463,0.05261,0.59643,0.31749
37.43,-0.0461,0.05261,0.59643,0.31749
37.44,-0.0459,0.05261,0.59643,0.31749
37.45,-0.0456,0.05261,0.59643,0.31749
37.46,-0.0454,0.05261,0.59644,0.31749
37.47,-0.0451,0.05262,0.59644,0.31749
37.48,-0.0449,0.05262,0.59644,0.31749
37.49,-0.0446,0.05262,0.59644,0.31748
37.5,-0.0444,0.05262,0.59644,0.31748
37.51,-0.0442,0.05262,0.59644,0.31748
37.52,-0.0439,0.05262,0.59644,0.31748
37.53,-0.0437,0.05263,0.59645,0.31748
37.54,-0.0434,0.05263,0.59645,0.31748
37.55,-0.0432,0.05263,0.59645,0.31748
37.56,-0.043,0.05263,0.59645,0.31748
37.57,-0.0427,0.05263,0.59645,0.31748
37.58,-0.0425,0.05263,0.59645,0.31748
37.59,-0.0422,0.05263,0.59645,0.31748
37.6,-0.042,0.05264,0.59646,0.31747
37.61,-0.0418,0.05264,0.59646,0.31747
37.62,-0.0415,0.05264,0.59646,0.31747
37.63,-0.0413,0.05264,0.59646,0.31747
37.64,-0.041,0.05264,0.59646,0.31747
37.65,-0.0408,0.05264,0.59646,0.31747
37.66,-0.0406,0.05264,0.59646,0.31747
37.67,-0.0403,0.05265,0.59646,0.31747
37.68,-0.0401,0.05265,0.59647,0.31747
37.69,-0.0398,0.05265,0.59647,0.31747
37.7,-0.0396,0.05265,0.59647,0.31747
37.71,-0.0394,0.05265,0.59647,0.31747
37.72,-0.0391,0.05265,0.59647,0.31747
37.73,-0.0389,0.05266,0.59647,0.31747
37.74,-0.0386,0.05266,0.59647,0.31746
37.75,-0.0384,0.05266,0.59647,0.31746
37.76,-0.0382,0.05266,0.59647,0.31746
37.77,-0.0379,0.05266,0.59648,0.31746
37.78,-0.0377,0.05266,0.59648,0.31746
37.79,-0.0375,0.05266,0.59648,0.31746
37.8,-0.0372,0.05267,0.59648,0.31746
37.81,-0.037,0.05267,0.59648,0.31746
37.82,-0.0367,0.05267,0.59648,0.31746
37.83,-0.0365,0.05267,0.59648,0.31746
37.84,-0.0363,0.05267,0.59648,0.31746
37.85,-0.036,0.05267,0.59648,0.31746
37.86,-0.0358,0.05267,0.59649,0.31746
37.87,-0.0356,0.05268,0.59649,0.31746
37.88,-0.0353,0.05268,0.59649,0.31746
37.89,-0.0351,0.05268,0.59649,0.31745
37.9,-0.0349,0.05268,0.59649,0.31745
37.91,-0.0346,0.05268,0.59649,0.31745
37.92,-0.0344,0.05268,0.59649,0.31745
37.93,-0.0341,0.05268,0.59649,0.31745
37.94,-0.0339,0.05269,0.59649,0.31745
37.95,-0.0337,0.05269,0.59649,0.31745
37.96,-0.0334,0.05269,0.5965,0.31745
37.97,-0.0332,0.05269,0.5965,0.31745
37.98,-0.033,0.05269,0.5965,0.31745
37.99,-0.0327,0.05269,0.5965,0.31745
38.0,-0.0325,0.0527,0.5965,0.31745
38.01,-0.0323,0.0527,0.5965,0.31745
38.02,-0.032,0.0527,0.5965,0.31745
38.03,-0.0318,0.0527,0.5965,0.31745
38.04,-0.0316,0.0527,0.5965,0.31745
38.05,-0.0314,0.0527,0.5965,0.31745
38.06,-0.0311,0.0527,0.5965,0.31745
38.07,-0.0309,0.05271,0.59651,0.31745
38.08,-0.0307,0.05271,0.59651,0.31745
38.09,-0.0304,0.05271,0.59651,0.31744
38.1,-0.0302,0.05271,0.59651,0.31744
38.11,-0.03,0.05271,0.59651,0.31744
38.12,-0.0297,0.05271,0.59651,0.31744
38.13,-0.0295,0.05271,0.59651,0.31744
38.14,-0.0293,0.05272,0.59651,0.31744
38.15,-0.0291,0.05272,0.59651,0.31744
38.16,-0.0288,0.05272,0.59651,0.31744
38.17,-0.0286,0.05272,0.59651,0.31744
38.18,-0.0284,0.05272,0.59651,0.31744
38.19,-0.0281,0.05272,0.59651,0.31744
38.2,-0.0279,0.05272,0.59652,0.31744
38.21,-0.0277,0.05273,0.59652,0.31744
38.22,-0.0275,0.05273,0.59652,0.31744
38.23,-0.0272,0.05273,0.59652,0.31744
38.24,-0.027,0.05273,0.59652,0.31744
38.25,-0.0268,0.05273,0.59652,0.31744
38.26,-0.0266,0.05273,0.59652,0.31744
38.27,-0.0263,0.05273,0.59652,0.31744
38.28,-0.0261,0.05274,0.59652,0.31744
38.29,-0.0259,0.05274,0.59652,0.31744
38.3,-0.0257,0.05274,0.59652,0.31744
38.31,-0.0254,0.05274,0.59652,0.31744
38.32,-0.0252,0.05274,0.59652,0.31744
38.33,-0.025,0.05274,0.59652,0.31744
38.34,-0.0248,0.05274,0.59652,0.31744
38.35,-0.0246,0.05275,0.59652,0.31744
38.36,-0.0243,0.05275,0.59653,0.31744
38.37,-0.0241,0.05275,0.59653,0.31744
38.38,-0.0239,0.05275,0.59653,0.31744
38.39,-0.0237,0.05275,0.59653,0.31743
38.4,-0.0235,0.05275,0.59653,0.31743
38.41,-0.0232,0.05275,0.59653,0.31743
38.42,-0.023,0.05276,0.59653,0.31743
38.43,-0.0228,0.05276,0.59653,0.31743
38.44,-0.0226,0.05276,0.59653,0.31743
38.45,-0.0224,0.05276,0.59653,0.31743
38.46,-0.0221,0.05276,0.59653,0.31743
38.47,-0.0219,0.05276,0.59653,0.31743
38.48,-0.0217,0.05276,0.59653,0.31743
38.49,-0.0215,0.05277,0.59653,0.31743
38.5,-0.0213,0.05277,0.59653,0.31743
38.51,-0.0211,0.05277,0.59653,0.31743
38.52,-0.0208,0.05277,0.59653,0.31743
38.53,-0.0206,0.05277,0.59653,0.31743
38.54,-0.0204,0.05277,0.59653,0.31743
38.55,-0.0202,0.05277,0.59653,0.31743
38.56,-0.02,0.05278,0.59653,0.31743
38.57,-0.0198,0.05278,0.59653,0.31743
38.58,-0.0196,0.05278,0.59653,0.31743
38.59,-0.0194,0.05278,0.59653,0.31743
38.6,-0.0191,0.05278,0.59654,0.31743
38.61,-0.0189,0.05278,0.59654,0.31743
38.62,-0.0187,0.05278,0.59654,0.31743
38.63,-0.0185,0.05278,0.59654,0.31743
38.64,-0.0183,0.05279,0.59654,0.31743
38.65,-0.0181,0.05279,0.59654,0.31743
38.66,-0.0179,0.05279,0.59654,0.31743
38.67,-0.0177,0.05279,0.59654,0.31743
38.68,-0.0175,0.05279,0.59654,0.31743
38.69,-0.0173,0.05279,0.59654,0.31743
38.7,-0.017,0.05279,0.59654,0.31743
38.71,-0.0168,0.0528,0.59654,0.31743
38.72,-0.0166,0.0528,0.59654,0.31743
38.73,-0.0164,0.0528,0.59654,0.31743
38.74,-0.0162,0.0528,0.59654,0.31743
38.75,-0.016,0.0528,0.59654,0.31743
38.76,-0.0158,0.0528,0.59654,0.31743
38.77,-0.0156,0.0528,0.59654,0.31743
38.78,-0.0154,0.05281,0.59654,0.31743
38.79,-0.0152,0.05281,0.59654,0.31743
38.8,-0.015,0.05281,0.59654,0.31743
38.81,-0.0148,0.05281,0.59654,0.31743
38.82,-0.0146,0.05281,0.59654,0.31743
38.83,-0.0144,0.05281,0.59654,0.31743
38.84,-0.0142,0.05281,0.59654,0.31743
38.85,-0.014,0.05281,0.59654,0.31743
38.86,-0.0138,0.05282,0.59654,0.31743
38.87,-0.0136,0.05282,0.59654,0.31743
38.88,-0.0134,0.05282,0.59654,0.31743
38.89,-0.0132,0.05282,0.59654,0.31743
38.9,-0.013,0.05282,0.59654,0.31743
38.91,-0.0128,0.05282,0.59654,0.31743
38.92,-0.0126,0.05282,0.59654,0.31743
38.93,-0.0124,0.05282,0.59654,0.31743
38.94,-0.0122,0.05283,0.59654,0.31743
38.95,-0.012,0.05283,0.59654,0.31743
38.96,-0.0118,0.05283,0.59654,0.31743
38.97,-0.0116,0.05283,0.59654,0.31743
38.98,-0.0114,0.05283,0.59654,0.31743
38.99,-0.0112,0.05283,0.59654,0.31743
39.0,-0.011,0.05283,0.59654,0.31743
39.01,-0.0109,0.05283,0.59654,0.31743
39.02,-0.0107,0.05284,0.59654,0.31743
39.03,-0.0105,0.05284,0.59654,0.31743
39.04,-0.0103,0.05284,0.59654,0.31743
39.05,-0.0101,0.05284,0.59654,0.31743
39.06,-0.0099,0.05284,0.59654,0.31743
39.07,-0.0097,0.05284,0.59654,0.31743
39.08,-0.0095,0.05284,0.59654,0.31743
39.09,-0.0093,0.05284,0.59654,0.31743
39.1,-0.0091,0.05285,0.59654,0.31743
39.11,-0.009,0.05285,0.59654,0.31743
39.12,-0.0088,0.05285,0.59654,0.31743
39.13,-0.0086,0.05285,0.59654,0.31743
39.14,-0.0084,0.05285,0.59654,0.31743
39.15,-0.0082,0.05285,0.59654,0.31744
39.16,-0.008,0.05285,0.59654,0.31744
39.17,-0.0078,0.05285,0.59654,0.31744
39.18,-0.0077,0.05286,0.59654,0.31744
39.19,-0.0075,0.05286,0.59654,0.31744
39.2,-0.0073,0.05286,0.59654,0.31744
39.21,-0.0071,0.05286,0.59654,0.31744
39.22,-0.0069,0.05286,0.59654,0.31744
39.23,-0.0068,0.05286,0.59654,0.31744
39.24,-0.0066,0.05286,0.59654,0.31744
39.25,-0.0064,0.05286,0.59654,0.31744
39.26,-0.0062,0.05287,0.59654,0.31744
39.27,-0.006,0.05287,0.59654,0.31744
39.28,-0.0059,0.05287,0.59654,0.31744
39.29,-0.0057,0.05287,0.59654,0.31744
39.3,-0.0055,0.05287,0.59654,0.31744
39.31,-0.0053,0.05287,0.59654,0.31744
39.32,-0.0051,0.05287,0.59654,0.31744
39.33,-0.005,0.05287,0.59654,0.31744
39.34,-0.0048,0.05288,0.59653,0.31744
39.35,-0.0046,0.05288,0.59653,0.31744
39.36,-0.0044,0.05288,0.59653,0.31744
39.37,-0.0043,0.05288,0.59653,0.31744
39.38,-0.0041,0.05288,0.59653,0.31744
39.39,-0.0039,0.05288,0.59653,0.31744
39.4,-0.0038,0.05288,0.59653,0.31744
39.41,-0.0036,0.05288,0.59653,0.31744
39.42,-0.0034,0.05288,0.59653,0.31744
39.43,-0.0032,0.05289,0.59653,0.31744
39.44,-0.0031,0.05289,0.59653,0.31744
39.45,-0.0029,0.05289,0.59653,0.31744
39.46,-0.0027,0.05289,0.59653,0.31744
39.47,-0.0026,0.05289,0.59653,0.31744
39.48,-0.0024,0.05289,0.59653,0.31744
39.49,-0.0022,0.05289,0.59653,0.31744
39.5,-0.0021,0.05289,0.59653,0.31745
39.51,-0.0019,0.05289,0.59653,0.31745
39.52,-0.0017,0.0529,0.59653,0.31745
39.53,-0.0016,0.0529,0.59653,0.31745
39.54,-0.0014,0.0529,0.59653,0.31745
39.55,-0.0012,0.0529,0.59653,0.31745
39.56,-0.0011,0.0529,0.59653,0.31745
39.57,-0.0009,0.0529,0.59653,0.31745
39.58,-0.0008,0.0529,0.59653,0.31745
39.59,-0.0006,0.0529,0.59653,0.31745
39.6,-0.0004,0.0529,0.59653,0.31745
39.61,-0.0003,0.05291,0.59652,0.31745
39.62,-0.0001,0.05291,0.59652,0.31745
39.63,0.0,0.05291,0.59652,0.31745
39.64,0.0002,0.05291,0.59652,0.31745
39.65,0.0004,0.05291,0.59652,0.31745
39.66,0.0005,0.05291,0.59652,0.31745
39.67,0.0007,0.05291,0.59652,0.31745
39.68,0.0008,0.05291,0.59652,0.31745
39.69,0.001,0.05291,0.59652,0.31745
39.7,0.0011,0.05291,0.59652,0.31745
39.71,0.0013,0.05292,0.59652,0.31745
39.72,0.0014,0.05292,0.59652,0.31745
39.73,0.0016,0.05292,0.59652,0.31745
39.74,0.0017,0.05292,0.59652,0.31746
39.75,0.0019,0.05292,0.59652,0.31746
39.76,0.0021,0.05292,0.59652,0.31746
39.77,0.0022,0.05292,0.59652,0.31746
39.78,0.0024,0.05292,0.59652,0.31746
39.79,0.0025,0.05292,0.59652,0.31746
39.8,0.0027,0.05293,0.59651,0.31746
39.81,0.0028,0.05293,0.59651,0.31746
39.82,0.0029,0.05293,0.59651,0.31746
39.83,0.0031,0.05293,0.59651,0.31746
39.84,0.0032,0.05293,0.59651,0.31746
39.85,0.0034,0.05293,0.59651,0.31746
39.86,0.0035,0.05293,0.59651,0.31746
39.87,0.0037,0.05293,0.59651,0.31746
39.88,0.0038,0.05293,0.59651,0.31746
39.89,0.004,0.05293,0.59651,0.31746
39.9,0.0041,0.05294,0.59651,0.31746
39.91,0.0043,0.05294,0.59651,0.31746
39.92,0.0044,0.05294,0.59651,0.31746
39.93,0.0045,0.05294,0.59651,0.31746
39.94,0.0047,0.05294,0.59651,0.31746
39.95,0.0048,0.05294,0.59651,0.31747
39.96,0.005,0.05294,0.59651,0.31747
39.97,0.0051,0.05294,0.5965,0.31747
39.98,0.0052,0.05294,0.5965,0.31747
39.99,0.0054,0.05294,0.5965,0.31747
40.0,0.0055,0.05294,0.5965,0.31747
40.01,0.0056,0.05295,0.5965,0.31747
40.02,0.0058,0.05295,0.5965,0.31747
40.03,0.0059,0.05295,0.5965,0.31747
40.04,0.0061,0.05295,0.5965,0.31747
40.05,0.0062,0.05295,0.5965,0.31747
40.06,0.0063,0.05295,0.5965,0.31747
40.07,0.0065,0.05295,0.5965,0.31747
40.08,0.0066,0.05295,0.5965,0.31747
40.09,0.0067,0.05295,0.5965,0.31747
40.1,0.0069,0.05295,0.5965,0.31747
40.11,0.007,0.05295,0.59649,0.31747
40.12,0.0071,0.05296,0.59649,0.31747
40.13,0.0072,0.05296,0.59649,0.31748
40.14,0.0074,0.05296,0.59649,0.31748
40.15,0.0075,0.05296,0.59649,0.31748
40.16,0.0076,0.05296,0.59649,0.31748
40.17,0.0078,0.05296,0.59649,0.31748
40.18,0.0079,0.05296,0.59649,0.31748
40.19,0.008,0.05296,0.59649,0.31748
40.2,0.0081,0.05296,0.59649,0.31748
40.21,0.0083,0.05296,0.59649,0.31748
40.22,0.0084,0.05296,0.59649,0.31748
40.23,0.0085,0.05297,0.59649,0.31748
40.24,0.0086,0.05297,0.59648,0.31748
40.25,0.0088,0.05297,0.59648,0.31748
40.26,0.0089,0.05297,0.59648,0.31748
40.27,0.009,0.05297,0.59648,0.31748
40.28,0.0091,0.05297,0.59648,0.31748
40.29,0.0092,0.05297,0.59648,0.31748
40.3,0.0094,0.05297,0.59648,0.31749
40.31,0.0095,0.05297,0.59648,0.31749
40.32,0.0096,0.05297,0.59648,0.31749
40.33,0.0097,0.05297,0.59648,0.31749
40.34,0.0098,0.05297,0.59648,0.31749
40.35,0.0099,0.05298,0.59648,0.31749
40.36,0.0101,0.05298,0.59648,0.31749
40.37,0.0102,0.05298,0.59647,0.31749
40.38,0.0103,0.05298,0.59647,0.31749
40.39,0.0104,0.05298,0.59647,0.31749
40.4,0.0105,0.05298,0.59647,0.31749
40.41,0.0106,0.05298,0.59647,0.31749
40.42,0.0108,0.05298,0.59647,0.31749
40.43,0.0109,0.05298,0.59647,0.31749
40.44,0.011,0.05298,0.59647,0.31749
40.45,0.0111,0.05298,0.59647,0.31749
40.46,0.0112,0.05298,0.59647,0.3175
40.47,0.0113,0.05298,0.59647,0.3175
40.48,0.0114,0.05299,0.59647,0.3175
40.49,0.0115,0.05299,0.59646,0.3175
40.5,0.0116,0.05299,0.59646,0.3175
40.51,0.0117,0.05299,0.59646,0.3175
40.52,0.0118,0.05299,0.59646,0.3175
40.53,0.012,0.05299,0.59646,0.3175
40.54,0.0121,0.05299,0.59646,0.3175
40.55,0.0122,0.05299,0.59646,0.3175
40.56,0.0123,0.05299,0.59646,0.3175
40.57,0.0124,0.05299,0.59646,0.3175
40.58,0.0125,0.05299,0.59646,0.3175
40.59,0.0126,0.05299,0.59646,0.3175
40.6,0.0127,0.05299,0.59645,0.3175
40.61,0.0128,0.053,0.59645,0.31751
40.62,0.0129,0.053,0.59645,0.31751
40.63,0.013,0.053,0.59645,0.31751
40.64,0.0131,0.053,0.59645,0.31751
40.65,0.0132,0.053,0.59645,0.31751
40.66,0.0133,0.053,0.59645,0.31751
40.67,0.0134,0.053,0.59645,0.31751
40.68,0.0135,0.053,0.59645,0.31751
40.69,0.0136,0.053,0.59645,0.31751
40.7,0.0137,0.053,0.59645,0.31751
40.71,0.0138,0.053,0.59644,0.31751
40.72,0.0139,0.053,0.59644,0.31751
40.73,0.014,0.053,0.59644,0.31751
40.74,0.0141,0.053,0.59644,0.31751
40.75,0.0141,0.05301,0.59644,0.31751
40.76,0.0142,0.05301,0.59644,0.31752
40.77,0.0143,0.05301,0.59644,0.31752
40.78,0.0144,0.05301,0.59644,0.31752
40.79,0.0145,0.05301,0.59644,0.31752
40.8,0.0146,0.05301,0.59644,0.31752
40.81,0.0147,0.05301,0.59643,0.31752
40.82,0.0148,0.05301,0.59643,0.31752
40.83,0.0149,0.05301,0.59643,0.31752
40.84,0.015,0.05301,0.59643,0.31752
40.85,0.015,0.05301,0.59643,0.31752
40.86,0.0151,0.05301,0.59643,0.31752
40.87,0.0152,0.05301,0.59643,0.31752
40.88,0.0153,0.05301,0.59643,0.31752
40.89,0.0154,0.05301,0.59643,0.31752
40.9,0.0155,0.05301,0.59643,0.31753
40.91,0.0156,0.05302,0.59642,0.31753
40.92,0.0156,0.05302,0.59642,0.31753
40.93,0.0157,0.05302,0.59642,0.31753
40.94,0.0158,0.05302,0.59642,0.31753
40.95,0.0159,0.05302,0.59642,0.31753
40.96,0.016,0.05302,0.59642,0.31753
40.97,0.0161,0.05302,0.59642,0.31753
40.98,0.0161,0.05302,0.59642,0.31753
40.99,0.0162,0.05302,0.59642,0.31753
41.0,0.0163,0.05302,0.59642,0.31753
41.01,0.0164,0.05302,0.59641,0.31753
41.02,0.0165,0.05302,0.59641,0.31753
41.03,0.0165,0.05302,0.59641,0.31753
41.04,0.0166,0.05302,0.59641,0.31754
41.05,0.0167,0.05302,0.59641,0.31754
41.06,0.0168,0.05302,0.59641,0.31754
41.07,0.0168,0.05302,0.59641,0.31754
41.08,0.0169,0.05303,0.59641,0.31754
41.09,0.017,0.05303,0.59641,0.31754
41.1,0.0171,0.05303,0.59641,0.31754
41.11,0.0171,0.05303,0.5964,0.31754
41.12,0.0172,0.05303,0.5964,0.31754
41.13,0.0173,0.05303,0.5964,0.31754
41.14,0.0174,0.05303,0.5964,0.31754
41.15,0.0174,0.05303,0.5964,0.31754
41.16,0.0175,0.05303,0.5964,0.31754
41.17,0.0176,0.05303,0.5964,0.31754
41.18,0.0176,0.05303,0.5964,0.31755
41.19,0.0177,0.05303,0.5964,0.31755
41.2,0.0178,0.05303,0.5964,0.31755
41.21,0.0178,0.05303,0.59639,0.31755
41.22,0.0179,0.05303,0.59639,0.31755
41.23,0.018,0.05303,0.59639,0.31755
41.24,0.018,0.05303,0.59639,0.31755
41.25,0.0181,0.05303,0.59639,0.31755
41.26,0.0182,0.05303,0.59639,0.31755
41.27,0.0182,0.05303,0.59639,0.31755
41.28,0.0183,0.05304,0.59639,0.31755
41.29,0.0184,0.05304,0.59639,0.31755
41.3,0.0184,0.05304,0.59638,0.31755
41.31,0.0185,0.05304,0.59638,0.31756
41.32,0.0186,0.05304,0.59638,0.31756
41.33,0.0186,0.05304,0.59638,0.31756
41.34,0.0187,0.05304,0.59638,0.31756
41.35,0.0187,0.05304,0.59638,0.31756
41.36,0.0188,0.05304,0.59638,0.31756
41.37,0.0189,0.05304,0.59638,0.31756
41.38,0.0189,0.05304,0.59638,0.31756
41.39,0.019,0.05304,0.59637,0.31756
41.4,0.019,0.05304,0.59637,0.31756
41.41,0.0191,0.05304,0.59637,0.31756
41.42,0.0192,0.05304,0.59637,0.31756
41.43,0.0192,0.05304,0.59637,0.31756
41.44,0.0193,0.05304,0.59637,0.31756
41.45,0.0193,0.05304,0.59637,0.31757
41.46,0.0194,0.05304,0.59637,0.31757
41.47,0.0194,0.05304,0.59637,0.31757
41.48,0.0195,0.05304,0.59637,0.31757
41.49,0.0195,0.05304,0.59636,0.31757
41.5,0.0196,0.05305,0.59636,0.31757
41.51,0.0196,0.05305,0.59636,0.31757
41.52,0.0197,0.05305,0.59636,0.31757
41.53,0.0197,0.05305,0.59636,0.31757
41.54,0.0198,0.05305,0.59636,0.31757
41.55,0.0198,0.05305,0.59636,0.31757
41.56,0.0199,0.05305,0.59636,0.31757
41.57,0.0199,0.05305,0.59636,0.31757
41.58,0.02,0.05305,0.59635,0.31758
41.59,0.02,0.05305,0.59635,0.31758
41.6,0.0201,0.05305,0.59635,0.31758
41.61,0.0201,0.05305,0.59635,0.31758
41.62,0.0202,0.05305,0.59635,0.31758
41.63,0.0202,0.05305,0.59635,0.31758
41.64,0.0203,0.05305,0.59635,0.31758
41.65,0.0203,0.05305,0.59635,0.31758
41.66,0.0204,0.05305,0.59635,0.31758
41.67,0.0204,0.05305,0.59634,0.31758
41.68,0.0205,0.05305,0.59634,0.31758
41.69,0.0205,0.05305,0.59634,0.31758
41.7,0.0205,0.05305,0.59634,0.31758
41.71,0.0206,0.05305,0.59634,0.31759
41.72,0.0206,0.05305,0.59634,0.31759
41.73,0.0207,0.05305,0.59634,0.31759
41.74,0.0207,0.05305,0.59634,0.31759
41.75,0.0207,0.05305,0.59634,0.31759
41.76,0.0208,0.05305,0.59633,0.31759
41.77,0.0208,0.05306,0.59633,0.31759
41.78,0.0209,0.05306,0.59633,0.31759
41.79,0.0209,0.05306,0.59633,0.31759
41.8,0.0209,0.05306,0.59633,0.31759
41.81,0.021,0.05306,0.59633,0.31759
41.82,0.021,0.05306,0.59633,0.31759
41.83,0.0211,0.05306,0.59633,0.31759
41.84,0.0211,0.05306,0.59633,0.31759
41.85,0.0211,0.05306,0.59632,0.3176
41.86,0.0212,0.05306,0.59632,0.3176
41.87,0.0212,0.05306,0.59632,0.3176
41.88,0.0212,0.05306,0.59632,0.3176
41.89,0.0213,0.05306,0.59632,0.3176
41.9,0.0213,0.05306,0.59632,0.3176
41.91,0.0213,0.05306,0.59632,0.3176
41.92,0.0214,0.05306,0.59632,0.3176
41.93,0.0214,0.05306,0.59632,0.3176
41.94,0.0214,0.05306,0.59631,0.3176
41.95,0.0215,0.05306,0.59631,0.3176
41.96,0.0215,0.05306,0.59631,0.3176
41.97,0.0215,0.05306,0.59631,0.3176
41.98,0.0215,0.05306,0.59631,0.31761
41.99,0.0216,0.05306,0.59631,0.31761
42.0,0.0216,0.05306,0.59631,0.31761
42.01,0.0216,0.05306,0.59631,0.31761
42.02,0.0217,0.05306,0.59631,0.31761
42.03,0.0217,0.05306,0.5963,0.31761
42.04,0.0217,0.05306,0.5963,0.31761
42.05,0.0217,0.05306,0.5963,0.31761
42.06,0.0218,0.05306,0.5963,0.31761
42.07,0.0218,0.05306,0.5963,0.31761
42.08,0.0218,0.05306,0.5963,0.31761
42.09,0.0218,0.05306,0.5963,0.31761
42.1,0.0219,0.05306,0.5963,0.31761
42.11,0.0219,0.05306,0.5963,0.31761
42.12,0.0219,0.05306,0.59629,0.31762
42.13,0.0219,0.05306,0.59629,0.31762
42.14,0.022,0.05306,0.59629,0.31762
42.15,0.022,0.05306,0.59629,0.31762
42.16,0.022,0.05307,0.59629,0.31762
42.17,0.022,0.05307,0.59629,0.31762
42.18,0.022,0.05307,0.59629,0.31762
42.19,0.0221,0.05307,0.59629,0.31762
42.2,0.0221,0.05307,0.59629,0.31762
42.21,0.0221,0.05307,0.59628,0.31762
42.22,0.0221,0.05307,0.59628,0.31762
42.23,0.0221,0.05307,0.59628,0.31762
42.24,0.0222,0.05307,0.59628,0.31762
42.25,0.0222,0.05307,0.59628,0.31762
42.26,0.0222,0.05307,0.59628,0.31763
42.27,0.0222,0.05307,0.59628,0.31763
42.28,0.0222,0.05307,0.59628,0.31763
42.29,0.0222,0.05307,0.59628,0.31763
42.3,0.0223,0.05307,0.59627,0.31763
42.31,0.0223,0.05307,0.59627,0.31763
42.32,0.0223,0.05307,0.59627,0.31763
42.33,0.0223,0.05307,0.59627,0.31763
42.34,0.0223,0.05307,0.59627,0.31763
42.35,0.0223,0.05307,0.59627,0.31763
42.36,0.0223,0.05307,0.59627,0.31763
42.37,0.0224,0.05307,0.59627,0.31763
42.38,0.0224,0.05307,0.59627,0.31763
42.39,0.0224,0.05307,0.59626,0.31763
42.4,0.0224,0.05307,0.59626,0.31764
42.41,0.0224,0.05307,0.59626,0.31764
42.42,0.0224,0.05307,0.59626,0.31764
42.43,0.0224,0.05307,0.59626,0.31764
42.44,0.0224,0.05307,0.59626,0.31764
42.45,0.0224,0.05307,0.59626,0.31764
42.46,0.0225,0.05307,0.59626,0.31764
42.47,0.0225,0.05307,0.59626,0.31764
42.48,0.0225,0.05307,0.59626,0.31764
42.49,0.0225,0.05307,0.59625,0.31764
42.5,0.0225,0.05307,0.59625,0.31764
42.51,0.0225,0.05307,0.59625,0.31764
42.52,0.0225,0.05307,0.59625,0.31764
42.53,0.0225,0.05307,0.59625,0.31764
42.54,0.0225,0.05307,0.59625,0.31765
42.55,0.0225,0.05307,0.59625,0.31765
42.56,0.0225,0.05307,0.59625,0.31765
42.57,0.0225,0.05307,0.59625,0.31765
42.58,0.0225,0.05307,0.59624,0.31765
42.59,0.0225,0.05307,0.59624,0.31765
42.6,0.0225,0.05307,0.59624,0.31765
42.61,0.0225,0.05307,0.59624,0.31765
42.62,0.0226,0.05307,0.59624,0.31765
42.63,0.0226,0.05307,0.59624,0.31765
42.64,0.0226,0.05307,0.59624,0.31765
42.65,0.0226,0.05307,0.59624,0.31765
42.66,0.0226,0.05307,0.59624,0.31765
42.67,0.0226,0.05307,0.59623,0.31765
42.68,0.0226,0.05307,0.59623,0.31765
42.69,0.0226,0.05307,0.59623,0.31766
42.7,0.0226,0.05307,0.59623,0.31766
42.71,0.0226,0.05307,0.59623,0.31766
42.72,0.0226,0.05307,0.59623,0.31766
42.73,0.0226,0.05307,0.59623,0.31766
42.74,0.0226,0.05307,0.59623,0.31766
42.75,0.0226,0.05307,0.59623,0.31766
42.76,0.0226,0.05307,0.59623,0.31766
42.77,0.0226,0.05307,0.59622,0.31766
42.78,0.0226,0.05307,0.59622,0.31766
42.79,0.0226,0.05307,0.59622,0.31766
42.8,0.0225,0.05307,0.59622,0.31766
42.81,0.0225,0.05307,0.59622,0.31766
42.82,0.0225,0.05307,0.59622,0.31766
42.83,0.0225,0.05307,0.59622,0.31766
42.84,0.0225,0.05307,0.59622,0.31767
42.85,0.0225,0.05307,0.59622,0.31767
42.86,0.0225,0.05307,0.59621,0.31767
42.87,0.0225,0.05307,0.59621,0.31767
42.88,0.0225,0.05307,0.59621,0.31767
42.89,0.0225,0.05307,0.59621,0.31767
42.9,0.0225,0.05307,0.59621,0.31767
42.91,0.0225,0.05307,0.59621,0.31767
42.92,0.0225,0.05307,0.59621,0.31767
42.93,0.0225,0.05307,0.59621,0.31767
42.94,0.0225,0.05307,0.59621,0.31767
42.95,0.0225,0.05307,0.59621,0.31767
42.96,0.0225,0.05307,0.5962,0.31767
42.97,0.0224,0.05307,0.5962,0.31767
42.98,0.0224,0.05307,0.5962,0.31767
42.99,0.0224,0.05307,0.5962,0.31768
43.0,0.0224,0.05307,0.5962,0.31768
43.01,0.0224,0.05307,0.5962,0.31768
43.02,0.0224,0.05307,0.5962,0.31768
43.03,0.0224,0.05307,0.5962,0.31768
43.04,0.0224,0.05307,0.5962,0.31768
43.05,0.0224,0.05307,0.5962,0.31768
43.06,0.0224,0.05307,0.59619,0.31768
43.07,0.0223,0.05307,0.59619,0.31768
43.08,0.0223,0.05307,0.59619,0.31768
43.09,0.0223,0.05307,0.59619,0.31768
43.1,0.0223,0.05307,0.59619,0.31768
43.11,0.0223,0.05307,0.59619,0.31768
43.12,0.0223,0.05307,0.59619,0.31768
43.13,0.0223,0.05307,0.59619,0.31768
43.14,0.0222,0.05307,0.59619,0.31768
43.15,0.0222,0.05307,0.59619,0.31769
43.16,0.0222,0.05307,0.59618,0.31769
43.17,0.0222,0.05307,0.59618,0.31769
43.18,0.0222,0.05307,0.59618,0.31769
43.19,0.0222,0.05307,0.59618,0.31769
43.2,0.0222,0.05307,0.59618,0.31769
43.21,0.0221,0.05307,0.59618,0.31769
43.22,0.0221,0.05307,0.59618,0.31769
43.23,0.0221,0.05307,0.59618,0.31769
43.24,0.0221,0.05307,0.59618,0.31769
43.25,0.0221,0.05307,0.59618,0.31769
43.26,0.0221,0.05307,0.59617,0.31769
43.27,0.022,0.05307,0.59617,0.31769
43.28,0.022,0.05307,0.59617,0.31769
43.29,0.022,0.05307,0.59617,0.31769
43.3,0.022,0.05307,0.59617,0.31769
43.31,0.022,0.05307,0.59617,0.31769
43.32,0.0219,0.05307,0.59617,0.3177
43.33,0.0219,0.05307,0.59617,0.3177
43.34,0.0219,0.05307,0.59617,0.3177
43.35,0.0219,0.05307,0.59617,0.3177
43.36,0.0219,0.05307,0.59616,0.3177
43.37,0.0218,0.05307,0.59616,0.3177
43.38,0.0218,0.05307,0.59616,0.3177
43.39,0.0218,0.05307,0.59616,0.3177
43.4,0.0218,0.05307,0.59616,0.3177
43.41,0.0218,0.05307,0.59616,0.3177
43.42,0.0217,0.05307,0.59616,0.3177
43.43,0.0217,0.05307,0.59616,0.3177
43.44,0.0217,0.05307,0.59616,0.3177
43.45,0.0217,0.05307,0.59616,0.3177
43.46,0.0217,0.05307,0.59616,0.3177
43.47,0.0216,0.05307,0.59615,0.3177
43.48,0.0216,0.05307,0.59615,0.3177
43.49,0.0216,0.05307,0.59615,0.3177
43.5,0.0216,0.05307,0.59615,0.31771
43.51,0.0215,0.05307,0.59615,0.31771
43.52,0.0215,0.05307,0.59615,0.31771
43.53,0.0215,0.05307,0.59615,0.31771
43.54,0.0215,0.05307,0.59615,0.31771
43.55,0.0214,0.05307,0.59615,0.31771
43.56,0.0214,0.05307,0.59615,0.31771
43.57,0.0214,0.05307,0.59615,0.31771
43.58,0.0214,0.05307,0.59614,0.31771
43.59,0.0213,0.05307,0.59614,0.31771
43.6,0.0213,0.05307,0.59614,0.31771
43.61,0.0213,0.05307,0.59614,0.31771
43.62,0.0213,0.05307,0.59614,0.31771
43.63,0.0212,0.05307,0.59614,0.31771
43.64,0.0212,0.05307,0.59614,0.31771
43.65,0.0212,0.05307,0.59614,0.31771
43.66,0.0212,0.05307,0.59614,0.31771
43.67,0.0211,0.05307,0.59614,0.31771
43.68,0.0211,0.05307,0.59614,0.31772
43.69,0.0211,0.05307,0.59613,0.31772
43.7,0.021,0.05307,0.59613,0.31772
43.71,0.021,0.05307,0.59613,0.31772
43.72,0.021,0.05307,0.59613,0.31772
43.73,0.021,0.05307,0.59613,0.31772
43.74,0.0209,0.05307,0.59613,0.31772
43.75,0.0209,0.05307,0.59613,0.31772
43.76,0.0209,0.05307,0.59613,0.31772
43.77,0.0208,0.05307,0.59613,0.31772
43.78,0.0208,0.05307,0.59613,0.31772
43.79,0.0208,0.05307,0.59613,0.31772
43.8,0.0207,0.05307,0.59613,0.31772
43.81,0.0207,0.05307,0.59612,0.31772
43.82,0.0207,0.05307,0.59612,0.31772
43.83,0.0207,0.05307,0.59612,0.31772
43.84,0.0206,0.05307,0.59612,0.31772
43.85,0.0206,0.05307,0.59612,0.31772
43.86,0.0206,0.05306,0.59612,0.31772
43.87,0.0205,0.05306,0.59612,0.31772
43.88,0.0205,0.05306,0.59612,0.31773
43.89,0.0205,0.05306,0.59612,0.31773
43.9,0.0204,0.05306,0.59612,0.31773
43.91,0.0204,0.05306,0.59612,0.31773
43.92,0.0204,0.05306,0.59611,0.31773
43.93,0.0203,0.05306,0.59611,0.31773
43.94,0.0203,0.05306,0.59611,0.31773
43.95,0.0203,0.05306,0.59611,0.31773
43.96,0.0202,0.05306,0.59611,0.31773
43.97,0.0202,0.05306,0.59611,0.31773
43.98,0.0202,0.05306,0.59611,0.31773
43.99,0.0201,0.05306,0.59611,0.31773
44.0,0.0201,0.05306,0.59611,0.31773
44.01,0.0201,0.05306,0.59611,0.31773
44.02,0.02,0.05306,0.59611,0.31773
44.03,0.02,0.05306,0.59611,0.31773
44.04,0.02,0.05306,0.59611,0.31773
44.05,0.0199,0.05306,0.5961,0.31773
44.06,0.0199,0.05306,0.5961,0.31773
44.07,0.0199,0.05306,0.5961,0.31773
44.08,0.0198,0.05306,0.5961,0.31773
44.09,0.0198,0.05306,0.5961,0.31774
44.1,0.0198,0.05306,0.5961,0.31774
44.11,0.0197,0.05306,0.5961,0.31774
44.12,0.0197,0.05306,0.5961,0.31774
44.13,0.0196,0.05306,0.5961,0.31774
44.14,0.0196,0.05306,0.5961,0.31774
44.15,0.0196,0.05306,0.5961,0.31774
44.16,0.0195,0.05306,0.5961,0.31774
44.17,0.0195,0.05306,0.59609,0.31774
44.18,0.0195,0.05306,0.59609,0.31774
44.19,0.0194,0.05306,0.59609,0.31774
44.2,0.0194,0.05306,0.59609,0.31774
44.21,0.0194,0.05306,0.59609,0.31774
44.22,0.0193,0.05306,0.59609,0.31774
44.23,0.0193,0.05306,0.59609,0.31774
44.24,0.0192,0.05306,0.59609,0.31774
44.25,0.0192,0.05306,0.59609,0.31774
44.26,0.0192,0.05306,0.59609,0.31774
44.27,0.0191,0.05306,0.59609,0.31774
44.28,0.0191,0.05306,0.59609,0.31774
44.29,0.019,0.05306,0.59609,0.31774
44.3,0.019,0.05306,0.59609,0.31774
44.31,0.019,0.05306,0.59608,0.31774
44.32,0.0189,0.05306,0.59608,0.31775
44.33,0.0189,0.05306,0.59608,0.31775
44.34,0.0189,0.05306,0.59608,0.31775
44.35,0.0188,0.05306,0.59608,0.31775
44.36,0.0188,0.05306,0.59608,0.31775
44.37,0.0187,0.05305,0.59608,0.31775
44.38,0.0187,0.05305,0.59608,0.31775
44.39,0.0187,0.05305,0.59608,0.31775
44.4,0.0186,0.05305,0.59608,0.31775
44.41,0.0186,0.05305,0.59608,0.31775
44.42,0.0185,0.05305,0.59608,0.31775
44.43,0.0185,0.05305,0.59608,0.31775
44.44,0.0185,0.05305,0.59607,0.31775
44.45,0.0184,0.05305,0.59607,0.31775
44.46,0.0184,0.05305,0.59607,0.31775
44.47,0.0183,0.05305,0.59607,0.31775
44.48,0.0183,0.05305,0.59607,0.31775
44.49,0.0183,0.05305,0.59607,0.31775
44.5,0.0182,0.05305,0.59607,0.31775
44.51,0.0182,0.05305,0.59607,0.31775
44.52,0.0181,0.05305,0.59607,0.31775
44.53,0.0181,0.05305,0.59607,0.31775
44.54,0.018,0.05305,0.59607,0.31775
44.55,0.018,0.05305,0.59607,0.31775
44.56,0.018,0.05305,0.59607,0.31775
44.57,0.0179,0.05305,0.59607,0.31775
44.58,0.0179,0.05305,0.59607,0.31775
44.59,0.0178,0.05305,0.59606,0.31776
44.6,0.0178,0.05305,0.59606,0.31776
44.61,0.0178,0.05305,0.59606,0.31776
44.62,0.0177,0.05305,0.59606,0.31776
44.63,0.0177,0.05305,0.59606,0.31776
44.64,0.0176,0.05305,0.59606,0.31776
44.65,0.0176,0.05305,0.59606,0.31776
44.66,0.0175,0.05305,0.59606,0.31776
44.67,0.0175,0.05305,0.59606,0.31776
44.68,0.0175,0.05305,0.59606,0.31776
44.69,0.0174,0.05305,0.59606,0.31776
44.7,0.0174,0.05305,0.59606,0.31776
44.71,0.0173,0.05305,0.59606,0.31776
44.72,0.0173,0.05305,0.59606,0.31776
44.73,0.0172,0.05305,0.59606,0.31776
44.74,0.0172,0.05305,0.59605,0.31776
44.75,0.0172,0.05305,0.59605,0.31776
44.76,0.0171,0.05305,0.59605,0.31776
44.77,0.0171,0.05305,0.59605,0.31776
44.78,0.017,0.05304,0.59605,0.31776
44.79,0.017,0.05304,0.59605,0.31776
44.8,0.0169,0.05304,0.59605,0.31776
44.81,0.0169,0.05304,0.59605,0.31776
44.82,0.0168,0.05304,0.59605,0.31776
44.83,0.0168,0.05304,0.59605,0.31776
44.84,0.0168,0.05304,0.59605,0.31776
44.85,0.0167,0.05304,0.59605,0.31776
44.86,0.0167,0.05304,0.59605,0.31776
44.87,0.0166,0.05304,0.59605,0.31776
44.88,0.0166,0.05304,0.59605,0.31776
44.89,0.0165,0.05304,0.59605,0.31777
44.9,0.0165,0.05304,0.59605,0.31777
44.91,0.0165,0.05304,0.59604,0.31777
44.92,0.0164,0.05304,0.59604,0.31777
44.93,0.0164,0.05304,0.59604,0.31777
44.94,0.0163,0.05304,0.59604,0.31777
44.95,0.0163,0.05304,0.59604,0.31777
44.96,0.0162,0.05304,0.59604,0.31777
44.97,0.0162,0.05304,0.59604,0.31777
44.98,0.0161,0.05304,0.59604,0.31777
44.99,0.0161,0.05304,0.59604,0.31777
45.0,0.016,0.05304,0.59604,0.31777
45.01,0.016,0.05304,0.59604,0.31777
45.02,0.016,0.05304,0.59604,0.31777
45.03,0.0159,0.05304,0.59604,0.31777
45.04,0.0159,0.05304,0.59604,0.31777
45.05,0.0158,0.05304,0.59604,0.31777
45.06,0.0158,0.05304,0.59604,0.31777
45.07,0.0157,0.05304,0.59604,0.31777
45.08,0.0157,0.05304,0.59603,0.31777
45.09,0.0156,0.05304,0.59603,0.31777
45.1,0.0156,0.05304,0.59603,0.31777
45.11,0.0155,0.05304,0.59603,0.31777
45.12,0.0155,0.05304,0.59603,0.31777
45.13,0.0155,0.05304,0.59603,0.31777
45.14,0.0154,0.05304,0.59603,0.31777
45.15,0.0154,0.05304,0.59603,0.31777
45.16,0.0153,0.05303,0.59603,0.31777
45.17,0.0153,0.05303,0.59603,0.31777
45.18,0.0152,0.05303,0.59603,0.31777
45.19,0.0152,0.05303,0.59603,0.31777
45.2,0.0151,0.05303,0.59603,0.31777
45.21,0.0151,0.05303,0.59603,0.31777
45.22,0.015,0.05303,0.59603,0.31777
45.23,0.015,0.05303,0.59603,0.31777
45.24,0.015,0.05303,0.59603,0.31777
45.25,0.0149,0.05303,0.59603,0.31778
45.26,0.0149,0.05303,0.59603,0.31778
45.27,0.0148,0.05303,0.59603,0.31778
45.28,0.0148,0.05303,0.59602,0.31778
45.29,0.0147,0.05303,0.59602,0.31778
45.3,0.0147,0.05303,0.59602,0.31778
45.31,0.0146,0.05303,0.59602,0.31778
45.32,0.0146,0.05303,0.59602,0.31778
45.33,0.0145,0.05303,0.59602,0.31778
45.34,0.0145,0.05303,0.59602,0.31778
45.35,0.0144,0.05303,0.59602,0.31778
45.36,0.0144,0.05303,0.59602,0.31778
45.37,0.0144,0.05303,0.59602,0.31778
45.38,0.0143,0.05303,0.59602,0.31778
45.39,0.0143,0.05303,0.59602,0.31778
45.4,0.0142,0.05303,0.59602,0.31778
45.41,0.0142,0.05303,0.59602,0.31778
45.42,0.0141,0.05303,0.59602,0.31778
45.43,0.0141,0.05303,0.59602,0.31778
45.44,0.014,0.05303,0.59602,0.31778
45.45,0.014,0.05303,0.59602,0.31778
45.46,0.0139,0.05303,0.59602,0.31778
45.47,0.0139,0.05303,0.59602,0.31778
45.48,0.0138,0.05303,0.59602,0.31778
45.49,0.0138,0.05303,0.59601,0.31778
45.5,0.0138,0.05303,0.59601,0.31778
45.51,0.0137,0.05302,0.59601,0.31778
45.52,0.0137,0.05302,0.59601,0.31778
45.53,0.0136,0.05302,0.59601,0.31778
45.54,0.0136,0.05302,0.59601,0.31778
45.55,0.0135,0.05302,0.59601,0.31778
45.56,0.0135,0.05302,0.59601,0.31778
45.57,0.0134,0.05302,0.59601,0.31778
45.58,0.0134,0.05302,0.59601,0.31778
45.59,0.0133,0.05302,0.59601,0.31778
45.6,0.0133,0.05302,0.59601,0.31778
45.61,0.0132,0.05302,0.59601,0.31778
45.62,0.0132,0.05302,0.59601,0.31778
45.63,0.0131,0.05302,0.59601,0.31778
45.64,0.0131,0.05302,0.59601,0.31778
45.65,0.0131,0.05302,0.59601,0.31778
45.66,0.013,0.05302,0.59601,0.31778
45.67,0.013,0.05302,0.59601,0.31778
45.68,0.0129,0.05302,0.59601,0.31778
45.69,0.0129,0.05302,0.59601,0.31778
45.7,0.0128,0.05302,0.59601,0.31778
45.71,0.0128,0.05302,0.59601,0.31778
45.72,0.0127,0.05302,0.59601,0.31778
45.73,0.0127,0.05302,0.596,0.31778
45.74,0.0126,0.05302,0.596,0.31778
45.75,0.0126,0.05302,0.596,0.31778
45.76,0.0125,0.05302,0.596,0.31779
45.77,0.0125,0.05302,0.596,0.31779
45.78,0.0125,0.05302,0.596,0.31779
45.79,0.0124,0.05302,0.596,0.31779
45.8,0.0124,0.05302,0.596,0.31779
45.81,0.0123,0.05302,0.596,0.31779
45.82,0.0123,0.05302,0.596,0.31779
45.83,0.0122,0.05302,0.596,0.31779
45.84,0.0122,0.05302,0.596,0.31779
45.85,0.0121,0.05302,0.596,0.31779
45.86,0.0121,0.05301,0.596,0.31779
45.87,0.012,0.05301,0.596,0.31779
45.88,0.012,0.05301,0.596,0.31779
45.89,0.0119,0.05301,0.596,0.31779
45.9,0.0119,0.05301,0.596,0.31779
45.91,0.0119,0.05301,0.596,0.31779
45.92,0.0118,0.05301,0.596,0.31779
45.93,0.0118,0.05301,0.596,0.31779
45.94,0.0117,0.05301,0.596,0.31779
45.95,0.0117,0.05301,0.596,0.31779
45.96,0.0116,0.05301,0.596,0.31779
45.97,0.0116,0.05301,0.596,0.31779
45.98,0.0115,0.05301,0.596,0.31779
45.99,0.0115,0.05301,0.596,0.31779
46.0,0.0114,0.05301,0.596,0.31779
46.01,0.0114,0.05301,0.59599,0.31779
46.02,0.0114,0.05301,0.59599,0.31779
46.03,0.0113,0.05301,0.59599,0.31779
46.04,0.0113,0.05301,0.59599,0.31779
46.05,0.0112,0.05301,0.59599,0.31779
46.06,0.0112,0.05301,0.59599,0.31779
46.07,0.0111,0.05301,0.59599,0.31779
46.08,0.0111,0.05301,0.59599,0.31779
46.09,0.011,0.05301,0.59599,0.31779
46.1,0.011,0.05301,0.59599,0.31779
46.11,0.0109,0.05301,0.59599,0.31779
46.12,0.0109,0.05301,0.59599,0.31779
46.13,0.0109,0.05301,0.59599,0.31779
46.14,0.0108,0.05301,0.59599,0.31779
46.15,0.0108,0.05301,0.59599,0.31779
46.16,0.0107,0.05301,0.59599,0.31779
46.17,0.0107,0.05301,0.59599,0.31779
46.18,0.0106,0.05301,0.59599,0.31779
46.19,0.0106,0.05301,0.59599,0.31779
46.2,0.0105,0.05301,0.59599,0.31779
46.21,0.0105,0.053,0.59599,0.31779
46.22,0.0105,0.053,0.59599,0.31779
46.23,0.0104,0.053,0.59599,0.31779
46.24,0.0104,0.053,0.59599,0.31779
46.25,0.0103,0.053,0.59599,0.31779
46.26,0.0103,0.053,0.59599,0.31779
46.27,0.0102,0.053,0.59599,0.31779
46.28,0.0102,0.053,0.59599,0.31779
46.29,0.0101,0.053,0.59599,0.31779
46.3,0.0101,0.053,0.59599,0.31779
46.31,0.0101,0.053,0.59599,0.31779
46.32,0.01,0.053,0.59599,0.31779
46.33,0.01,0.053,0.59599,0.31779
46.34,0.0099,0.053,0.59599,0.31779
46.35,0.0099,0.053,0.59599,0.31779
46.36,0.0098,0.053,0.59598,0.31779
46.37,0.0098,0.053,0.59598,0.31779
46.38,0.0097,0.053,0.59598,0.31779
46.39,0.0097,0.053,0.59598,0.31779
46.4,0.0097,0.053,0.59598,0.31779
46.41,0.0096,0.053,0.59598,0.31779
46.42,0.0096,0.053,0.59598,0.31779
46.43,0.0095,0.053,0.59598,0.31779
46.44,0.0095,0.053,0.59598,0.31779
46.45,0.0094,0.053,0.59598,0.31779
46.46,0.0094,0.053,0.59598,0.31779
46.47,0.0094,0.053,0.59598,0.31779
46.48,0.0093,0.053,0.59598,0.31779
46.49,0.0093,0.053,0.59598,0.31779
46.5,0.0092,0.053,0.59598,0.31779
46.51,0.0092,0.053,0.59598,0.31779
46.52,0.0091,0.053,0.59598,0.31779
46.53,0.0091,0.053,0.59598,0.31779
46.54,0.0091,0.053,0.59598,0.31779
46.55,0.009,0.053,0.59598,0.31779
46.56,0.009,0.053,0.59598,0.31779
46.57,0.0089,0.05299,0.59598,0.31779
46.58,0.0089,0.05299,0.59598,0.31779
46.59,0.0088,0.05299,0.59598,0.31779
46.6,0.0088,0.05299,0.59598,0.31779
46.61,0.0088,0.05299,0.59598,0.31779
46.62,0.0087,0.05299,0.59598,0.31779
46.63,0.0087,0.05299,0.59598,0.31779
46.64,0.0086,0.05299,0.59598,0.31779
46.65,0.0086,0.05299,0.59598,0.31779
46.66,0.0086,0.05299,0.59598,0.31779
46.67,0.0085,0.05299,0.59598,0.31779
46.68,0.0085,0.05299,0.59598,0.31779
46.69,0.0084,0.05299,0.59598,0.31779
46.7,0.0084,0.05299,0.59598,0.31779
46.71,0.0083,0.05299,0.59598,0.31779
46.72,0.0083,0.05299,0.59598,0.31779
46.73,0.0083,0.05299,0.59598,0.31779
46.74,0.0082,0.05299,0.59598,0.31779
46.75,0.0082,0.05299,0.59598,0.31779
46.76,0.0081,0.05299,0.59598,0.31779
46.77,0.0081,0.05299,0.59598,0.31779
46.78,0.0081,0.05299,0.59598,0.31779
46.79,0.008,0.05299,0.59598,0.31779
46.8,0.008,0.05299,0.59598,0.31779
46.81,0.0079,0.05299,0.59598,0.31779
46.82,0.0079,0.05299,0.59598,0.31779
46.83,0.0079,0.05299,0.59598,0.31779
46.84,0.0078,0.05299,0.59598,0.31779
46.85,0.0078,0.05299,0.59598,0.31779
46.86,0.0077,0.05299,0.59598,0.31779
46.87,0.0077,0.05299,0.59598,0.31779
46.88,0.0077,0.05299,0.59597,0.31779
46.89,0.0076,0.05299,0.59597,0.31779
46.9,0.0076,0.05299,0.59597,0.31779
46.91,0.0075,0.05299,0.59597,0.31779
46.92,0.0075,0.05299,0.59597,0.31779
46.93,0.0075,0.05299,0.59597,0.31779
46.94,0.0074,0.05298,0.59597,0.31779
46.95,0.0074,0.05298,0.59597,0.31779
46.96,0.0073,0.05298,0.59597,0.31779
46.97,0.0073,0.05298,0.59597,0.31779
46.98,0.0073,0.05298,0.59597,0.31779
46.99,0.0072,0.05298,0.59597,0.31779
47.0,0.0072,0.05298,0.59597,0.31779
47.01,0.0071,0.05298,0.59597,0.31779
47.02,0.0071,0.05298,0.59597,0.31779
47.03,0.0071,0.05298,0.59597,0.31779
47.04,0.007,0.05298,0.59597,0.31779
47.05,0.007,0.05298,0.59597,0.31779
47.06,0.007,0.05298,0.59597,0.31779
47.07,0.0069,0.05298,0.59597,0.31779
47.08,0.0069,0.05298,0.59597,0.31779
47.09,0.0068,0.05298,0.59597,0.31779
47.1,0.0068,0.05298,0.59597,0.31779
47.11,0.0068,0.05298,0.59597,0.31779
47.12,0.0067,0.05298,0.59597,0.31779
47.13,0.0067,0.05298,0.59597,0.31779
47.14,0.0066,0.05298,0.59597,0.31779
47.15,0.0066,0.05298,0.59597,0.31779
47.16,0.0066,0.05298,0.59597,0.31779
47.17,0.0065,0.05298,0.59597,0.31779
47.18,0.0065,0.05298,0.59597,0.31779
47.19,0.0065,0.05298,0.59597,0.31779
47.2,0.0064,0.05298,0.59597,0.31779
47.21,0.0064,0.05298,0.59597,0.31779
47.22,0.0064,0.05298,0.59597,0.31779
47.23,0.0063,0.05298,0.59597,0.31779
47.24,0.0063,0.05298,0.59597,0.31779
47.25,0.0062,0.05298,0.59597,0.31779
47.26,0.0062,0.05298,0.59597,0.31779
47.27,0.0062,0.05298,0.59597,0.31779
47.28,0.0061,0.05298,0.59597,0.31779
47.29,0.0061,0.05298,0.59597,0.31779
47.3,0.0061,0.05298,0.59597,0.31779
47.31,0.006,0.05298,0.59597,0.31779
47.32,0.006,0.05298,0.59597,0.31779
47.33,0.006,0.05298,0.59597,0.31779
47.34,0.0059,0.05298,0.59597,0.31779
47.35,0.0059,0.05297,0.59597,0.31779
47.36,0.0058,0.05297,0.59597,0.31779
47.37,0.0058,0.05297,0.59597,0.31779
47.38,0.0058,0.05297,0.59597,0.31779
47.39,0.0057,0.05297,0.59597,0.31779
47.4,0.0057,0.05297,0.59597,0.31779
47.41,0.0057,0.05297,0.59597,0.31779
47.42,0.0056,0.05297,0.59597,0.31779
47.43,0.0056,0.05297,0.59597,0.31779
47.44,0.0056,0.05297,0.59597,0.31779
47.45,0.0055,0.05297,0.59597,0.31779
47.46,0.0055,0.05297,0.59597,0.31779
47.47,0.0055,0.05297,0.59597,0.31779
47.48,0.0054,0.05297,0.59597,0.31779
47.49,0.0054,0.05297,0.59597,0.31779
47.5,0.0054,0.05297,0.59597,0.31779
47.51,0.0053,0.05297,0.59597,0.31779
47.52,0.0053,0.05297,0.59597,0.31779
47.53,0.0053,0.05297,0.59597,0.31779
47.54,0.0052,0.05297,0.59597,0.31779
47.55,0.0052,0.05297,0.59597,0.31779
47.56,0.0052,0.05297,0.59597,0.31779
47.57,0.0051,0.05297,0.59597,0.31779
47.58,0.0051,0.05297,0.59597,0.31779
47.59,0.0051,0.05297,0.59597,0.31779
47.6,0.005,0.05297,0.59597,0.31779
47.61,0.005,0.05297,0.59597,0.31779
47.62,0.005,0.05297,0.59597,0.31779
47.63,0.0049,0.05297,0.59597,0.31779
47.64,0.0049,0.05297,0.59597,0.31779
47.65,0.0049,0.05297,0.59597,0.31779
47.66,0.0048,0.05297,0.59597,0.31779
47.67,0.0048,0.05297,0.59597,0.31779
47.68,0.0048,0.05297,0.59597,0.31779
47.69,0.0047,0.05297,0.59597,0.31779
47.7,0.0047,0.05297,0.59597,0.31779
47.71,0.0047,0.05297,0.59597,0.31779
47.72,0.0046,0.05297,0.59597,0.31779
47.73,0.0046,0.05297,0.59597,0.31779
47.74,0.0046,0.05297,0.59597,0.31779
47.75,0.0045,0.05297,0.59597,0.31779
47.76,0.0045,0.05297,0.59597,0.31779
47.77,0.0045,0.05297,0.59597,0.31779
47.78,0.0045,0.05297,0.59597,0.31779
47.79,0.0044,0.05297,0.59597,0.31779
47.8,0.0044,0.05296,0.59597,0.31779
47.81,0.0044,0.05296,0.59597,0.31779
47.82,0.0043,0.05296,0.59597,0.31779
47.83,0.0043,0.05296,0.59597,0.31779
47.84,0.0043,0.05296,0.59597,0.31779
47.85,0.0042,0.05296,0.59597,0.31779
47.86,0.0042,0.05296,0.59597,0.31779
47.87,0.0042,0.05296,0.59597,0.31779
47.88,0.0041,0.05296,0.59597,0.31779
47.89,0.0041,0.05296,0.59597,0.31779
47.9,0.0041,0.05296,0.59597,0.31779
47.91,0.0041,0.05296,0.59597,0.31779
47.92,0.004,0.05296,0.59597,0.31779
47.93,0.004,0.05296,0.59597,0.31779
47.94,0.004,0.05296,0.59597,0.31779
47.95,0.0039,0.05296,0.59597,0.31779
47.96,0.0039,0.05296,0.59597,0.31779
47.97,0.0039,0.05296,0.59597,0.31779
47.98,0.0039,0.05296,0.59597,0.31779
47.99,0.0038,0.05296,0.59597,0.31779
48.0,0.0038,0.05296,0.59597,0.31779
48.01,0.0038,0.05296,0.59597,0.31779
48.02,0.0037,0.05296,0.59597,0.31779
48.03,0.0037,0.05296,0.59597,0.31779
48.04,0.0037,0.05296,0.59597,0.31779
48.05,0.0037,0.05296,0.59597,0.31779
48.06,0.0036,0.05296,0.59597,0.31779
48.07,0.0036,0.05296,0.59597,0.31779
48.08,0.0036,0.05296,0.59597,0.31779
48.09,0.0035,0.05296,0.59597,0.31779
48.1,0.0035,0.05296,0.59597,0.31779
48.11,0.0035,0.05296,0.59597,0.31779
48.12,0.0035,0.05296,0.59597,0.31779
48.13,0.0034,0.05296,0.59597,0.31779
48.14,0.0034,0.05296,0.59597,0.31779
48.15,0.0034,0.05296,0.59597,0.31779
48.16,0.0034,0.05296,0.59597,0.31779
48.17,0.0033,0.05296,0.59597,0.31779
48.18,0.0033,0.05296,0.59597,0.31779
48.19,0.0033,0.05296,0.59597,0.31779
48.2,0.0033,0.05296,0.59597,0.31779
48.21,0.0032,0.05296,0.59597,0.31779
48.22,0.0032,0.05296,0.59597,0.31779
48.23,0.0032,0.05296,0.59597,0.31779
48.24,0.0031,0.05296,0.59597,0.31779
48.25,0.0031,0.05296,0.59597,0.31779
48.26,0.0031,0.05296,0.59597,0.31778
48.27,0.0031,0.05296,0.59597,0.31778
48.28,0.003,0.05296,0.59597,0.31778
48.29,0.003,0.05296,0.59597,0.31778
48.3,0.003,0.05296,0.59597,0.31778
48.31,0.003,0.05296,0.59597,0.31778
48.32,0.0029,0.05295,0.59597,0.31778
48.33,0.0029,0.05295,0.59597,0.31778
48.34,0.0029,0.05295,0.59597,0.31778
48.35,0.0029,0.05295,0.59597,0.31778
48.36,0.0028,0.05295,0.59597,0.31778
48.37,0.0028,0.05295,0.59597,0.31778
48.38,0.0028,0.05295,0.59597,0.31778
48.39,0.0028,0.05295,0.59597,0.31778
48.4,0.0028,0.05295,0.59597,0.31778
48.41,0.0027,0.05295,0.59597,0.31778
48.42,0.0027,0.05295,0.59597,0.31778
48.43,0.0027,0.05295,0.59597,0.31778
48.44,0.0027,0.05295,0.59597,0.31778
48.45,0.0026,0.05295,0.59597,0.31778
48.46,0.0026,0.05295,0.59597,0.31778
48.47,0.0026,0.05295,0.59597,0.31778
48.48,0.0026,0.05295,0.59597,0.31778
48.49,0.0025,0.05295,0.59597,0.31778
48.5,0.0025,0.05295,0.59597,0.31778
48.51,0.0025,0.05295,0.59597,0.31778
48.52,0.0025,0.05295,0.59597,0.31778
48.53,0.0024,0.05295,0.59597,0.31778
48.54,0.0024,0.05295,0.59597,0.31778
48.55,0.0024,0.05295,0.59597,0.31778
48.56,0.0024,0.05295,0.59597,0.31778
48.57,0.0024,0.05295,0.59597,0.31778
48.58,0.0023,0.05295,0.59597,0.31778
48.59,0.0023,0.05295,0.59597,0.31778
48.6,0.0023,0.05295,0.59597,0.31778
48.61,0.0023,0.05295,0.59597,0.31778
48.62,0.0023,0.05295,0.59597,0.31778
48.63,0.0022,0.05295,0.59597,0.31778
48.64,0.0022,0.05295,0.59597,0.31778
48.65,0.0022,0.05295,0.59597,0.31778
48.66,0.0022,0.05295,0.59597,0.31778
48.67,0.0021,0.05295,0.59597,0.31778
48.68,0.0021,0.05295,0.59597,0.31778
48.69,0.0021,0.05295,0.59597,0.31778
48.7,0.0021,0.05295,0.59597,0.31778
48.71,0.0021,0.05295,0.59597,0.31778
48.72,0.002,0.05295,0.59597,0.31778
48.73,0.002,0.05295,0.59597,0.31778
48.74,0.002,0.05295,0.59597,0.31778
48.75,0.002,0.05295,0.59597,0.31778
48.76,0.002,0.05295,0.59597,0.31778
48.77,0.0019,0.05295,0.59597,0.31778
48.78,0.0019,0.05295,0.59597,0.31778
48.79,0.0019,0.05295,0.59597,0.31778
48.8,0.0019,0.05295,0.59597,0.31778
48.81,0.0019,0.05295,0.59597,0.31778
48.82,0.0018,0.05295,0.59597,0.31778
48.83,0.0018,0.05295,0.59597,0.31778
48.84,0.0018,0.05295,0.59597,0.31778
48.85,0.0018,0.05295,0.59597,0.31778
48.86,0.0018,0.05295,0.59597,0.31778
48.87,0.0018,0.05295,0.59597,0.31778
48.88,0.0017,0.05295,0.59597,0.31778
48.89,0.0017,0.05295,0.59597,0.31778
48.9,0.0017,0.05295,0.59597,0.31778
48.91,0.0017,0.05295,0.59597,0.31778
48.92,0.0017,0.05295,0.59597,0.31778
48.93,0.0016,0.05295,0.59597,0.31778
48.94,0.0016,0.05295,0.59598,0.31778
48.95,0.0016,0.05295,0.59598,0.31778
48.96,0.0016,0.05295,0.59598,0.31778
48.97,0.0016,0.05295,0.59598,0.31778
48.98,0.0016,0.05295,0.59598,0.31778
48.99,0.0015,0.05295,0.59598,0.31778
49.0,0.0015,0.05294,0.59598,0.31778
49.01,0.0015,0.05294,0.59598,0.31778
49.02,0.0015,0.05294,0.59598,0.31778
49.03,0.0015,0.05294,0.59598,0.31778
49.04,0.0015,0.05294,0.59598,0.31778
49.05,0.0014,0.05294,0.59598,0.31777
49.06,0.0014,0.05294,0.59598,0.31777
49.07,0.0014,0.05294,0.59598,0.31777
49.08,0.0014,0.05294,0.59598,0.31777
49.09,0.0014,0.05294,0.59598,0.31777
49.1,0.0014,0.05294,0.59598,0.31777
49.11,0.0013,0.05294,0.59598,0.31777
49.12,0.0013,0.05294,0.59598,0.31777
49.13,0.0013,0.05294,0.59598,0.31777
49.14,0.0013,0.05294,0.59598,0.31777
49.15,0.0013,0.05294,0.59598,0.31777
49.16,0.0013,0.05294,0.59598,0.31777
49.17,0.0012,0.05294,0.59598,0.31777
49.18,0.0012,0.05294,0.59598,0.31777
49.19,0.0012,0.05294,0.59598,0.31777
49.2,0.0012,0.05294,0.59598,0.31777
49.21,0.0012,0.05294,0.59598,0.31777
49.22,0.0012,0.05294,0.59598,0.31777
49.23,0.0012,0.05294,0.59598,0.31777
49.24,0.0011,0.05294,0.59598,0.31777
49.25,0.0011,0.05294,0.59598,0.31777
49.26,0.0011,0.05294,0.59598,0.31777
49.27,0.0011,0.05294,0.59598,0.31777
49.28,0.0011,0.05294,0.59598,0.31777
49.29,0.0011,0.05294,0.59598,0.31777
49.3,0.0011,0.05294,0.59598,0.31777
49.31,0.001,0.05294,0.59598,0.31777
49.32,0.001,0.05294,0.59598,0.31777
49.33,0.001,0.05294,0.59598,0.31777
49.34,0.001,0.05294,0.59598,0.31777
49.35,0.001,0.05294,0.59598,0.31777
49.36,0.001,0.05294,0.59598,0.31777
49.37,0.001,0.05294,0.59598,0.31777
49.38,0.0009,0.05294,0.59598,0.31777
49.39,0.0009,0.05294,0.59598,0.31777
49.4,0.0009,0.05294,0.59598,0.31777
49.41,0.0009,0.05294,0.59598,0.31777
49.42,0.0009,0.05294,0.59598,0.31777
49.43,0.0009,0.05294,0.59598,0.31777
49.44,0.0009,0.05294,0.59598,0.31777
49.45,0.0009,0.05294,0.59598,0.31777
49.46,0.0008,0.05294,0.59598,0.31777
49.47,0.0008,0.05294,0.59598,0.31777
49.48,0.0008,0.05294,0.59598,0.31777
49.49,0.0008,0.05294,0.59598,0.31777
49.5,0.0008,0.05294,0.59598,0.31777
49.51,0.0008,0.05294,0.59598,0.31777
49.52,0.0008,0.05294,0.59598,0.31777
49.53,0.0008,0.05294,0.59598,0.31777
49.54,0.0007,0.05294,0.59598,0.31777
49.55,0.0007,0.05294,0.59598,0.31777
49.56,0.0007,0.05294,0.59598,0.31777
49.57,0.0007,0.05294,0.59598,0.31777
49.58,0.0007,0.05294,0.59598,0.31777
49.59,0.0007,0.05294,0.59598,0.31777
49.6,0.0007,0.05294,0.59598,0.31777
49.61,0.0007,0.05294,0.59598,0.31777
49.62,0.0007,0.05294,0.59598,0.31777
49.63,0.0006,0.05294,0.59598,0.31777
49.64,0.0006,0.05294,0.59598,0.31777
49.65,0.0006,0.05294,0.59598,0.31777
49.66,0.0006,0.05294,0.59598,0.31777
49.67,0.0006,0.05294,0.59598,0.31777
49.68,0.0006,0.05294,0.59598,0.31777
49.69,0.0006,0.05294,0.59598,0.31777
49.7,0.0006,0.05294,0.59598,0.31777
49.71,0.0006,0.05294,0.59598,0.31777
49.72,0.0006,0.05294,0.59598,0.31777
49.73,0.0005,0.05294,0.59598,0.31777
49.74,0.0005,0.05294,0.59598,0.31776
49.75,0.0005,0.05294,0.59599,0.31776
49.76,0.0005,0.05294,0.59599,0.31776
49.77,0.0005,0.05294,0.59599,0.31776
49.78,0.0005,0.05294,0.59599,0.31776
49.79,0.0005,0.05294,0.59599,0.31776
49.8,0.0005,0.05294,0.59599,0.31776
49.81,0.0005,0.05294,0.59599,0.31776
49.82,0.0005,0.05294,0.59599,0.31776
49.83,0.0005,0.05294,0.59599,0.31776
49.84,0.0004,0.05294,0.59599,0.31776
49.85,0.0004,0.05294,0.59599,0.31776
49.86,0.0004,0.05294,0.59599,0.31776
49.87,0.0004,0.05294,0.59599,0.31776
49.88,0.0004,0.05294,0.59599,0.31776
49.89,0.0004,0.05294,0.59599,0.31776
49.9,0.0004,0.05294,0.59599,0.31776
49.91,0.0004,0.05294,0.59599,0.31776
49.92,0.0004,0.05294,0.59599,0.31776
49.93,0.0004,0.05294,0.59599,0.31776
49.94,0.0004,0.05294,0.59599,0.31776
49.95,0.0004,0.05294,0.59599,0.31776
49.96,0.0004,0.05294,0.59599,0.31776
49.97,0.0003,0.05294,0.59599,0.31776
49.98,0.0003,0.05294,0.59599,0.31776
49.99,0.0003,0.05294,0.59599,0.31776
50.0,0.0003,0.05294,0.59599,0.31776
50.01,0.0003,0.05294,0.59599,0.31776
50.02,0.0003,0.05294,0.59599,0.31776
50.03,0.0003,0.05294,0.59599,0.31776
50.04,0.0003,0.05294,0.59599,0.31776
50.05,0.0003,0.05294,0.59599,0.31776
50.06,0.0003,0.05294,0.59599,0.31776
50.07,0.0003,0.05294,0.59599,0.31776
50.08,0.0003,0.05294,0.59599,0.31776
50.09,0.0003,0.05294,0.59599,0.31776
50.1,0.0003,0.05294,0.59599,0.31776
50.11,0.0002,0.05294,0.59599,0.31776
50.12,0.0002,0.05294,0.59599,0.31776
50.13,0.0002,0.05294,0.59599,0.31776
50.14,0.0002,0.05294,0.59599,0.31776
50.15,0.0002,0.05294,0.59599,0.31776
50.16,0.0002,0.05294,0.59599,0.31776
50.17,0.0002,0.05293,0.59599,0.31776
50.18,0.0002,0.05293,0.59599,0.31776
50.19,0.0002,0.05293,0.59599,0.31776
50.2,0.0002,0.05293,0.59599,0.31776
50.21,0.0002,0.05293,0.59599,0.31776
50.22,0.0002,0.05293,0.59599,0.31776
50.23,0.0002,0.05293,0.59599,0.31776
50.24,0.0002,0.05293,0.59599,0.31776
50.25,0.0002,0.05293,0.59599,0.31776
50.26,0.0002,0.05293,0.59599,0.31776
50.27,0.0002,0.05293,0.59599,0.31776
50.28,0.0002,0.05293,0.59599,0.31776
50.29,0.0002,0.05293,0.59599,0.31776
50.3,0.0001,0.05293,0.59599,0.31776
50.31,0.0001,0.05293,0.59599,0.31776
50.32,0.0001,0.05293,0.59599,0.31776
50.33,0.0001,0.05293,0.59599,0.31776
50.34,0.0001,0.05293,0.59599,0.31776
50.35,0.0001,0.05293,0.59599,0.31776
50.36,0.0001,0.05293,0.59599,0.31776
50.37,0.0001,0.05293,0.59599,0.31776
50.38,0.0001,0.05293,0.59599,0.31776
50.39,0.0001,0.05293,0.59599,0.31776
50.4,0.0001,0.05293,0.59599,0.31776
50.41,0.0001,0.05293,0.59599,0.31776
50.42,0.0001,0.05293,0.59599,0.31776
50.43,0.0001,0.05293,0.59599,0.31776
50.44,0.0001,0.05293,0.59599,0.31775
50.45,0.0001,0.05293,0.596,0.31775
50.46,0.0001,0.05293,0.596,0.31775
50.47,0.0001,0.05293,0.596,0.31775
50.48,0.0001,0.05293,0.596,0.31775
50.49,0.0001,0.05293,0.596,0.31775
50.5,0.0001,0.05293,0.596,0.31775
50.51,0.0001,0.05293,0.596,0.31775
50.52,0.0001,0.05293,0.596,0.31775
50.53,0.0001,0.05293,0.596,0.31775
50.54,0.0001,0.05293,0.596,0.31775
50.55,0.0001,0.05293,0.596,0.31775
50.56,0.0001,0.05293,0.596,0.31775
50.57,0.0001,0.05293,0.596,0.31775
50.58,0.0001,0.05293,0.596,0.31775
50.59,0.0001,0.05293,0.596,0.31775
50.6,0.0001,0.05293,0.596,0.31775
50.61,0.0001,0.05293,0.596,0.31775
50.62,0.0,0.05293,0.596,0.31775
50.63,0.0,0.05293,0.596,0.31775
50.64,0.0,0.05293,0.596,0.31775
50.65,0.0,0.05293,0.596,0.31775
50.66,0.0,0.05293,0.596,0.31775
50.67,0.0,0.05293,0.596,0.31775
50.68,0.0,0.05293,0.596,0.31775
50.69,0.0,0.05293,0.596,0.31775
50.7,0.0,0.05293,0.596,0.31775
50.71,0.0,0.05293,0.596,0.31775
50.72,0.0,0.05293,0.596,0.31775
50.73,0.0,0.05293,0.596,0.31775
50.74,0.0,0.05293,0.596,0.31775
50.75,0.0,0.05293,0.596,0.31775
50.76,0.0,0.05293,0.596,0.31775
50.77,0.0,0.05293,0.596,0.31775
50.78,0.0,0.05293,0.596,0.31775
50.79,0.0,0.05293,0.596,0.31775
50.8,0.0,0.05293,0.596,0.31775
50.81,0.0,0.05293,0.596,0.31775
50.82,0.0,0.05293,0.596,0.31775
50.83,0.0,0.05293,0.596,0.31775
50.84,0.0,0.05293,0.596,0.31775
50.85,0.0,0.05293,0.596,0.31775
50.86,0.0,0.05293,0.596,0.31775
50.87,0.0,0.05293,0.596,0.31775
50.88,0.0,0.05293,0.596,0.31775
50.89,0.0,0.05293,0.596,0.31775
50.9,0.0,0.05293,0.596,0.31775
50.91,0.0,0.05293,0.596,0.31775
50.92,0.0,0.05293,0.596,0.31775
50.93,0.0,0.05293,0.596,0.31775
50.94,0.0,0.05293,0.596,0.31775
50.95,0.0,0.05293,0.596,0.31775
50.96,0.0,0.05293,0.596,0.31775
50.97,0.0,0.05293,0.596,0.31775
50.98,0.0,0.05293,0.596,0.31775
50.99,0.0,0.05293,0.596,0.31775
51.0,0.0,0.05293,0.596,0.31775
51.01,0.0,0.05293,0.596,0.31775
51.02,0.0,0.05293,0.596,0.31775
51.03,0.0,0.05293,0.596,0.31775
51.04,0.0,0.05293,0.596,0.31775
51.05,0.0,0.05293,0.596,0.31775
51.06,0.0,0.05293,0.596,0.31775
51.07,0.0,0.05293,0.596,0.31775
51.08,0.0,0.05293,0.596,0.31775
51.09,0.0,0.05293,0.596,0.31775
51.1,0.0,0.05293,0.596,0.31775
51.11,0.0,0.05293,0.596,0.31775
51.12,0.0,0.05293,0.596,0.31775
51.13,0.0,0.05293,0.596,0.31775
51.14,0.0,0.05293,0.596,0.31775
51.15,0.0,0.05293,0.596,0.31775
51.16,0.0001,0.05293,0.596,0.31775
51.17,0.0001,0.05293,0.59601,0.31775
51.18,0.0001,0.05293,0.59601,0.31775
51.19,0.0001,0.05293,0.59601,0.31774
51.2,0.0001,0.05293,0.59601,0.31774
51.21,0.0001,0.05293,0.59601,0.31774
51.22,0.0001,0.05293,0.59601,0.31774
51.23,0.0001,0.05293,0.59601,0.31774
51.24,0.0001,0.05293,0.59601,0.31774
51.25,0.0001,0.05293,0.59601,0.31774
51.26,0.0001,0.05293,0.59601,0.31774
51.27,0.0001,0.05293,0.59601,0.31774
51.28,0.0001,0.05293,0.59601,0.31774
51.29,0.0001,0.05293,0.59601,0.31774
51.3,0.0001,0.05293,0.59601,0.31774
51.31,0.0001,0.05293,0.59601,0.31774
51.32,0.0001,0.05293,0.59601,0.31774
51.33,0.0001,0.05293,0.59601,0.31774
51.34,0.0001,0.05293,0.59601,0.31774
51.35,0.0001,0.05293,0.59601,0.31774
51.36,0.0001,0.05293,0.59601,0.31774
51.37,0.0001,0.05293,0.59601,0.31774
51.38,0.0001,0.05293,0.59601,0.31774
51.39,0.0001,0.05293,0.59601,0.31774
51.4,0.0001,0.05293,0.59601,0.31774
51.41,0.0001,0.05293,0.59601,0.31774
51.42,0.0001,0.05293,0.59601,0.31774
51.43,0.0001,0.05293,0.59601,0.31774
51.44,0.0001,0.05293,0.59601,0.31774
51.45,0.0001,0.05293,0.59601,0.31774
51.46,0.0001,0.05293,0.59601,0.31774
51.47,0.0001,0.05293,0.59601,0.31774
51.48,0.0001,0.05293,0.59601,0.31774
51.49,0.0001,0.05293,0.59601,0.31774
51.5,0.0001,0.05293,0.59601,0.31774
51.51,0.0001,0.05293,0.59601,0.31774
51.52,0.0002,0.05293,0.59601,0.31774
51.53,0.0002,0.05293,0.59601,0.31774
51.54,0.0002,0.05293,0.59601,0.31774
51.55,0.0002,0.05293,0.59601,0.31774
51.56,0.0002,0.05293,0.59601,0.31774
51.57,0.0002,0.05293,0.59601,0.31774
51.58,0.0002,0.05293,0.59601,0.31774
51.59,0.0002,0.05293,0.59601,0.31774
51.6,0.0002,0.05293,0.59601,0.31774
51.61,0.0002,0.05293,0.59601,0.31774
51.62,0.0002,0.05293,0.59601,0.31774
51.63,0.0002,0.05293,0.59601,0.31774
51.64,0.0002,0.05293,0.59601,0.31774
51.65,0.0002,0.05293,0.59601,0.31774
51.66,0.0002,0.05293,0.59601,0.31774
51.67,0.0002,0.05293,0.59601,0.31774
51.68,0.0002,0.05293,0.59601,0.31774
51.69,0.0002,0.05293,0.59601,0.31774
51.7,0.0002,0.05293,0.59601,0.31774
51.71,0.0002,0.05293,0.59601,0.31774
51.72,0.0002,0.05293,0.59601,0.31774
51.73,0.0002,0.05293,0.59601,0.31774
51.74,0.0002,0.05293,0.59601,0.31774
51.75,0.0003,0.05293,0.59601,0.31774
51.76,0.0003,0.05293,0.59601,0.31774
51.77,0.0003,0.05293,0.59601,0.31774
51.78,0.0003,0.05293,0.59601,0.31774
51.79,0.0003,0.05293,0.59601,0.31774
51.8,0.0003,0.05293,0.59601,0.31774
51.81,0.0003,0.05293,0.59601,0.31774
51.82,0.0003,0.05293,0.59601,0.31774
51.83,0.0003,0.05293,0.59601,0.31774
51.84,0.0003,0.05293,0.59601,0.31774
51.85,0.0003,0.05293,0.59601,0.31774
51.86,0.0003,0.05293,0.59601,0.31774
51.87,0.0003,0.05293,0.59601,0.31774
51.88,0.0003,0.05293,0.59601,0.31774
51.89,0.0003,0.05293,0.59601,0.31774
51.9,0.0003,0.05293,0.59601,0.31774
51.91,0.0003,0.05293,0.59601,0.31774
51.92,0.0003,0.05293,0.59601,0.31774
51.93,0.0003,0.05293,0.59601,0.31774
51.94,0.0004,0.05293,0.59601,0.31774
51.95,0.0004,0.05293,0.59601,0.31774
51.96,0.0004,0.05293,0.59601,0.31774
51.97,0.0004,0.05293,0.59601,0.31774
51.98,0.0004,0.05293,0.59601,0.31774
51.99,0.0004,0.05293,0.59602,0.31774
52.0,0.0004,0.05293,0.59602,0.31774
52.01,0.0004,0.05293,0.59602,0.31774
52.02,0.0004,0.05293,0.59602,0.31774
52.03,0.0004,0.05293,0.59602,0.31774
52.04,0.0004,0.05293,0.59602,0.31774
52.05,0.0004,0.05293,0.59602,0.31774
52.06,0.0004,0.05293,0.59602,0.31774
52.07,0.0004,0.05293,0.59602,0.31774
52.08,0.0004,0.05293,0.59602,0.31774
52.09,0.0004,0.05293,0.59602,0.31774
52.1,0.0004,0.05293,0.59602,0.31774
52.11,0.0005,0.05293,0.59602,0.31773
52.12,0.0005,0.05293,0.59602,0.31773
52.13,0.0005,0.05293,0.59602,0.31773
52.14,0.0005,0.05293,0.59602,0.31773
52.15,0.0005,0.05293,0.59602,0.31773
52.16,0.0005,0.05293,0.59602,0.31773
52.17,0.0005,0.05293,0.59602,0.31773
52.18,0.0005,0.05293,0.59602,0.31773
52.19,0.0005,0.05293,0.59602,0.31773
52.2,0.0005,0.05293,0.59602,0.31773
52.21,0.0005,0.05293,0.59602,0.31773
52.22,0.0005,0.05293,0.59602,0.31773
52.23,0.0005,0.05293,0.59602,0.31773
52.24,0.0005,0.05293,0.59602,0.31773
52.25,0.0005,0.05294,0.59602,0.31773
52.26,0.0006,0.05294,0.59602,0.31773
52.27,0.0006,0.05294,0.59602,0.31773
52.28,0.0006,0.05294,0.59602,0.31773
52.29,0.0006,0.05294,0.59602,0.31773
52.3,0.0006,0.05294,0.59602,0.31773
52.31,0.0006,0.05294,0.59602,0.31773
52.32,0.0006,0.05294,0.59602,0.31773
52.33,0.0006,0.05294,0.59602,0.31773
52.34,0.0006,0.05294,0.59602,0.31773
52.35,0.0006,0.05294,0.59602,0.31773
52.36,0.0006,0.05294,0.59602,0.31773
52.37,0.0006,0.05294,0.59602,0.31773
52.38,0.0006,0.05294,0.59602,0.31773
52.39,0.0006,0.05294,0.59602,0.31773
52.4,0.0006,0.05294,0.59602,0.31773
52.41,0.0007,0.05294,0.59602,0.31773
52.42,0.0007,0.05294,0.59602,0.31773
52.43,0.0007,0.05294,0.59602,0.31773
52.44,0.0007,0.05294,0.59602,0.31773
52.45,0.0007,0.05294,0.59602,0.31773
52.46,0.0007,0.05294,0.59602,0.31773
52.47,0.0007,0.05294,0.59602,0.31773
52.48,0.0007,0.05294,0.59602,0.31773
52.49,0.0007,0.05294,0.59602,0.31773
52.5,0.0007,0.05294,0.59602,0.31773
52.51,0.0007,0.05294,0.59602,0.31773
52.52,0.0007,0.05294,0.59602,0.31773
52.53,0.0007,0.05294,0.59602,0.31773
52.54,0.0008,0.05294,0.59602,0.31773
52.55,0.0008,0.05294,0.59602,0.31773
52.56,0.0008,0.05294,0.59602,0.31773
52.57,0.0008,0.05294,0.59602,0.31773
52.58,0.0008,0.05294,0.59602,0.31773
52.59,0.0008,0.05294,0.59602,0.31773
52.6,0.0008,0.05294,0.59602,0.31773
52.61,0.0008,0.05294,0.59602,0.31773
52.62,0.0008,0.05294,0.59602,0.31773
52.63,0.0008,0.05294,0.59602,0.31773
52.64,0.0008,0.05294,0.59602,0.31773
52.65,0.0008,0.05294,0.59602,0.31773
52.66,0.0008,0.05294,0.59602,0.31773
52.67,0.0009,0.05294,0.59602,0.31773
52.68,0.0009,0.05294,0.59602,0.31773
52.69,0.0009,0.05294,0.59602,0.31773
52.7,0.0009,0.05294,0.59602,0.31773
52.71,0.0009,0.05294,0.59602,0.31773
52.72,0.0009,0.05294,0.59602,0.31773
52.73,0.0009,0.05294,0.59602,0.31773
52.74,0.0009,0.05294,0.59602,0.31773
52.75,0.0009,0.05294,0.59602,0.31773
52.76,0.0009,0.05294,0.59602,0.31773
52.77,0.0009,0.05294,0.59602,0.31773
52.78,0.0009,0.05294,0.59602,0.31773
52.79,0.0009,0.05294,0.59602,0.31773
52.8,0.001,0.05294,0.59602,0.31773
52.81,0.001,0.05294,0.59602,0.31773
52.82,0.001,0.05294,0.59602,0.31773
52.83,0.001,0.05294,0.59602,0.31773
52.84,0.001,0.05294,0.59602,0.31773
52.85,0.001,0.05294,0.59602,0.31773
52.86,0.001,0.05294,0.59602,0.31773
52.87,0.001,0.05294,0.59602,0.31773
52.88,0.001,0.05294,0.59602,0.31773
52.89,0.001,0.05294,0.59602,0.31773
52.9,0.001,0.05294,0.59602,0.31773
52.91,0.001,0.05294,0.59602,0.31773
52.92,0.0011,0.05294,0.59602,0.31773
52.93,0.0011,0.05294,0.59602,0.31773
52.94,0.0011,0.05294,0.59602,0.31773
52.95,0.0011,0.05294,0.59602,0.31773
52.96,0.0011,0.05294,0.59602,0.31773
52.97,0.0011,0.05294,0.59602,0.31773
52.98,0.0011,0.05294,0.59602,0.31773
52.99,0.0011,0.05294,0.59602,0.31773
53.0,0.0011,0.05294,0.59602,0.31773
53.01,0.0011,0.05294,0.59602,0.31773
53.02,0.0011,0.05294,0.59602,0.31773
53.03,0.0011,0.05294,0.59602,0.31773
53.04,0.0012,0.05294,0.59602,0.31773
53.05,0.0012,0.05294,0.59602,0.31773
53.06,0.0012,0.05294,0.59602,0.31773
53.07,0.0012,0.05294,0.59602,0.31773
53.08,0.0012,0.05294,0.59602,0.31773
53.09,0.0012,0.05294,0.59602,0.31773
53.1,0.0012,0.05294,0.59602,0.31773
53.11,0.0012,0.05294,0.59602,0.31773
53.12,0.0012,0.05294,0.59602,0.31773
53.13,0.0012,0.05294,0.59602,0.31773
53.14,0.0012,0.05294,0.59602,0.31773
53.15,0.0012,0.05294,0.59603,0.31773
53.16,0.0013,0.05294,0.59603,0.31773
53.17,0.0013,0.05294,0.59603,0.31773
53.18,0.0013,0.05294,0.59603,0.31773
53.19,0.0013,0.05294,0.59603,0.31773
53.2,0.0013,0.05294,0.59603,0.31773
53.21,0.0013,0.05294,0.59603,0.31773
53.22,0.0013,0.05294,0.59603,0.31773
53.23,0.0013,0.05294,0.59603,0.31773
53.24,0.0013,0.05294,0.59603,0.31773
53.25,0.0013,0.05294,0.59603,0.31773
53.26,0.0013,0.05294,0.59603,0.31773
53.27,0.0014,0.05294,0.59603,0.31773
53.28,0.0014,0.05294,0.59603,0.31773
53.29,0.0014,0.05294,0.59603,0.31773
53.3,0.0014,0.05294,0.59603,0.31773
53.31,0.0014,0.05294,0.59603,0.31773
53.32,0.0014,0.05294,0.59603,0.31773
53.33,0.0014,0.05294,0.59603,0.31773
53.34,0.0014,0.05294,0.59603,0.31773
53.35,0.0014,0.05294,0.59603,0.31773
53.36,0.0014,0.05294,0.59603,0.31773
53.37,0.0014,0.05294,0.59603,0.31773
53.38,0.0014,0.05294,0.59603,0.31773
53.39,0.0015,0.05294,0.59603,0.31773
53.4,0.0015,0.05294,0.59603,0.31773
53.41,0.0015,0.05294,0.59603,0.31773
53.42,0.0015,0.05294,0.59603,0.31773
53.43,0.0015,0.05294,0.59603,0.31773
53.44,0.0015,0.05294,0.59603,0.31773
53.45,0.0015,0.05294,0.59603,0.31773
53.46,0.0015,0.05294,0.59603,0.31773
53.47,0.0015,0.05294,0.59603,0.31773
53.48,0.0015,0.05294,0.59603,0.31773
53.49,0.0015,0.05294,0.59603,0.31773
53.5,0.0016,0.05294,0.59603,0.31773
53.51,0.0016,0.05294,0.59603,0.31773
53.52,0.0016,0.05294,0.59603,0.31773
53.53,0.0016,0.05294,0.59603,0.31773
53.54,0.0016,0.05294,0.59603,0.31773
53.55,0.0016,0.05294,0.59603,0.31773
53.56,0.0016,0.05294,0.59603,0.31773
53.57,0.0016,0.05294,0.59603,0.31772
53.58,0.0016,0.05294,0.59603,0.31772
53.59,0.0016,0.05294,0.59603,0.31772
53.6,0.0016,0.05294,0.59603,0.31772
53.61,0.0016,0.05294,0.59603,0.31772
53.62,0.0017,0.05294,0.59603,0.31772
53.63,0.0017,0.05294,0.59603,0.31772
53.64,0.0017,0.05294,0.59603,0.31772
53.65,0.0017,0.05294,0.59603,0.31772
53.66,0.0017,0.05294,0.59603,0.31772
53.67,0.0017,0.05294,0.59603,0.31772
53.68,0.0017,0.05294,0.59603,0.31772
53.69,0.0017,0.05294,0.59603,0.31772
53.7,0.0017,0.05294,0.59603,0.31772
53.71,0.0017,0.05294,0.59603,0.31772
53.72,0.0017,0.05294,0.59603,0.31772
53.73,0.0018,0.05294,0.59603,0.31772
53.74,0.0018,0.05294,0.59603,0.31772
53.75,0.0018,0.05294,0.59603,0.31772
53.76,0.0018,0.05294,0.59603,0.31772
53.77,0.0018,0.05294,0.59603,0.31772
53.78,0.0018,0.05294,0.59603,0.31772
53.79,0.0018,0.05294,0.59603,0.31772
53.8,0.0018,0.05294,0.59603,0.31772
53.81,0.0018,0.05294,0.59603,0.31772
53.82,0.0018,0.05294,0.59603,0.31772
53.83,0.0018,0.05294,0.59603,0.31772
53.84,0.0019,0.05294,0.59603,0.31772
53.85,0.0019,0.05294,0.59603,0.31772
53.86,0.0019,0.05294,0.59603,0.31772
53.87,0.0019,0.05294,0.59603,0.31772
53.88,0.0019,0.05294,0.59603,0.31772
53.89,0.0019,0.05294,0.59603,0.31772
53.9,0.0019,0.05294,0.59603,0.31772
53.91,0.0019,0.05294,0.59603,0.31772
53.92,0.0019,0.05294,0.59603,0.31772
53.93,0.0019,0.05294,0.59603,0.31772
53.94,0.0019,0.05294,0.59603,0.31772
53.95,0.0019,0.05294,0.59603,0.31772
53.96,0.002,0.05294,0.59603,0.31772
53.97,0.002,0.05294,0.59603,0.31772
53.98,0.002,0.05294,0.59603,0.31772
53.99,0.002,0.05294,0.59603,0.31772
54.0,0.002,0.05294,0.59603,0.31772
54.01,0.002,0.05294,0.59603,0.31772
54.02,0.002,0.05294,0.59603,0.31772
54.03,0.002,0.05294,0.59603,0.31772
54.04,0.002,0.05294,0.59603,0.31772
54.05,0.002,0.05294,0.59603,0.31772
54.06,0.002,0.05294,0.59603,0.31772
54.07,0.0021,0.05294,0.59603,0.31772
54.08,0.0021,0.05294,0.59603,0.31772
54.09,0.0021,0.05294,0.59603,0.31772
54.1,0.0021,0.05294,0.59603,0.31772
54.11,0.0021,0.05294,0.59603,0.31772
54.12,0.0021,0.05294,0.59603,0.31772
54.13,0.0021,0.05294,0.59603,0.31772
54.14,0.0021,0.05294,0.59603,0.31772
54.15,0.0021,0.05294,0.59603,0.31772
54.16,0.0021,0.05294,0.59603,0.31772
54.17,0.0021,0.05294,0.59603,0.31772
54.18,0.0022,0.05294,0.59603,0.31772
54.19,0.0022,0.05294,0.59603,0.31772
54.2,0.0022,0.05294,0.59603,0.31772
54.21,0.0022,0.05294,0.59603,0.31772
54.22,0.0022,0.05294,0.59603,0.31772
54.23,0.0022,0.05294,0.59603,0.31772
54.24,0.0022,0.05294,0.59603,0.31772
54.25,0.0022,0.05294,0.59603,0.31772
54.26,0.0022,0.05295,0.59603,0.31772
54.27,0.0022,0.05295,0.59603,0.31772
54.28,0.0022,0.05295,0.59603,0.31772
54.29,0.0022,0.05295,0.59603,0.31772
54.3,0.0023,0.05295,0.59603,0.31772
54.31,0.0023,0.05295,0.59603,0.31772
54.32,0.0023,0.05295,0.59603,0.31772
54.33,0.0023,0.05295,0.59603,0.31772
54.34,0.0023,0.05295,0.59603,0.31772
54.35,0.0023,0.05295,0.59603,0.31772
54.36,0.0023,0.05295,0.59603,0.31772
54.37,0.0023,0.05295,0.59603,0.31772
54.38,0.0023,0.05295,0.59603,0.31772
54.39,0.0023,0.05295,0.59603,0.31772
54.4,0.0023,0.05295,0.59603,0.31772
54.41,0.0023,0.05295,0.59603,0.31772
54.42,0.0024,0.05295,0.59603,0.31772
54.43,0.0024,0.05295,0.59603,0.31772
54.44,0.0024,0.05295,0.59603,0.31772
54.45,0.0024,0.05295,0.59603,0.31772
54.46,0.0024,0.05295,0.59603,0.31772
54.47,0.0024,0.05295,0.59603,0.31772
54.48,0.0024,0.05295,0.59603,0.31772
54.49,0.0024,0.05295,0.59603,0.31772
54.5,0.0024,0.05295,0.59603,0.31772
54.51,0.0024,0.05295,0.59603,0.31772
54.52,0.0024,0.05295,0.59603,0.31772
54.53,0.0024,0.05295,0.59603,0.31772
54.54,0.0025,0.05295,0.59603,0.31772
54.55,0.0025,0.05295,0.59603,0.31772
54.56,0.0025,0.05295,0.59603,0.31772
54.57,0.0025,0.05295,0.59603,0.31772
54.58,0.0025,0.05295,0.59603,0.31772
54.59,0.0025,0.05295,0.59603,0.31772
54.6,0.0025,0.05295,0.59603,0.31772
54.61,0.0025,0.05295,0.59603,0.31772
54.62,0.0025,0.05295,0.59603,0.31772
54.63,0.0025,0.05295,0.59603,0.31772
54.64,0.0025,0.05295,0.59603,0.31772
54.65,0.0025,0.05295,0.59603,0.31772
54.66,0.0026,0.05295,0.59603,0.31772
54.67,0.0026,0.05295,0.59603,0.31772
54.68,0.0026,0.05295,0.59603,0.31772
54.69,0.0026,0.05295,0.59603,0.31772
54.7,0.0026,0.05295,0.59603,0.31772
54.71,0.0026,0.05295,0.59603,0.31772
54.72,0.0026,0.05295,0.59603,0.31772
54.73,0.0026,0.05295,0.59603,0.31772
54.74,0.0026,0.05295,0.59603,0.31772
54.75,0.0026,0.05295,0.59603,0.31772
54.76,0.0026,0.05295,0.59603,0.31772
54.77,0.0026,0.05295,0.59603,0.31772
54.78,0.0027,0.05295,0.59603,0.31772
54.79,0.0027,0.05295,0.59603,0.31772
54.8,0.0027,0.05295,0.59603,0.31772
54.81,0.0027,0.05295,0.59603,0.31772
54.82,0.0027,0.05295,0.59603,0.31772
54.83,0.0027,0.05295,0.59603,0.31772
54.84,0.0027,0.05295,0.59603,0.31772
54.85,0.0027,0.05295,0.59603,0.31772
54.86,0.0027,0.05295,0.59603,0.31772
54.87,0.0027,0.05295,0.59603,0.31772
54.88,0.0027,0.05295,0.59603,0.31772
54.89,0.0027,0.05295,0.59603,0.31772
54.9,0.0027,0.05295,0.59603,0.31772
54.91,0.0028,0.05295,0.59603,0.31772
54.92,0.0028,0.05295,0.59603,0.31772
54.93,0.0028,0.05295,0.59603,0.31772
54.94,0.0028,0.05295,0.59603,0.31772
54.95,0.0028,0.05295,0.59603,0.31772
54.96,0.0028,0.05295,0.59603,0.31772
54.97,0.0028,0.05295,0.59603,0.31772
54.98,0.0028,0.05295,0.59603,0.31772
54.99,0.0028,0.05295,0.59603,0.31772
55.0,0.0028,0.05295,0.59603,0.31772
55.01,0.0028,0.05295,0.59603,0.31772
55.02,0.0028,0.05295,0.59603,0.31772
55.03,0.0028,0.05295,0.59603,0.31772
55.04,0.0029,0.05295,0.59603,0.31772
55.05,0.0029,0.05295,0.59603,0.31772
55.06,0.0029,0.05295,0.59603,0.31772
55.07,0.0029,0.05295,0.59603,0.31772
55.08,0.0029,0.05295,0.59603,0.31772
55.09,0.0029,0.05295,0.59603,0.31772
55.1,0.0029,0.05295,0.59603,0.31772
55.11,0.0029,0.05295,0.59603,0.31772
55.12,0.0029,0.05295,0.59603,0.31772
55.13,0.0029,0.05295,0.59603,0.31772
55.14,0.0029,0.05295,0.59603,0.31772
55.15,0.0029,0.05295,0.59603,0.31772
55.16,0.0029,0.05295,0.59603,0.31772
55.17,0.003,0.05295,0.59603,0.31772
55.18,0.003,0.05295,0.59603,0.31772
55.19,0.003,0.05295,0.59603,0.31772
55.2,0.003,0.05295,0.59603,0.31772
55.21,0.003,0.05295,0.59603,0.31772
55.22,0.003,0.05295,0.59603,0.31772
55.23,0.003,0.05295,0.59603,0.31772
55.24,0.003,0.05295,0.59603,0.31772
55.25,0.003,0.05295,0.59603,0.31772
55.26,0.003,0.05295,0.59603,0.31772
55.27,0.003,0.05295,0.59603,0.31772
55.28,0.003,0.05295,0.59603,0.31772
55.29,0.003,0.05295,0.59603,0.31772
55.3,0.0031,0.05295,0.59603,0.31772
55.31,0.0031,0.05295,0.59603,0.31772
55.32,0.0031,0.05295,0.59603,0.31772
55.33,0.0031,0.05295,0.59603,0.31772
55.34,0.0031,0.05295,0.59603,0.31772
55.35,0.0031,0.05295,0.59603,0.31772
55.36,0.0031,0.05295,0.59603,0.31772
55.37,0.0031,0.05295,0.59603,0.31772
55.38,0.0031,0.05295,0.59603,0.31772
55.39,0.0031,0.05295,0.59603,0.31772
55.4,0.0031,0.05295,0.59603,0.31772
55.41,0.0031,0.05295,0.59603,0.31772
55.42,0.0031,0.05295,0.59603,0.31772
55.43,0.0031,0.05295,0.59603,0.31772
55.44,0.0031,0.05295,0.59603,0.31772
55.45,0.0032,0.05295,0.59603,0.31772
55.46,0.0032,0.05295,0.59603,0.31772
55.47,0.0032,0.05295,0.59603,0.31772
55.48,0.0032,0.05295,0.59603,0.31772
55.49,0.0032,0.05295,0.59603,0.31772
55.5,0.0032,0.05295,0.59603,0.31772
55.51,0.0032,0.05295,0.59603,0.31772
55.52,0.0032,0.05295,0.59603,0.31772
55.53,0.0032,0.05295,0.59603,0.31772
55.54,0.0032,0.05295,0.59603,0.31772
55.55,0.0032,0.05295,0.59603,0.31772
55.56,0.0032,0.05295,0.59603,0.31772
55.57,0.0032,0.05295,0.59603,0.31772
55.58,0.0032,0.05295,0.59603,0.31772
55.59,0.0033,0.05295,0.59603,0.31772
55.6,0.0033,0.05295,0.59603,0.31772
55.61,0.0033,0.05295,0.59603,0.31772
55.62,0.0033,0.05295,0.59603,0.31772
55.63,0.0033,0.05295,0.59603,0.31772
55.64,0.0033,0.05295,0.59603,0.31772
55.65,0.0033,0.05295,0.59603,0.31772
55.66,0.0033,0.05295,0.59603,0.31772
55.67,0.0033,0.05295,0.59603,0.31772
55.68,0.0033,0.05295,0.59603,0.31772
55.69,0.0033,0.05295,0.59603,0.31772
55.7,0.0033,0.05295,0.59603,0.31772
55.71,0.0033,0.05295,0.59603,0.31772
55.72,0.0033,0.05295,0.59603,0.31772
55.73,0.0033,0.05295,0.59603,0.31772
55.74,0.0033,0.05295,0.59603,0.31772
55.75,0.0034,0.05295,0.59603,0.31772
55.76,0.0034,0.05295,0.59603,0.31772
55.77,0.0034,0.05295,0.59603,0.31772
55.78,0.0034,0.05295,0.59603,0.31772
55.79,0.0034,0.05295,0.59603,0.31772
55.8,0.0034,0.05295,0.59603,0.31772
55.81,0.0034,0.05295,0.59603,0.31772
55.82,0.0034,0.05295,0.59603,0.31772
55.83,0.0034,0.05295,0.59603,0.31772
55.84,0.0034,0.05295,0.59603,0.31772
55.85,0.0034,0.05295,0.59603,0.31772
55.86,0.0034,0.05295,0.59603,0.31772
55.87,0.0034,0.05295,0.59603,0.31772
55.88,0.0034,0.05295,0.59603,0.31772
55.89,0.0034,0.05295,0.59603,0.31772
55.9,0.0034,0.05295,0.59603,0.31772
55.91,0.0035,0.05295,0.59603,0.31772
55.92,0.0035,0.05295,0.59603,0.31772
55.93,0.0035,0.05295,0.59603,0.31772
55.94,0.0035,0.05295,0.59603,0.31772
55.95,0.0035,0.05295,0.59603,0.31772
55.96,0.0035,0.05295,0.59603,0.31772
55.97,0.0035,0.05295,0.59603,0.31772
55.98,0.0035,0.05295,0.59603,0.31772
55.99,0.0035,0.05295,0.59603,0.31772
56.0,0.0035,0.05295,0.59603,0.31772
56.01,0.0035,0.05295,0.59603,0.31772
56.02,0.0035,0.05295,0.59603,0.31772
56.03,0.0035,0.05295,0.59603,0.31772
56.04,0.0035,0.05295,0.59603,0.31772
56.05,0.0035,0.05295,0.59603,0.31772
56.06,0.0035,0.05295,0.59603,0.31772
56.07,0.0035,0.05295,0.59603,0.31772
56.08,0.0036,0.05295,0.59603,0.31772
56.09,0.0036,0.05295,0.59603,0.31772
56.1,0.0036,0.05295,0.59603,0.31772
56.11,0.0036,0.05295,0.59603,0.31772
56.12,0.0036,0.05295,0.59603,0.31772
56.13,0.0036,0.05295,0.59603,0.31772
56.14,0.0036,0.05295,0.59603,0.31772
56.15,0.0036,0.05295,0.59603,0.31772
56.16,0.0036,0.05295,0.59603,0.31772
56.17,0.0036,0.05295,0.59603,0.31772
56.18,0.0036,0.05295,0.59603,0.31772
56.19,0.0036,0.05295,0.59603,0.31772
56.2,0.0036,0.05295,0.59603,0.31772
56.21,0.0036,0.05295,0.59603,0.31772
56.22,0.0036,0.05295,0.59603,0.31772
56.23,0.0036,0.05295,0.59603,0.31772
56.24,0.0036,0.05295,0.59603,0.31772
56.25,0.0036,0.05295,0.59603,0.31772
56.26,0.0036,0.05295,0.59603,0.31772
56.27,0.0037,0.05295,0.59603,0.31772
56.28,0.0037,0.05295,0.59603,0.31772
56.29,0.0037,0.05295,0.59603,0.31772
56.3,0.0037,0.05295,0.59603,0.31772
56.31,0.0037,0.05295,0.59603,0.31772
56.32,0.0037,0.05295,0.59603,0.31772
56.33,0.0037,0.05295,0.59603,0.31772
56.34,0.0037,0.05295,0.59603,0.31772
56.35,0.0037,0.05295,0.59603,0.31772
56.36,0.0037,0.05295,0.59603,0.31772
56.37,0.0037,0.05295,0.59603,0.31772
56.38,0.0037,0.05295,0.59603,0.31772
56.39,0.0037,0.05295,0.59603,0.31772
56.4,0.0037,0.05295,0.59603,0.31772
56.41,0.0037,0.05295,0.59603,0.31772
56.42,0.0037,0.05295,0.59603,0.31772
56.43,0.0037,0.05296,0.59603,0.31772
56.44,0.0037,0.05296,0.59603,0.31772
56.45,0.0037,0.05296,0.59603,0.31772
56.46,0.0038,0.05296,0.59603,0.31772
56.47,0.0038,0.05296,0.59603,0.31772
56.48,0.0038,0.05296,0.59603,0.31772
56.49,0.0038,0.05296,0.59603,0.31772
56.5,0.0038,0.05296,0.59603,0.31772
56.51,0.0038,0.05296,0.59603,0.31772
56.52,0.0038,0.05296,0.59603,0.31772
56.53,0.0038,0.05296,0.59603,0.31772
56.54,0.0038,0.05296,0.59603,0.31772
56.55,0.0038,0.05296,0.59603,0.31772
56.56,0.0038,0.05296,0.59603,0.31772
56.57,0.0038,0.05296,0.59603,0.31772
56.58,0.0038,0.05296,0.59603,0.31772
56.59,0.0038,0.05296,0.59602,0.31772
56.6,0.0038,0.05296,0.59602,0.31772
56.61,0.0038,0.05296,0.59602,0.31772
56.62,0.0038,0.05296,0.59602,0.31772
56.63,0.0038,0.05296,0.59602,0.31772
56.64,0.0038,0.05296,0.59602,0.31772
56.65,0.0038,0.05296,0.59602,0.31772
56.66,0.0038,0.05296,0.59602,0.31772
56.67,0.0038,0.05296,0.59602,0.31772
56.68,0.0039,0.05296,0.59602,0.31772
56.69,0.0039,0.05296,0.59602,0.31772
56.7,0.0039,0.05296,0.59602,0.31772
56.71,0.0039,0.05296,0.59602,0.31772
56.72,0.0039,0.05296,0.59602,0.31772
56.73,0.0039,0.05296,0.59602,0.31772
56.74,0.0039,0.05296,0.59602,0.31772
56.75,0.0039,0.05296,0.59602,0.31772
56.76,0.0039,0.05296,0.59602,0.31772
56.77,0.0039,0.05296,0.59602,0.31772
56.78,0.0039,0.05296,0.59602,0.31772
56.79,0.0039,0.05296,0.59602,0.31772
56.8,0.0039,0.05296,0.59602,0.31772
56.81,0.0039,0.05296,0.59602,0.31772
56.82,0.0039,0.05296,0.59602,0.31772
56.83,0.0039,0.05296,0.59602,0.31772
56.84,0.0039,0.05296,0.59602,0.31772
56.85,0.0039,0.05296,0.59602,0.31772
56.86,0.0039,0.05296,0.59602,0.31772
56.87,0.0039,0.05296,0.59602,0.31772
56.88,0.0039,0.05296,0.59602,0.31772
56.89,0.0039,0.05296,0.59602,0.31772
56.9,0.0039,0.05296,0.59602,0.31772
56.91,0.0039,0.05296,0.59602,0.31772
56.92,0.0039,0.05296,0.59602,0.31772
56.93,0.004,0.05296,0.59602,0.31772
56.94,0.004,0.05296,0.59602,0.31772
56.95,0.004,0.05296,0.59602,0.31772
56.96,0.004,0.05296,0.59602,0.31772
56.97,0.004,0.05296,0.59602,0.31772
56.98,0.004,0.05296,0.59602,0.31772
56.99,0.004,0.05296,0.59602,0.31772
57.0,0.004,0.05296,0.59602,0.31772
57.01,0.004,0.05296,0.59602,0.31772
57.02,0.004,0.05296,0.59602,0.31772
57.03,0.004,0.05296,0.59602,0.31772
57.04,0.004,0.05296,0.59602,0.31772
57.05,0.004,0.05296,0.59602,0.31772
57.06,0.004,0.05296,0.59602,0.31772
57.07,0.004,0.05296,0.59602,0.31772
57.08,0.004,0.05296,0.59602,0.31772
57.09,0.004,0.05296,0.59602,0.31772
57.1,0.004,0.05296,0.59602,0.31772
57.11,0.004,0.05296,0.59602,0.31772
57.12,0.004,0.05296,0.59602,0.31772
57.13,0.004,0.05296,0.59602,0.31772
57.14,0.004,0.05296,0.59602,0.31772
57.15,0.004,0.05296,0.59602,0.31772
57.16,0.004,0.05296,0.59602,0.31772
57.17,0.004,0.05296,0.59602,0.31772
57.18,0.004,0.05296,0.59602,0.31773
57.19,0.004,0.05296,0.59602,0.31773
57.2,0.004,0.05296,0.59602,0.31773
57.21,0.0041,0.05296,0.59602,0.31773
57.22,0.0041,0.05296,0.59602,0.31773
57.23,0.0041,0.05296,0.59602,0.31773
57.24,0.0041,0.05296,0.59602,0.31773
57.25,0.0041,0.05296,0.59602,0.31773
57.26,0.0041,0.05296,0.59602,0.31773
57.27,0.0041,0.05296,0.59602,0.31773
57.28,0.0041,0.05296,0.59602,0.31773
57.29,0.0041,0.05296,0.59602,0.31773
57.3,0.0041,0.05296,0.59602,0.31773
57.31,0.0041,0.05296,0.59602,0.31773
57.32,0.0041,0.05296,0.59602,0.31773
57.33,0.0041,0.05296,0.59602,0.31773
57.34,0.0041,0.05296,0.59602,0.31773
57.35,0.0041,0.05296,0.59602,0.31773
57.36,0.0041,0.05296,0.59602,0.31773
57.37,0.0041,0.05296,0.59602,0.31773
57.38,0.0041,0.05296,0.59602,0.31773
57.39,0.0041,0.05296,0.59602,0.31773
57.4,0.0041,0.05296,0.59602,0.31773
57.41,0.0041,0.05296,0.59602,0.31773
57.42,0.0041,0.05296,0.59602,0.31773
57.43,0.0041,0.05296,0.59602,0.31773
57.44,0.0041,0.05296,0.59602,0.31773
57.45,0.0041,0.05296,0.59602,0.31773
57.46,0.0041,0.05296,0.59602,0.31773
57.47,0.0041,0.05296,0.59602,0.31773
57.48,0.0041,0.05296,0.59602,0.31773
57.49,0.0041,0.05296,0.59602,0.31773
57.5,0.0041,0.05296,0.59602,0.31773
57.51,0.0041,0.05296,0.59602,0.31773
57.52,0.0041,0.05296,0.59602,0.31773
57.53,0.0041,0.05296,0.59602,0.31773
57.54,0.0041,0.05296,0.59602,0.31773
57.55,0.0041,0.05296,0.59602,0.31773
57.56,0.0042,0.05296,0.59602,0.31773
57.57,0.0042,0.05296,0.59602,0.31773
57.58,0.0042,0.05296,0.59602,0.31773
57.59,0.0042,0.05296,0.59602,0.31773
57.6,0.0042,0.05296,0.59602,0.31773
57.61,0.0042,0.05296,0.59602,0.31773
57.62,0.0042,0.05296,0.59602,0.31773
57.63,0.0042,0.05296,0.59602,0.31773
57.64,0.0042,0.05296,0.59602,0.31773
57.65,0.0042,0.05296,0.59602,0.31773
57.66,0.0042,0.05296,0.59602,0.31773
57.67,0.0042,0.05296,0.59602,0.31773
57.68,0.0042,0.05296,0.59602,0.31773
57.69,0.0042,0.05296,0.59602,0.31773
57.7,0.0042,0.05296,0.59602,0.31773
57.71,0.0042,0.05296,0.59602,0.31773
57.72,0.0042,0.05296,0.59602,0.31773
57.73,0.0042,0.05296,0.59602,0.31773
57.74,0.0042,0.05296,0.59602,0.31773
57.75,0.0042,0.05296,0.59602,0.31773
57.76,0.0042,0.05296,0.59602,0.31773
57.77,0.0042,0.05296,0.59602,0.31773
57.78,0.0042,0.05296,0.59602,0.31773
57.79,0.0042,0.05296,0.59602,0.31773
57.8,0.0042,0.05296,0.59602,0.31773
57.81,0.0042,0.05296,0.59602,0.31773
57.82,0.0042,0.05296,0.59602,0.31773
57.83,0.0042,0.05296,0.59602,0.31773
57.84,0.0042,0.05296,0.59602,0.31773
57.85,0.0042,0.05296,0.59602,0.31773
57.86,0.0042,0.05296,0.59602,0.31773
57.87,0.0042,0.05296,0.59602,0.31773
57.88,0.0042,0.05296,0.59602,0.31773
57.89,0.0042,0.05296,0.59602,0.31773
57.9,0.0042,0.05296,0.59602,0.31773
57.91,0.0042,0.05296,0.59602,0.31773
57.92,0.0042,0.05296,0.59602,0.31773
57.93,0.0042,0.05296,0.59602,0.31773
57.94,0.0042,0.05296,0.59602,0.31773
57.95,0.0042,0.05296,0.59602,0.31773
57.96,0.0042,0.05296,0.59602,0.31773
57.97,0.0042,0.05296,0.59602,0.31773
57.98,0.0042,0.05296,0.59602,0.31773
57.99,0.0042,0.05296,0.59602,0.31773
58.0,0.0042,0.05296,0.59602,0.31773
58.01,0.0042,0.05296,0.59602,0.31773
58.02,0.0042,0.05296,0.59602,0.31773
58.03,0.0042,0.05296,0.59602,0.31773
58.04,0.0042,0.05296,0.59602,0.31773
58.05,0.0042,0.05296,0.59602,0.31773
58.06,0.0043,0.05296,0.59602,0.31773
58.07,0.0043,0.05296,0.59602,0.31773
58.08,0.0043,0.05296,0.59602,0.31773
58.09,0.0043,0.05296,0.59602,0.31773
58.1,0.0043,0.05296,0.59602,0.31773
58.11,0.0043,0.05296,0.59602,0.31773
58.12,0.0043,0.05296,0.59602,0.31773
58.13,0.0043,0.05296,0.59602,0.31773
58.14,0.0043,0.05296,0.59602,0.31773
58.15,0.0043,0.05296,0.59602,0.31773
58.16,0.0043,0.05296,0.59602,0.31773
58.17,0.0043,0.05296,0.59602,0.31773
58.18,0.0043,0.05296,0.59602,0.31773
58.19,0.0043,0.05296,0.59602,0.31773
58.2,0.0043,0.05296,0.59602,0.31773
58.21,0.0043,0.05296,0.59602,0.31773
58.22,0.0043,0.05296,0.59602,0.31773
58.23,0.0043,0.05296,0.59602,0.31773
58.24,0.0043,0.05296,0.59602,0.31773
58.25,0.0043,0.05296,0.59602,0.31773
58.26,0.0043,0.05296,0.59602,0.31773
58.27,0.0043,0.05296,0.59602,0.31773
58.28,0.0043,0.05296,0.59602,0.31773
58.29,0.0043,0.05296,0.59602,0.31773
58.3,0.0043,0.05296,0.59602,0.31773
58.31,0.0043,0.05296,0.59602,0.31773
58.32,0.0043,0.05296,0.59602,0.31773
58.33,0.0043,0.05296,0.59602,0.31773
58.34,0.0043,0.05296,0.59602,0.31773
58.35,0.0043,0.05296,0.59602,0.31773
58.36,0.0043,0.05296,0.59602,0.31773
58.37,0.0043,0.05296,0.59602,0.31773
58.38,0.0043,0.05296,0.59602,0.31773
58.39,0.0043,0.05296,0.59602,0.31773
58.4,0.0043,0.05296,0.59602,0.31773
58.41,0.0043,0.05296,0.59602,0.31773
58.42,0.0043,0.05296,0.59602,0.31773
58.43,0.0043,0.05296,0.59602,0.31773
58.44,0.0043,0.05296,0.59602,0.31773
58.45,0.0043,0.05296,0.59602,0.31773
58.46,0.0043,0.05296,0.59602,0.31773
58.47,0.0043,0.05296,0.59602,0.31773
58.48,0.0043,0.05296,0.59602,0.31773
58.49,0.0043,0.05296,0.59602,0.31773
58.5,0.0043,0.05296,0.59602,0.31773
58.51,0.0043,0.05296,0.59602,0.31773
58.52,0.0043,0.05296,0.59602,0.31773
58.53,0.0043,0.05296,0.59602,0.31773
58.54,0.0043,0.05296,0.59602,0.31773
58.55,0.0043,0.05296,0.59601,0.31773
58.56,0.0043,0.05296,0.59601,0.31773
58.57,0.0043,0.05296,0.59601,0.31773
58.58,0.0043,0.05296,0.59601,0.31773
58.59,0.0043,0.05296,0.59601,0.31773
58.6,0.0043,0.05296,0.59601,0.31773
58.61,0.0043,0.05296,0.59601,0.31773
58.62,0.0043,0.05296,0.59601,0.31773
58.63,0.0043,0.05296,0.59601,0.31773
58.64,0.0043,0.05296,0.59601,0.31773
58.65,0.0043,0.05296,0.59601,0.31773
58.66,0.0043,0.05296,0.59601,0.31773
58.67,0.0043,0.05296,0.59601,0.31773
58.68,0.0043,0.05296,0.59601,0.31773
58.69,0.0043,0.05296,0.59601,0.31773
58.7,0.0043,0.05296,0.59601,0.31773
58.71,0.0043,0.05296,0.59601,0.31773
58.72,0.0043,0.05296,0.59601,0.31773
58.73,0.0043,0.05296,0.59601,0.31773
58.74,0.0043,0.05296,0.59601,0.31773
58.75,0.0043,0.05296,0.59601,0.31773
58.76,0.0043,0.05296,0.59601,0.31773
58.77,0.0043,0.05296,0.59601,0.31773
58.78,0.0043,0.05296,0.59601,0.31773
58.79,0.0043,0.05296,0.59601,0.31773
58.8,0.0043,0.05296,0.59601,0.31773
58.81,0.0043,0.05296,0.59601,0.31773
58.82,0.0043,0.05296,0.59601,0.31773
58.83,0.0043,0.05296,0.59601,0.31773
58.84,0.0043,0.05296,0.59601,0.31773
58.85,0.0043,0.05296,0.59601,0.31773
58.86,0.0043,0.05296,0.59601,0.31773
58.87,0.0043,0.05296,0.59601,0.31773
58.88,0.0043,0.05296,0.59601,0.31773
58.89,0.0043,0.05296,0.59601,0.31773
58.9,0.0043,0.05296,0.59601,0.31773
58.91,0.0043,0.05296,0.59601,0.31773
58.92,0.0043,0.05296,0.59601,0.31773
58.93,0.0043,0.05296,0.59601,0.31773
58.94,0.0043,0.05296,0.59601,0.31773
58.95,0.0043,0.05296,0.59601,0.31773
58.96,0.0043,0.05296,0.59601,0.31773
58.97,0.0043,0.05296,0.59601,0.31773
58.98,0.0043,0.05296,0.59601,0.31773
58.99,0.0043,0.05296,0.59601,0.31773
59.0,0.0043,0.05296,0.59601,0.31773
59.01,0.0043,0.05296,0.59601,0.31773
59.02,0.0043,0.05296,0.59601,0.31773
59.03,0.0043,0.05296,0.59601,0.31773
59.04,0.0043,0.05296,0.59601,0.31773
59.05,0.0043,0.05296,0.59601,0.31773
59.06,0.0043,0.05296,0.59601,0.31773
59.07,0.0043,0.05296,0.59601,0.31773
59.08,0.0043,0.05296,0.59601,0.31773
59.09,0.0043,0.05296,0.59601,0.31773
59.1,0.0043,0.05296,0.59601,0.31773
59.11,0.0043,0.05296,0.59601,0.31773
59.12,0.0043,0.05296,0.59601,0.31773
59.13,0.0043,0.05296,0.59601,0.31773
59.14,0.0043,0.05296,0.59601,0.31773
59.15,0.0043,0.05296,0.59601,0.31773
59.16,0.0043,0.05296,0.59601,0.31773
59.17,0.0043,0.05296,0.59601,0.31773
59.18,0.0043,0.05296,0.59601,0.31773
59.19,0.0043,0.05296,0.59601,0.31773
59.2,0.0043,0.05296,0.59601,0.31773
59.21,0.0043,0.05296,0.59601,0.31773
59.22,0.0043,0.05296,0.59601,0.31773
59.23,0.0043,0.05296,0.59601,0.31773
59.24,0.0043,0.05296,0.59601,0.31773
59.25,0.0043,0.05296,0.59601,0.31773
59.26,0.0043,0.05296,0.59601,0.31773
59.27,0.0043,0.05296,0.59601,0.31773
59.28,0.0043,0.05296,0.59601,0.31773
59.29,0.0043,0.05296,0.59601,0.31773
59.3,0.0043,0.05296,0.59601,0.31773
59.31,0.0043,0.05296,0.59601,0.31773
59.32,0.0043,0.05296,0.59601,0.31773
59.33,0.0043,0.05296,0.59601,0.31773
59.34,0.0043,0.05296,0.59601,0.31773
59.35,0.0043,0.05296,0.59601,0.31773
59.36,0.0043,0.05296,0.59601,0.31773
59.37,0.0043,0.05296,0.59601,0.31773
59.38,0.0043,0.05296,0.59601,0.31773
59.39,0.0043,0.05296,0.59601,0.31773
59.4,0.0043,0.05296,0.59601,0.31773
59.41,0.0043,0.05296,0.59601,0.31773
59.42,0.0043,0.05296,0.59601,0.31773
59.43,0.0043,0.05296,0.59601,0.31773
59.44,0.0043,0.05296,0.59601,0.31773
59.45,0.0043,0.05296,0.59601,0.31773
59.46,0.0043,0.05296,0.59601,0.31773
59.47,0.0043,0.05296,0.59601,0.31773
59.48,0.0043,0.05296,0.59601,0.31773
59.49,0.0043,0.05296,0.59601,0.31773
59.5,0.0043,0.05296,0.59601,0.31773
59.51,0.0043,0.05296,0.59601,0.31773
59.52,0.0043,0.05296,0.59601,0.31773
59.53,0.0043,0.05296,0.59601,0.31773
59.54,0.0043,0.05296,0.59601,0.31773
59.55,0.0043,0.05296,0.59601,0.31773
59.56,0.0043,0.05296,0.59601,0.31773
59.57,0.0043,0.05296,0.59601,0.31773
59.58,0.0043,0.05296,0.59601,0.31773
59.59,0.0043,0.05296,0.59601,0.31773
59.6,0.0043,0.05296,0.59601,0.31773
59.61,0.0043,0.05296,0.59601,0.31773
59.62,0.0043,0.05296,0.59601,0.31773
59.63,0.0043,0.05296,0.59601,0.31773
59.64,0.0043,0.05296,0.59601,0.31773
59.65,0.0043,0.05296,0.59601,0.31773
59.66,0.0043,0.05296,0.59601,0.31773
59.67,0.0043,0.05296,0.59601,0.31773
59.68,0.0043,0.05296,0.59601,0.31773
59.69,0.0043,0.05296,0.59601,0.31773
59.7,0.0043,0.05296,0.59601,0.31773
59.71,0.0043,0.05296,0.59601,0.31773
59.72,0.0043,0.05296,0.59601,0.31773
59.73,0.0043,0.05296,0.59601,0.31773
59.74,0.0043,0.05296,0.59601,0.31773
59.75,0.0043,0.05296,0.59601,0.31773
59.76,0.0043,0.05296,0.59601,0.31773
59.77,0.0043,0.05296,0.59601,0.31773
59.78,0.0043,0.05296,0.59601,0.31773
59.79,0.0043,0.05296,0.59601,0.31773
59.8,0.0043,0.05296,0.59601,0.31773
59.81,0.0043,0.05296,0.59601,0.31773
59.82,0.0043,0.05296,0.59601,0.31773
59.83,0.0043,0.05296,0.59601,0.31773
59.84,0.0043,0.05296,0.59601,0.31773
59.85,0.0043,0.05296,0.59601,0.31773
59.86,0.0043,0.05296,0.59601,0.31773
59.87,0.0043,0.05296,0.59601,0.31773
59.88,0.0043,0.05296,0.59601,0.31773
59.89,0.0043,0.05296,0.59601,0.31773
59.9,0.0043,0.05296,0.59601,0.31773
59.91,0.0043,0.05296,0.59601,0.31773
59.92,0.0043,0.05296,0.59601,0.31773
59.93,0.0043,0.05296,0.59601,0.31773
59.94,0.0043,0.05296,0.59601,0.31773
59.95,0.0043,0.05296,0.59601,0.31773
59.96,0.0043,0.05296,0.59601,0.31773
59.97,0.0043,0.05296,0.59601,0.31773
59.98,0.0043,0.05296,0.59601,0.31773
59.99,0.0043,0.05296,0.59601,0.31773
60.0,0.0043,0.05296,0.59601,0.31773
60.01,0.0043,0.05296,0.59601,0.31773
60.02,0.0043,0.05296,0.59601,0.31773
60.03,0.0043,0.05296,0.59601,0.31773
60.04,0.0043,0.05296,0.59601,0.31773
60.05,0.0043,0.05296,0.59601,0.31773
60.06,0.0043,0.05296,0.59601,0.31773
60.07,0.0043,0.05296,0.59601,0.31773
60.08,0.0043,0.05296,0.59601,0.31773
60.09,0.0043,0.05296,0.59601,0.31773
60.1,0.0043,0.05296,0.59601,0.31773
60.11,0.0043,0.05296,0.59601,0.31773
60.12,0.0043,0.05296,0.59601,0.31773
60.13,0.0043,0.05296,0.59601,0.31773
60.14,0.0043,0.05296,0.59601,0.31773
60.15,0.0043,0.05296,0.59601,0.31773
60.16,0.0043,0.05296,0.59601,0.31773
60.17,0.0043,0.05296,0.59601,0.31773
60.18,0.0043,0.05296,0.59601,0.31773
60.19,0.0043,0.05296,0.59601,0.31773
60.2,0.0043,0.05296,0.59601,0.31773
60.21,0.0042,0.05296,0.59601,0.31773
60.22,0.0042,0.05296,0.59601,0.31773
60.23,0.0042,0.05296,0.59601,0.31773
60.24,0.0042,0.05296,0.59601,0.31773
60.25,0.0042,0.05296,0.59601,0.31773
60.26,0.0042,0.05296,0.59601,0.31773
60.27,0.0042,0.05296,0.59601,0.31773
60.28,0.0042,0.05296,0.59601,0.31773
60.29,0.0042,0.05296,0.59601,0.31773
60.3,0.0042,0.05296,0.59601,0.31773
60.31,0.0042,0.05296,0.59601,0.31773
60.32,0.0042,0.05296,0.59601,0.31773
60.33,0.0042,0.05296,0.59601,0.31773
60.34,0.0042,0.05296,0.59601,0.31773
60.35,0.0042,0.05296,0.59601,0.31773
60.36,0.0042,0.05296,0.59601,0.31773
60.37,0.0042,0.05296,0.59601,0.31773
60.38,0.0042,0.05296,0.59601,0.31773
60.39,0.0042,0.05296,0.59601,0.31773
60.4,0.0042,0.05296,0.59601,0.31773
60.41,0.0042,0.05296,0.59601,0.31773
60.42,0.0042,0.05296,0.59601,0.31773
60.43,0.0042,0.05296,0.59601,0.31773
60.44,0.0042,0.05296,0.59601,0.31773
60.45,0.0042,0.05296,0.59601,0.31773
60.46,0.0042,0.05296,0.59601,0.31773
60.47,0.0042,0.05296,0.59601,0.31773
60.48,0.0042,0.05296,0.59601,0.31773
60.49,0.0042,0.05296,0.59601,0.31773
60.5,0.0042,0.05296,0.59601,0.31773
60.51,0.0042,0.05296,0.59601,0.31773
60.52,0.0042,0.05296,0.59601,0.31773
60.53,0.0042,0.05296,0.59601,0.31773
60.54,0.0042,0.05296,0.59601,0.31773
60.55,0.0042,0.05296,0.59601,0.31773
60.56,0.0042,0.05296,0.59601,0.31773
60.57,0.0042,0.05296,0.59601,0.31773
60.58,0.0042,0.05296,0.59601,0.31773
60.59,0.0042,0.05296,0.59601,0.31773
60.6,0.0042,0.05296,0.59601,0.31773
60.61,0.0042,0.05296,0.59601,0.31773
60.62,0.0042,0.05296,0.59601,0.31773
60.63,0.0042,0.05296,0.59601,0.31773
60.64,0.0042,0.05296,0.59601,0.31773
60.65,0.0042,0.05296,0.59601,0.31773
60.66,0.0042,0.05296,0.59601,0.31773
60.67,0.0042,0.05296,0.59601,0.31773
60.68,0.0042,0.05296,0.59601,0.31773
60.69,0.0042,0.05296,0.59601,0.31773
60.7,0.0042,0.05296,0.59601,0.31773
60.71,0.0042,0.05296,0.59601,0.31773
60.72,0.0042,0.05296,0.59601,0.31773
60.73,0.0042,0.05296,0.59601,0.31773
60.74,0.0042,0.05296,0.59601,0.31773
60.75,0.0042,0.05296,0.596,0.31773
60.76,0.0042,0.05296,0.596,0.31773
60.77,0.0042,0.05296,0.596,0.31773
60.78,0.0042,0.05296,0.596,0.31773
60.79,0.0042,0.05296,0.596,0.31773
60.8,0.0042,0.05296,0.596,0.31773
60.81,0.0042,0.05296,0.596,0.31773
60.82,0.0042,0.05296,0.596,0.31773
60.83,0.0042,0.05296,0.596,0.31773
60.84,0.0042,0.05296,0.596,0.31773
60.85,0.0042,0.05296,0.596,0.31773
60.86,0.0042,0.05296,0.596,0.31773
60.87,0.0042,0.05296,0.596,0.31773
60.88,0.0042,0.05296,0.596,0.31773
60.89,0.0042,0.05296,0.596,0.31773
60.9,0.0042,0.05296,0.596,0.31773
60.91,0.0042,0.05296,0.596,0.31773
60.92,0.0042,0.05296,0.596,0.31773
60.93,0.0042,0.05296,0.596,0.31773
60.94,0.0041,0.05296,0.596,0.31773
60.95,0.0041,0.05296,0.596,0.31773
60.96,0.0041,0.05296,0.596,0.31773
60.97,0.0041,0.05296,0.596,0.31773
60.98,0.0041,0.05296,0.596,0.31773
60.99,0.0041,0.05296,0.596,0.31773
61.0,0.0041,0.05296,0.596,0.31773
61.01,0.0041,0.05296,0.596,0.31773
61.02,0.0041,0.05296,0.596,0.31773
61.03,0.0041,0.05296,0.596,0.31773
61.04,0.0041,0.05296,0.596,0.31773
61.05,0.0041,0.05296,0.596,0.31773
61.06,0.0041,0.05296,0.596,0.31773
61.07,0.0041,0.05296,0.596,0.31773
61.08,0.0041,0.05296,0.596,0.31773
61.09,0.0041,0.05296,0.596,0.31773
61.1,0.0041,0.05296,0.596,0.31773
61.11,0.0041,0.05296,0.596,0.31773
61.12,0.0041,0.05296,0.596,0.31773
61.13,0.0041,0.05296,0.596,0.31773
61.14,0.0041,0.05296,0.596,0.31773
61.15,0.0041,0.05296,0.596,0.31773
61.16,0.0041,0.05296,0.596,0.31773
61.17,0.0041,0.05296,0.596,0.31773
61.18,0.0041,0.05296,0.596,0.31773
61.19,0.0041,0.05296,0.596,0.31773
61.2,0.0041,0.05296,0.596,0.31773
61.21,0.0041,0.05296,0.596,0.31773
61.22,0.0041,0.05296,0.596,0.31773
61.23,0.0041,0.05296,0.596,0.31773
61.24,0.0041,0.05296,0.596,0.31773
61.25,0.0041,0.05296,0.596,0.31773
61.26,0.0041,0.05296,0.596,0.31773
61.27,0.0041,0.05296,0.596,0.31773
61.28,0.0041,0.05296,0.596,0.31773
61.29,0.0041,0.05296,0.596,0.31773
61.3,0.0041,0.05296,0.596,0.31773
61.31,0.0041,0.05296,0.596,0.31773
61.32,0.0041,0.05296,0.596,0.31773
61.33,0.0041,0.05296,0.596,0.31773
61.34,0.0041,0.05296,0.596,0.31773
61.35,0.0041,0.05296,0.596,0.31773
61.36,0.0041,0.05296,0.596,0.31773
61.37,0.0041,0.05296,0.596,0.31773
61.38,0.0041,0.05296,0.596,0.31773
61.39,0.0041,0.05296,0.596,0.31773
61.4,0.0041,0.05296,0.596,0.31773
61.41,0.0041,0.05296,0.596,0.31773
61.42,0.0041,0.05296,0.596,0.31773
61.43,0.0041,0.05296,0.596,0.31773
61.44,0.0041,0.05296,0.596,0.31773
61.45,0.0041,0.05296,0.596,0.31773
61.46,0.0041,0.05296,0.596,0.31773
61.47,0.0041,0.05296,0.596,0.31773
61.48,0.0041,0.05296,0.596,0.31773
61.49,0.0041,0.05296,0.596,0.31773
61.5,0.0041,0.05296,0.596,0.31773
61.51,0.0041,0.05296,0.596,0.31773
61.52,0.0041,0.05296,0.596,0.31773
61.53,0.0041,0.05296,0.596,0.31773
61.54,0.0041,0.05296,0.596,0.31773
61.55,0.0041,0.05296,0.596,0.31773
61.56,0.004,0.05296,0.596,0.31773
61.57,0.004,0.05296,0.596,0.31773
61.58,0.004,0.05296,0.596,0.31773
61.59,0.004,0.05296,0.596,0.31773
61.6,0.004,0.05296,0.596,0.31773
61.61,0.004,0.05296,0.596,0.31773
61.62,0.004,0.05296,0.596,0.31773
61.63,0.004,0.05296,0.596,0.31773
61.64,0.004,0.05296,0.596,0.31773
61.65,0.004,0.05296,0.596,0.31773
61.66,0.004,0.05296,0.596,0.31773
61.67,0.004,0.05296,0.596,0.31773
61.68,0.004,0.05296,0.596,0.31773
61.69,0.004,0.05296,0.596,0.31773
61.7,0.004,0.05296,0.596,0.31773
61.71,0.004,0.05296,0.596,0.31773
61.72,0.004,0.05296,0.596,0.31773
61.73,0.004,0.05296,0.596,0.31773
61.74,0.004,0.05296,0.596,0.31773
61.75,0.004,0.05296,0.596,0.31773
61.76,0.004,0.05296,0.596,0.31773
61.77,0.004,0.05296,0.596,0.31773
61.78,0.004,0.05296,0.596,0.31773
61.79,0.004,0.05296,0.596,0.31773
61.8,0.004,0.05296,0.596,0.31773
61.81,0.004,0.05296,0.596,0.31773
61.82,0.004,0.05296,0.596,0.31773
61.83,0.004,0.05296,0.596,0.31773
61.84,0.004,0.05296,0.596,0.31773
61.85,0.004,0.05296,0.596,0.31773
61.86,0.004,0.05296,0.596,0.31773
61.87,0.004,0.05296,0.596,0.31773
61.88,0.004,0.05296,0.596,0.31773
61.89,0.004,0.05296,0.596,0.31773
61.9,0.004,0.05296,0.596,0.31773
61.91,0.004,0.05296,0.596,0.31773
61.92,0.004,0.05296,0.596,0.31773
61.93,0.004,0.05296,0.596,0.31773
61.94,0.004,0.05296,0.596,0.31773
61.95,0.004,0.05296,0.596,0.31773
61.96,0.004,0.05296,0.596,0.31773
61.97,0.004,0.05296,0.596,0.31773
61.98,0.004,0.05296,0.596,0.31773
61.99,0.004,0.05296,0.596,0.31773
62.0,0.004,0.05296,0.596,0.31773
62.01,0.004,0.05296,0.596,0.31773
62.02,0.004,0.05296,0.596,0.31773
62.03,0.004,0.05296,0.596,0.31773
62.04,0.004,0.05296,0.596,0.31773
62.05,0.004,0.05296,0.596,0.31773
62.06,0.004,0.05296,0.596,0.31773
62.07,0.004,0.05296,0.596,0.31773
62.08,0.004,0.05296,0.596,0.31773
62.09,0.004,0.05296,0.596,0.31773
62.1,0.004,0.05296,0.596,0.31773
62.11,0.004,0.05296,0.596,0.31773
62.12,0.004,0.05296,0.596,0.31773
62.13,0.004,0.05296,0.596,0.31773
62.14,0.0039,0.05296,0.596,0.31773
62.15,0.0039,0.05296,0.596,0.31773
62.16,0.0039,0.05296,0.596,0.31773
62.17,0.0039,0.05296,0.596,0.31773
62.18,0.0039,0.05296,0.596,0.31773
62.19,0.0039,0.05296,0.596,0.31773
62.2,0.0039,0.05296,0.596,0.31773
62.21,0.0039,0.05296,0.596,0.31773
62.22,0.0039,0.05296,0.596,0.31773
62.23,0.0039,0.05296,0.596,0.31773
62.24,0.0039,0.05296,0.596,0.31773
62.25,0.0039,0.05296,0.596,0.31773
62.26,0.0039,0.05296,0.596,0.31773
62.27,0.0039,0.05296,0.596,0.31773
62.28,0.0039,0.05296,0.596,0.31773
62.29,0.0039,0.05296,0.596,0.31773
62.3,0.0039,0.05296,0.596,0.31773
62.31,0.0039,0.05296,0.596,0.31773
62.32,0.0039,0.05296,0.596,0.31773
62.33,0.0039,0.05296,0.596,0.31773
62.34,0.0039,0.05296,0.596,0.31773
62.35,0.0039,0.05296,0.596,0.31773
62.36,0.0039,0.05296,0.596,0.31773
62.37,0.0039,0.05296,0.596,0.31773
62.38,0.0039,0.05296,0.596,0.31773
62.39,0.0039,0.05296,0.596,0.31773
62.4,0.0039,0.05296,0.596,0.31773
62.41,0.0039,0.05296,0.596,0.31773
62.42,0.0039,0.05296,0.596,0.31773
62.43,0.0039,0.05296,0.596,0.31773
62.44,0.0039,0.05296,0.596,0.31773
62.45,0.0039,0.05296,0.596,0.31773
62.46,0.0039,0.05296,0.596,0.31773
62.47,0.0039,0.05296,0.596,0.31773
62.48,0.0039,0.05296,0.596,0.31773
62.49,0.0039,0.05296,0.596,0.31773
62.5,0.0039,0.05296,0.596,0.31773
62.51,0.0039,0.05296,0.596,0.31773
62.52,0.0039,0.05296,0.596,0.31773
62.53,0.0039,0.05296,0.596,0.31773
62.54,0.0039,0.05296,0.596,0.31773
62.55,0.0039,0.05296,0.596,0.31773
62.56,0.0039,0.05296,0.596,0.31773
62.57,0.0039,0.05296,0.596,0.31773
62.58,0.0039,0.05296,0.596,0.31773
62.59,0.0039,0.05296,0.596,0.31773
62.6,0.0039,0.05296,0.596,0.31773
62.61,0.0039,0.05296,0.596,0.31773
62.62,0.0039,0.05296,0.596,0.31773
62.63,0.0039,0.05296,0.596,0.31773
62.64,0.0039,0.05296,0.596,0.31773
62.65,0.0039,0.05296,0.596,0.31773
62.66,0.0039,0.05296,0.596,0.31773
62.67,0.0039,0.05296,0.596,0.31773
62.68,0.0039,0.05296,0.596,0.31773
62.69,0.0039,0.05296,0.596,0.31773
62.7,0.0039,0.05296,0.596,0.31773
62.71,0.0039,0.05296,0.596,0.31773
62.72,0.0039,0.05296,0.596,0.31773
62.73,0.0039,0.05296,0.596,0.31773
62.74,0.0039,0.05296,0.596,0.31773
62.75,0.0038,0.05296,0.596,0.31773
62.76,0.0038,0.05296,0.596,0.31773
62.77,0.0038,0.05296,0.596,0.31773
62.78,0.0038,0.05296,0.596,0.31773
62.79,0.0038,0.05296,0.596,0.31773
62.8,0.0038,0.05296,0.596,0.31773
62.81,0.0038,0.05296,0.596,0.31773
62.82,0.0038,0.05296,0.596,0.31773
62.83,0.0038,0.05296,0.596,0.31773
62.84,0.0038,0.05296,0.596,0.31773
62.85,0.0038,0.05296,0.596,0.31773
62.86,0.0038,0.05296,0.596,0.31773
62.87,0.0038,0.05296,0.596,0.31773
62.88,0.0038,0.05296,0.596,0.31773
62.89,0.0038,0.05296,0.596,0.31773
62.9,0.0038,0.05296,0.596,0.31773
62.91,0.0038,0.05296,0.596,0.31773
62.92,0.0038,0.05296,0.596,0.31773
62.93,0.0038,0.05296,0.596,0.31773
62.94,0.0038,0.05296,0.596,0.31773
62.95,0.0038,0.05296,0.596,0.31773
62.96,0.0038,0.05296,0.596,0.31773
62.97,0.0038,0.05296,0.596,0.31773
62.98,0.0038,0.05296,0.596,0.31773
62.99,0.0038,0.05296,0.596,0.31773
63.0,0.0038,0.05296,0.596,0.31773
63.01,0.0038,0.05296,0.596,0.31773
63.02,0.0038,0.05296,0.596,0.31773
63.03,0.0038,0.05296,0.596,0.31773
63.04,0.0038,0.05296,0.596,0.31773
63.05,0.0038,0.05296,0.596,0.31773
63.06,0.0038,0.05296,0.596,0.31773
63.07,0.0038,0.05296,0.596,0.31773
63.08,0.0038,0.05296,0.596,0.31773
63.09,0.0038,0.05296,0.596,0.31773
63.1,0.0038,0.05296,0.596,0.31773
63.11,0.0038,0.05296,0.596,0.31773
63.12,0.0038,0.05296,0.596,0.31773
63.13,0.0038,0.05296,0.596,0.31773
63.14,0.0038,0.05296,0.596,0.31773
63.15,0.0038,0.05296,0.596,0.31773
63.16,0.0038,0.05296,0.596,0.31773
63.17,0.0038,0.05296,0.596,0.31773
63.18,0.0038,0.05296,0.596,0.31773
63.19,0.0038,0.05296,0.596,0.31773
63.2,0.0038,0.05296,0.596,0.31773
63.21,0.0038,0.05296,0.596,0.31773
63.22,0.0038,0.05296,0.596,0.31773
63.23,0.0038,0.05296,0.596,0.31773
63.24,0.0038,0.05296,0.596,0.31773
63.25,0.0038,0.05296,0.596,0.31773
63.26,0.0038,0.05296,0.596,0.31773
63.27,0.0038,0.05296,0.596,0.31773
63.28,0.0038,0.05296,0.596,0.31773
63.29,0.0038,0.05296,0.596,0.31773
63.3,0.0038,0.05296,0.596,0.31773
63.31,0.0038,0.05296,0.596,0.31773
63.32,0.0038,0.05296,0.596,0.31773
63.33,0.0038,0.05296,0.596,0.31773
63.34,0.0038,0.05296,0.596,0.31773
63.35,0.0038,0.05296,0.596,0.31773
63.36,0.0038,0.05296,0.596,0.31773
63.37,0.0038,0.05296,0.596,0.31773
63.38,0.0038,0.05296,0.596,0.31773
63.39,0.0038,0.05296,0.596,0.31773
63.4,0.0038,0.05296,0.596,0.31773
63.41,0.0037,0.05296,0.596,0.31773
63.42,0.0037,0.05296,0.596,0.31773
63.43,0.0037,0.05296,0.596,0.31773
63.44,0.0037,0.05296,0.596,0.31773
63.45,0.0037,0.05296,0.596,0.31773
63.46,0.0037,0.05296,0.596,0.31773
63.47,0.0037,0.05296,0.596,0.31773
63.48,0.0037,0.05296,0.596,0.31773
63.49,0.0037,0.05296,0.596,0.31773
63.5,0.0037,0.05296,0.596,0.31773
63.51,0.0037,0.05296,0.596,0.31773
63.52,0.0037,0.05296,0.596,0.31773
63.53,0.0037,0.05296,0.596,0.31773
63.54,0.0037,0.05296,0.596,0.31773
63.55,0.0037,0.05296,0.596,0.31773
63.56,0.0037,0.05296,0.596,0.31773
63.57,0.0037,0.05296,0.596,0.31773
63.58,0.0037,0.05296,0.596,0.31773
63.59,0.0037,0.05296,0.596,0.31773
63.6,0.0037,0.05296,0.596,0.31773
63.61,0.0037,0.05296,0.596,0.31773
63.62,0.0037,0.05296,0.596,0.31773
63.63,0.0037,0.05296,0.596,0.31773
63.64,0.0037,0.05296,0.596,0.31773
63.65,0.0037,0.05296,0.596,0.31773
63.66,0.0037,0.05296,0.596,0.31773
63.67,0.0037,0.05296,0.596,0.31773
63.68,0.0037,0.05296,0.596,0.31773
63.69,0.0037,0.05296,0.596,0.31773
63.7,0.0037,0.05296,0.596,0.31773
63.71,0.0037,0.05296,0.596,0.31773
63.72,0.0037,0.05296,0.596,0.31773
63.73,0.0037,0.05296,0.596,0.31773
63.74,0.0037,0.05296,0.596,0.31773
63.75,0.0037,0.05296,0.596,0.31773
63.76,0.0037,0.05296,0.596,0.31773
63.77,0.0037,0.05296,0.596,0.31773
63.78,0.0037,0.05296,0.596,0.31773
63.79,0.0037,0.05296,0.596,0.31773
63.8,0.0037,0.05296,0.596,0.31773
63.81,0.0037,0.05296,0.596,0.31773
63.82,0.0037,0.05296,0.596,0.31773
63.83,0.0037,0.05296,0.596,0.31773
63.84,0.0037,0.05296,0.596,0.31773
63.85,0.0037,0.05296,0.596,0.31773
63.86,0.0037,0.05296,0.596,0.31773
63.87,0.0037,0.05296,0.596,0.31773
63.88,0.0037,0.05296,0.596,0.31773
63.89,0.0037,0.05296,0.596,0.31773
63.9,0.0037,0.05296,0.596,0.31773
63.91,0.0037,0.05296,0.596,0.31773
63.92,0.0037,0.05296,0.596,0.31773
63.93,0.0037,0.05296,0.596,0.31773
63.94,0.0037,0.05296,0.596,0.31773
63.95,0.0037,0.05296,0.596,0.31773
63.96,0.0037,0.05296,0.596,0.31773
63.97,0.0037,0.05296,0.596,0.31773
63.98,0.0037,0.05296,0.596,0.31773
63.99,0.0037,0.05296,0.596,0.31773
64.0,0.0037,0.05296,0.596,0.31773
64.01,0.0037,0.05296,0.596,0.31773
64.02,0.0037,0.05296,0.596,0.31773
64.03,0.0037,0.05296,0.596,0.31773
64.04,0.0037,0.05296,0.596,0.31773
64.05,0.0037,0.05296,0.596,0.31773
64.06,0.0037,0.05296,0.596,0.31773
64.07,0.0037,0.05296,0.596,0.31773
64.08,0.0037,0.05296,0.596,0.31773
64.09,0.0037,0.05296,0.596,0.31773
64.1,0.0037,0.05296,0.596,0.31773
64.11,0.0037,0.05296,0.596,0.31773
64.12,0.0037,0.05296,0.596,0.31773
64.13,0.0037,0.05296,0.596,0.31773
64.14,0.0037,0.05296,0.596,0.31773
64.15,0.0037,0.05296,0.596,0.31773
64.16,0.0037,0.05296,0.596,0.31773
64.17,0.0037,0.05296,0.596,0.31773
64.18,0.0037,0.05296,0.596,0.31773
64.19,0.0036,0.05296,0.596,0.31773
64.2,0.0036,0.05296,0.596,0.31773
64.21,0.0036,0.05296,0.596,0.31773
64.22,0.0036,0.05296,0.596,0.31773
64.23,0.0036,0.05296,0.596,0.31773
64.24,0.0036,0.05296,0.596,0.31773
64.25,0.0036,0.05296,0.596,0.31773
64.26,0.0036,0.05296,0.596,0.31773
64.27,0.0036,0.05296,0.596,0.31773
64.28,0.0036,0.05296,0.596,0.31773
64.29,0.0036,0.05296,0.596,0.31773
64.3,0.0036,0.05296,0.596,0.31773
64.31,0.0036,0.05296,0.596,0.31773
64.32,0.0036,0.05296,0.596,0.31773
64.33,0.0036,0.05296,0.596,0.31773
64.34,0.0036,0.05296,0.596,0.31773
64.35,0.0036,0.05296,0.596,0.31773
64.36,0.0036,0.05296,0.596,0.31773
64.37,0.0036,0.05296,0.596,0.31773
64.38,0.0036,0.05296,0.596,0.31773
64.39,0.0036,0.05296,0.596,0.31773
64.4,0.0036,0.05296,0.596,0.31773
64.41,0.0036,0.05296,0.596,0.31773
64.42,0.0036,0.05296,0.596,0.31773
64.43,0.0036,0.05296,0.596,0.31773
64.44,0.0036,0.05296,0.596,0.31773
64.45,0.0036,0.05296,0.596,0.31773
64.46,0.0036,0.05296,0.596,0.31773
64.47,0.0036,0.05296,0.596,0.31773
64.48,0.0036,0.05296,0.596,0.31773
64.49,0.0036,0.05296,0.596,0.31773
64.5,0.0036,0.05296,0.596,0.31773
64.51,0.0036,0.05296,0.596,0.31773
64.52,0.0036,0.05296,0.596,0.31773
64.53,0.0036,0.05296,0.596,0.31773
64.54,0.0036,0.05296,0.596,0.31773
64.55,0.0036,0.05296,0.596,0.31773
64.56,0.0036,0.05296,0.596,0.31773
64.57,0.0036,0.05296,0.596,0.31773
64.58,0.0036,0.05296,0.596,0.31773
64.59,0.0036,0.05296,0.596,0.31773
64.6,0.0036,0.05296,0.596,0.31773
64.61,0.0036,0.05296,0.596,0.31773
64.62,0.0036,0.05296,0.596,0.31773
64.63,0.0036,0.05296,0.596,0.31773
64.64,0.0036,0.05296,0.596,0.31773
64.65,0.0036,0.05296,0.596,0.31773
64.66,0.0036,0.05296,0.596,0.31773
64.67,0.0036,0.05296,0.596,0.31773
64.68,0.0036,0.05296,0.596,0.31773
64.69,0.0036,0.05296,0.596,0.31773
64.7,0.0036,0.05296,0.596,0.31773
64.71,0.0036,0.05296,0.596,0.31773
64.72,0.0036,0.05296,0.596,0.31773
64.73,0.0036,0.05296,0.596,0.31773
64.74,0.0036,0.05296,0.596,0.31773
64.75,0.0036,0.05296,0.596,0.31773
64.76,0.0036,0.05296,0.596,0.31773
64.77,0.0036,0.05296,0.596,0.31773
64.78,0.0036,0.05296,0.596,0.31773
64.79,0.0036,0.05296,0.596,0.31773
64.8,0.0036,0.05296,0.596,0.31773
64.81,0.0036,0.05296,0.596,0.31773
64.82,0.0036,0.05296,0.596,0.31773
64.83,0.0036,0.05296,0.596,0.31773
64.84,0.0036,0.05296,0.596,0.31773
64.85,0.0036,0.05296,0.596,0.31773
64.86,0.0036,0.05295,0.596,0.31773
64.87,0.0036,0.05295,0.596,0.31773
64.88,0.0036,0.05295,0.596,0.31773
64.89,0.0036,0.05295,0.596,0.31773
64.9,0.0036,0.05295,0.596,0.31773
64.91,0.0036,0.05295,0.596,0.31773
64.92,0.0036,0.05295,0.596,0.31773
64.93,0.0036,0.05295,0.596,0.31773
64.94,0.0036,0.05295,0.596,0.31773
64.95,0.0036,0.05295,0.596,0.31773
64.96,0.0036,0.05295,0.596,0.31773
64.97,0.0036,0.05295,0.596,0.31773
64.98,0.0036,0.05295,0.596,0.31773
64.99,0.0036,0.05295,0.596,0.31773
65.0,0.0036,0.05295,0.596,0.31773
65.01,0.0036,0.05295,0.596,0.31773
65.02,0.0036,0.05295,0.596,0.31773
65.03,0.0036,0.05295,0.596,0.31773
65.04,0.0036,0.05295,0.596,0.31773
65.05,0.0036,0.05295,0.596,0.31773
65.06,0.0036,0.05295,0.596,0.31773
65.07,0.0036,0.05295,0.596,0.31773
65.08,0.0036,0.05295,0.596,0.31773
65.09,0.0036,0.05295,0.596,0.31773
65.1,0.0036,0.05295,0.596,0.31773
65.11,0.0036,0.05295,0.596,0.31773
65.12,0.0036,0.05295,0.596,0.31773
65.13,0.0036,0.05295,0.596,0.31773
65.14,0.0036,0.05295,0.596,0.31773
65.15,0.0036,0.05295,0.596,0.31773
65.16,0.0036,0.05295,0.596,0.31773
65.17,0.0036,0.05295,0.596,0.31773
65.18,0.0036,0.05295,0.596,0.31773
65.19,0.0036,0.05295,0.596,0.31773
65.2,0.0036,0.05295,0.596,0.31773
65.21,0.0036,0.05295,0.596,0.31773
65.22,0.0036,0.05295,0.596,0.31773
65.23,0.0036,0.05295,0.596,0.31773
65.24,0.0036,0.05295,0.596,0.31773
65.25,0.0036,0.05295,0.596,0.31773
65.26,0.0036,0.05295,0.596,0.31773
65.27,0.0036,0.05295,0.596,0.31773
65.28,0.0036,0.05295,0.596,0.31773
65.29,0.0036,0.05295,0.596,0.31773
65.3,0.0036,0.05295,0.596,0.31773
65.31,0.0036,0.05295,0.596,0.31773
65.32,0.0035,0.05295,0.596,0.31773
65.33,0.0035,0.05295,0.596,0.31773
65.34,0.0035,0.05295,0.596,0.31773
65.35,0.0035,0.05295,0.596,0.31773
65.36,0.0035,0.05295,0.596,0.31773
65.37,0.0035,0.05295,0.596,0.31773
65.38,0.0035,0.05295,0.596,0.31773
65.39,0.0035,0.05295,0.596,0.31773
65.4,0.0035,0.05295,0.596,0.31773
65.41,0.0035,0.05295,0.596,0.31773
65.42,0.0035,0.05295,0.596,0.31773
65.43,0.0035,0.05295,0.596,0.31773
65.44,0.0035,0.05295,0.596,0.31773
65.45,0.0035,0.05295,0.596,0.31773
65.46,0.0035,0.05295,0.596,0.31773
65.47,0.0035,0.05295,0.596,0.31773
65.48,0.0035,0.05295,0.596,0.31773
65.49,0.0035,0.05295,0.596,0.31773
65.5,0.0035,0.05295,0.596,0.31773
65.51,0.0035,0.05295,0.596,0.31773
65.52,0.0035,0.05295,0.596,0.31773
65.53,0.0035,0.05295,0.596,0.31773
65.54,0.0035,0.05295,0.596,0.31773
65.55,0.0035,0.05295,0.596,0.31773
65.56,0.0035,0.05295,0.596,0.31773
65.57,0.0035,0.05295,0.596,0.31773
65.58,0.0035,0.05295,0.596,0.31773
65.59,0.0035,0.05295,0.596,0.31773
65.6,0.0035,0.05295,0.596,0.31773
65.61,0.0035,0.05295,0.596,0.31773
65.62,0.0035,0.05295,0.596,0.31773
65.63,0.0035,0.05295,0.596,0.31773
65.64,0.0035,0.05295,0.596,0.31773
65.65,0.0035,0.05295,0.596,0.31773
65.66,0.0035,0.05295,0.596,0.31773
65.67,0.0035,0.05295,0.596,0.31773
65.68,0.0035,0.05295,0.596,0.31773
65.69,0.0035,0.05295,0.596,0.31773
65.7,0.0035,0.05295,0.596,0.31773
65.71,0.0035,0.05295,0.596,0.31773
65.72,0.0035,0.05295,0.596,0.31773
65.73,0.0035,0.05295,0.596,0.31773
65.74,0.0035,0.05295,0.596,0.31773
65.75,0.0035,0.05295,0.596,0.31773
65.76,0.0035,0.05295,0.596,0.31773
65.77,0.0035,0.05295,0.596,0.31773
65.78,0.0035,0.05295,0.596,0.31773
65.79,0.0035,0.05295,0.596,0.31773
65.8,0.0035,0.05295,0.596,0.31773
65.81,0.0035,0.05295,0.596,0.31773
65.82,0.0035,0.05295,0.596,0.31773
65.83,0.0035,0.05295,0.596,0.31773
65.84,0.0035,0.05295,0.596,0.31773
65.85,0.0035,0.05295,0.596,0.31773
65.86,0.0035,0.05295,0.596,0.31773
65.87,0.0035,0.05295,0.596,0.31773
65.88,0.0035,0.05295,0.596,0.31773
65.89,0.0035,0.05295,0.596,0.31773
65.9,0.0035,0.05295,0.596,0.31773
65.91,0.0035,0.05295,0.596,0.31773
65.92,0.0035,0.05295,0.596,0.31773
65.93,0.0035,0.05295,0.596,0.31773
65.94,0.0035,0.05295,0.596,0.31773
65.95,0.0035,0.05295,0.596,0.31773
65.96,0.0035,0.05295,0.596,0.31773
65.97,0.0035,0.05295,0.596,0.31773
65.98,0.0035,0.05295,0.596,0.31773
65.99,0.0035,0.05295,0.596,0.31773
66.0,0.0035,0.05295,0.596,0.31773
66.01,0.0035,0.05295,0.596,0.31773
66.02,0.0035,0.05295,0.596,0.31773
66.03,0.0035,0.05295,0.596,0.31773
66.04,0.0035,0.05295,0.596,0.31773
66.05,0.0035,0.05295,0.596,0.31773
66.06,0.0035,0.05295,0.596,0.31773
66.07,0.0035,0.05295,0.596,0.31773
66.08,0.0035,0.05295,0.596,0.31773
66.09,0.0035,0.05295,0.596,0.31773
66.1,0.0035,0.05295,0.596,0.31773
66.11,0.0035,0.05295,0.596,0.31773
66.12,0.0035,0.05295,0.596,0.31773
66.13,0.0035,0.05295,0.596,0.31773
66.14,0.0035,0.05295,0.596,0.31773
66.15,0.0035,0.05295,0.596,0.31773
66.16,0.0035,0.05295,0.596,0.31773
66.17,0.0035,0.05295,0.596,0.31773
66.18,0.0035,0.05295,0.596,0.31773
66.19,0.0035,0.05295,0.596,0.31773
66.2,0.0035,0.05295,0.596,0.31773
66.21,0.0035,0.05295,0.596,0.31773
66.22,0.0035,0.05295,0.596,0.31773
66.23,0.0035,0.05295,0.596,0.31773
66.24,0.0035,0.05295,0.596,0.31773
66.25,0.0035,0.05295,0.596,0.31773
66.26,0.0035,0.05295,0.596,0.31773
66.27,0.0035,0.05295,0.596,0.31773
66.28,0.0035,0.05295,0.596,0.31773
66.29,0.0035,0.05295,0.596,0.31773
66.3,0.0035,0.05295,0.596,0.31773
66.31,0.0035,0.05295,0.596,0.31773
66.32,0.0035,0.05295,0.596,0.31773
66.33,0.0035,0.05295,0.596,0.31773
66.34,0.0035,0.05295,0.596,0.31773
66.35,0.0035,0.05295,0.596,0.31773
66.36,0.0035,0.05295,0.596,0.31773
66.37,0.0035,0.05295,0.596,0.31773
66.38,0.0035,0.05295,0.596,0.31773
66.39,0.0035,0.05295,0.596,0.31773
66.4,0.0035,0.05295,0.596,0.31773
66.41,0.0035,0.05295,0.596,0.31773
66.42,0.0035,0.05295,0.596,0.31773
66.43,0.0035,0.05295,0.596,0.31773
66.44,0.0035,0.05295,0.596,0.31773
66.45,0.0035,0.05295,0.596,0.31773
66.46,0.0035,0.05295,0.596,0.31773
66.47,0.0035,0.05295,0.596,0.31773
66.48,0.0035,0.05295,0.596,0.31773
66.49,0.0035,0.05295,0.596,0.31773
66.5,0.0035,0.05295,0.596,0.31773
66.51,0.0035,0.05295,0.596,0.31773
66.52,0.0035,0.05295,0.596,0.31773
66.53,0.0035,0.05295,0.596,0.31773
66.54,0.0035,0.05295,0.596,0.31773
66.55,0.0035,0.05295,0.596,0.31773
66.56,0.0035,0.05295,0.596,0.31773
66.57,0.0035,0.05295,0.596,0.31773
66.58,0.0035,0.05295,0.596,0.31773
66.59,0.0035,0.05295,0.596,0.31773
66.6,0.0035,0.05295,0.596,0.31773
66.61,0.0035,0.05295,0.596,0.31773
66.62,0.0035,0.05295,0.596,0.31773
66.63,0.0035,0.05295,0.596,0.31773
66.64,0.0035,0.05295,0.596,0.31773
66.65,0.0035,0.05295,0.596,0.31773
66.66,0.0035,0.05295,0.596,0.31773
66.67,0.0035,0.05295,0.596,0.31773
66.68,0.0035,0.05295,0.596,0.31773
66.69,0.0035,0.05295,0.596,0.31773
66.7,0.0035,0.05295,0.596,0.31773
66.71,0.0035,0.05295,0.596,0.31773
66.72,0.0035,0.05295,0.596,0.31773
66.73,0.0035,0.05295,0.596,0.31773
66.74,0.0035,0.05295,0.596,0.31773
66.75,0.0035,0.05295,0.596,0.31773
66.76,0.0035,0.05295,0.596,0.31773
66.77,0.0035,0.05295,0.596,0.31773
66.78,0.0035,0.05295,0.596,0.31773
66.79,0.0035,0.05295,0.596,0.31773
66.8,0.0035,0.05295,0.596,0.31773
66.81,0.0035,0.05295,0.596,0.31773
66.82,0.0035,0.05295,0.596,0.31773
66.83,0.0035,0.05295,0.596,0.31773
66.84,0.0035,0.05295,0.596,0.31773
66.85,0.0035,0.05295,0.596,0.31773
66.86,0.0035,0.05295,0.596,0.31773
66.87,0.0035,0.05295,0.596,0.31773
66.88,0.0035,0.05295,0.596,0.31773
66.89,0.0035,0.05295,0.596,0.31773
66.9,0.0035,0.05295,0.596,0.31773
66.91,0.0035,0.05295,0.596,0.31773
66.92,0.0035,0.05295,0.596,0.31773
66.93,0.0035,0.05295,0.596,0.31773
66.94,0.0035,0.05295,0.596,0.31773
66.95,0.0035,0.05295,0.596,0.31773
66.96,0.0035,0.05295,0.596,0.31773
66.97,0.0035,0.05295,0.596,0.31773
66.98,0.0035,0.05295,0.596,0.31773
66.99,0.0035,0.05295,0.596,0.31773
67.0,0.0035,0.05295,0.596,0.31773
67.01,0.0035,0.05295,0.596,0.31773
67.02,0.0035,0.05295,0.596,0.31773
67.03,0.0035,0.05295,0.596,0.31773
67.04,0.0035,0.05295,0.596,0.31773
67.05,0.0035,0.05295,0.596,0.31773
67.06,0.0035,0.05295,0.596,0.31773
67.07,0.0035,0.05295,0.596,0.31773
67.08,0.0035,0.05295,0.596,0.31773
67.09,0.0035,0.05295,0.596,0.31773
67.1,0.0035,0.05295,0.596,0.31773
67.11,0.0035,0.05295,0.596,0.31773
67.12,0.0035,0.05295,0.596,0.31773
67.13,0.0035,0.05295,0.596,0.31773
67.14,0.0035,0.05295,0.596,0.31773
67.15,0.0035,0.05295,0.596,0.31773
67.16,0.0035,0.05295,0.596,0.31773
67.17,0.0035,0.05295,0.596,0.31773
67.18,0.0035,0.05295,0.596,0.31773
67.19,0.0035,0.05295,0.596,0.31773
67.2,0.0035,0.05295,0.596,0.31773
67.21,0.0035,0.05295,0.596,0.31773
67.22,0.0035,0.05295,0.596,0.31773
67.23,0.0035,0.05295,0.596,0.31773
67.24,0.0035,0.05295,0.596,0.31773
67.25,0.0035,0.05295,0.596,0.31773
67.26,0.0035,0.05295,0.596,0.31773
67.27,0.0035,0.05295,0.596,0.31773
67.28,0.0035,0.05295,0.596,0.31773
67.29,0.0035,0.05295,0.596,0.31773
67.3,0.0035,0.05295,0.596,0.31773
67.31,0.0035,0.05295,0.596,0.31773
67.32,0.0035,0.05295,0.596,0.31773
67.33,0.0035,0.05295,0.596,0.31773
67.34,0.0035,0.05295,0.596,0.31773
67.35,0.0035,0.05295,0.596,0.31773
67.36,0.0035,0.05295,0.596,0.31773
67.37,0.0035,0.05295,0.596,0.31773
67.38,0.0035,0.05295,0.596,0.31773
67.39,0.0035,0.05295,0.596,0.31773
67.4,0.0035,0.05295,0.596,0.31773
67.41,0.0035,0.05295,0.596,0.31773
67.42,0.0035,0.05295,0.596,0.31773
67.43,0.0035,0.05295,0.596,0.31773
67.44,0.0035,0.05295,0.596,0.31773
67.45,0.0035,0.05295,0.596,0.31773
67.46,0.0035,0.05295,0.596,0.31773
67.47,0.0035,0.05295,0.596,0.31773
67.48,0.0035,0.05295,0.596,0.31773
67.49,0.0035,0.05295,0.596,0.31773
67.5,0.0035,0.05295,0.596,0.31773
67.51,0.0035,0.05295,0.596,0.31773
67.52,0.0035,0.05295,0.596,0.31773
67.53,0.0035,0.05295,0.596,0.31773
67.54,0.0035,0.05295,0.596,0.31773
67.55,0.0035,0.05295,0.596,0.31773
67.56,0.0035,0.05295,0.596,0.31773
67.57,0.0035,0.05295,0.596,0.31773
67.58,0.0035,0.05295,0.596,0.31773
67.59,0.0035,0.05295,0.596,0.31773
67.6,0.0035,0.05295,0.596,0.31773
67.61,0.0035,0.05295,0.596,0.31773
67.62,0.0035,0.05295,0.596,0.31773
67.63,0.0035,0.05295,0.596,0.31773
67.64,0.0035,0.05295,0.596,0.31773
67.65,0.0035,0.05295,0.596,0.31773
67.66,0.0035,0.05295,0.596,0.31773
67.67,0.0035,0.05295,0.596,0.31773
67.68,0.0035,0.05295,0.596,0.31773
67.69,0.0035,0.05295,0.596,0.31773
67.7,0.0035,0.05295,0.596,0.31773
67.71,0.0035,0.05295,0.596,0.31773
67.72,0.0035,0.05295,0.596,0.31773
67.73,0.0035,0.05295,0.596,0.31773
67.74,0.0035,0.05295,0.596,0.31773
67.75,0.0035,0.05295,0.596,0.31773
67.76,0.0035,0.05295,0.596,0.31773
67.77,0.0035,0.05295,0.596,0.31773
67.78,0.0035,0.05295,0.596,0.31773
67.79,0.0035,0.05295,0.596,0.31773
67.8,0.0035,0.05295,0.596,0.31773
67.81,0.0035,0.05295,0.596,0.31773
67.82,0.0035,0.05295,0.596,0.31773
67.83,0.0035,0.05295,0.596,0.31773
67.84,0.0035,0.05295,0.596,0.31773
67.85,0.0035,0.05295,0.596,0.31773
67.86,0.0035,0.05295,0.596,0.31773
67.87,0.0035,0.05295,0.596,0.31773
67.88,0.0035,0.05295,0.596,0.31773
67.89,0.0035,0.05295,0.596,0.31773
67.9,0.0035,0.05295,0.596,0.31773
67.91,0.0035,0.05295,0.596,0.31773
67.92,0.0035,0.05295,0.596,0.31773
67.93,0.0035,0.05295,0.596,0.31773
67.94,0.0035,0.05295,0.596,0.31773
67.95,0.0035,0.05295,0.596,0.31773
67.96,0.0035,0.05295,0.596,0.31773
67.97,0.0035,0.05295,0.596,0.31773
67.98,0.0035,0.05295,0.596,0.31773
67.99,0.0035,0.05295,0.596,0.31773
68.0,0.0035,0.05295,0.596,0.31773
68.01,0.0035,0.05295,0.596,0.31773
68.02,0.0035,0.05295,0.596,0.31773
68.03,0.0035,0.05295,0.596,0.31773
68.04,0.0035,0.05295,0.596,0.31773
68.05,0.0035,0.05295,0.596,0.31773
68.06,0.0035,0.05295,0.596,0.31773
68.07,0.0035,0.05295,0.596,0.31773
68.08,0.0035,0.05295,0.596,0.31773
68.09,0.0035,0.05295,0.596,0.31773
68.1,0.0035,0.05295,0.596,0.31773
68.11,0.0035,0.05295,0.596,0.31773
68.12,0.0035,0.05295,0.596,0.31773
68.13,0.0035,0.05295,0.596,0.31773
68.14,0.0035,0.05295,0.596,0.31773
68.15,0.0035,0.05295,0.596,0.31773
68.16,0.0035,0.05295,0.596,0.31773
68.17,0.0035,0.05295,0.596,0.31773
68.18,0.0035,0.05295,0.596,0.31773
68.19,0.0035,0.05295,0.596,0.31773
68.2,0.0035,0.05295,0.596,0.31773
68.21,0.0035,0.05295,0.596,0.31773
68.22,0.0035,0.05295,0.596,0.31773
68.23,0.0035,0.05295,0.596,0.31773
68.24,0.0035,0.05295,0.596,0.31773
68.25,0.0035,0.05295,0.596,0.31773
68.26,0.0035,0.05295,0.596,0.31773
68.27,0.0035,0.05295,0.596,0.31773
68.28,0.0035,0.05295,0.596,0.31773
68.29,0.0035,0.05295,0.596,0.31773
68.3,0.0035,0.05295,0.596,0.31773
68.31,0.0035,0.05295,0.596,0.31773
68.32,0.0035,0.05295,0.596,0.31773
68.33,0.0035,0.05295,0.596,0.31773
68.34,0.0035,0.05295,0.596,0.31773
68.35,0.0035,0.05295,0.596,0.31773
68.36,0.0035,0.05295,0.596,0.31773
68.37,0.0035,0.05295,0.596,0.31773
68.38,0.0035,0.05295,0.596,0.31773
68.39,0.0035,0.05295,0.596,0.31773
68.4,0.0035,0.05295,0.596,0.31773
68.41,0.0035,0.05295,0.596,0.31773
68.42,0.0035,0.05295,0.596,0.31773
68.43,0.0035,0.05295,0.596,0.31773
68.44,0.0035,0.05295,0.596,0.31773
68.45,0.0035,0.05295,0.596,0.31773
68.46,0.0035,0.05295,0.596,0.31773
68.47,0.0035,0.05295,0.596,0.31773
68.48,0.0035,0.05295,0.596,0.31773
68.49,0.0035,0.05295,0.596,0.31773
68.5,0.0035,0.05295,0.596,0.31773
68.51,0.0035,0.05295,0.596,0.31773
68.52,0.0035,0.05295,0.596,0.31773
68.53,0.0035,0.05295,0.596,0.31773
68.54,0.0035,0.05295,0.596,0.31773
68.55,0.0035,0.05295,0.596,0.31773
68.56,0.0035,0.05295,0.596,0.31773
68.57,0.0035,0.05295,0.596,0.31773
68.58,0.0035,0.05295,0.596,0.31773
68.59,0.0035,0.05295,0.596,0.31773
68.6,0.0035,0.05295,0.596,0.31773
68.61,0.0035,0.05295,0.596,0.31773
68.62,0.0035,0.05295,0.596,0.31773
68.63,0.0035,0.05295,0.596,0.31773
68.64,0.0035,0.05295,0.596,0.31773
68.65,0.0035,0.05295,0.596,0.31773
68.66,0.0035,0.05295,0.596,0.31773
68.67,0.0035,0.05295,0.596,0.31773
68.68,0.0035,0.05295,0.596,0.31773
68.69,0.0035,0.05295,0.596,0.31773
68.7,0.0035,0.05295,0.596,0.31773
68.71,0.0035,0.05295,0.596,0.31773
68.72,0.0035,0.05295,0.596,0.31773
68.73,0.0035,0.05295,0.596,0.31773
68.74,0.0035,0.05295,0.596,0.31773
68.75,0.0035,0.05295,0.596,0.31773
68.76,0.0035,0.05295,0.596,0.31773
68.77,0.0035,0.05295,0.596,0.31773
68.78,0.0035,0.05295,0.596,0.31773
68.79,0.0035,0.05295,0.596,0.31773
68.8,0.0035,0.05295,0.596,0.31773
68.81,0.0035,0.05295,0.596,0.31773
68.82,0.0035,0.05295,0.596,0.31773
68.83,0.0035,0.05295,0.596,0.31773
68.84,0.0035,0.05295,0.596,0.31773
68.85,0.0035,0.05295,0.596,0.31773
68.86,0.0035,0.05295,0.596,0.31773
68.87,0.0035,0.05295,0.596,0.31773
68.88,0.0035,0.05295,0.596,0.31773
68.89,0.0035,0.05295,0.596,0.31773
68.9,0.0035,0.05295,0.596,0.31773
68.91,0.0035,0.05295,0.596,0.31773
68.92,0.0035,0.05295,0.596,0.31773
68.93,0.0035,0.05295,0.596,0.31773
68.94,0.0035,0.05295,0.596,0.31773
68.95,0.0035,0.05295,0.596,0.31773
68.96,0.0035,0.05295,0.596,0.31773
68.97,0.0035,0.05295,0.596,0.31773
68.98,0.0035,0.05295,0.596,0.31773
68.99,0.0035,0.05295,0.596,0.31773
69.0,0.0035,0.05295,0.596,0.31773
69.01,0.0035,0.05295,0.596,0.31773
69.02,0.0035,0.05295,0.596,0.31773
69.03,0.0035,0.05295,0.596,0.31773
69.04,0.0035,0.05295,0.596,0.31773
69.05,0.0035,0.05295,0.596,0.31773
69.06,0.0035,0.05295,0.596,0.31773
69.07,0.0035,0.05295,0.596,0.31773
69.08,0.0035,0.05295,0.596,0.31773
69.09,0.0035,0.05295,0.596,0.31773
69.1,0.0035,0.05295,0.596,0.31773
69.11,0.0035,0.05295,0.596,0.31773
69.12,0.0035,0.05295,0.596,0.31773
69.13,0.0035,0.05295,0.596,0.31773
69.14,0.0035,0.05295,0.596,0.31773
69.15,0.0035,0.05295,0.596,0.31773
69.16,0.0035,0.05295,0.596,0.31773
69.17,0.0035,0.05295,0.596,0.31773
69.18,0.0035,0.05295,0.596,0.31773
69.19,0.0035,0.05295,0.596,0.31773
69.2,0.0035,0.05295,0.596,0.31773
69.21,0.0035,0.05295,0.596,0.31773
69.22,0.0035,0.05295,0.596,0.31773
69.23,0.0035,0.05295,0.596,0.31773
69.24,0.0035,0.05295,0.596,0.31773
69.25,0.0035,0.05295,0.596,0.31773
69.26,0.0035,0.05295,0.596,0.31773
69.27,0.0035,0.05295,0.596,0.31773
69.28,0.0035,0.05295,0.596,0.31773
69.29,0.0035,0.05295,0.596,0.31773
69.3,0.0035,0.05295,0.596,0.31773
69.31,0.0035,0.05295,0.596,0.31773
69.32,0.0035,0.05295,0.596,0.31773
69.33,0.0035,0.05295,0.596,0.31773
69.34,0.0035,0.05295,0.596,0.31773
69.35,0.0035,0.05295,0.596,0.31773
69.36,0.0035,0.05295,0.596,0.31773
69.37,0.0035,0.05295,0.596,0.31773
69.38,0.0035,0.05295,0.596,0.31773
69.39,0.0035,0.05295,0.596,0.31773
69.4,0.0035,0.05295,0.596,0.31773
69.41,0.0035,0.05295,0.596,0.31773
69.42,0.0035,0.05295,0.596,0.31773
69.43,0.0035,0.05295,0.596,0.31773
69.44,0.0035,0.05295,0.596,0.31773
69.45,0.0035,0.05295,0.596,0.31773
69.46,0.0035,0.05295,0.596,0.31773
69.47,0.0035,0.05295,0.596,0.31773
69.48,0.0035,0.05295,0.596,0.31773
69.49,0.0035,0.05295,0.596,0.31773
69.5,0.0035,0.05295,0.596,0.31773
69.51,0.0035,0.05295,0.596,0.31773
69.52,0.0035,0.05295,0.596,0.31773
69.53,0.0035,0.05295,0.596,0.31773
69.54,0.0035,0.05295,0.596,0.31773
69.55,0.0035,0.05295,0.596,0.31773
69.56,0.0035,0.05295,0.596,0.31773
69.57,0.0035,0.05295,0.596,0.31773
69.58,0.0035,0.05295,0.596,0.31773
69.59,0.0035,0.05295,0.596,0.31773
69.6,0.0035,0.05295,0.596,0.31773
69.61,0.0035,0.05295,0.596,0.31773
69.62,0.0035,0.05295,0.596,0.31773
69.63,0.0035,0.05295,0.596,0.31773
69.64,0.0035,0.05295,0.596,0.31773
69.65,0.0035,0.05295,0.596,0.31773
69.66,0.0035,0.05295,0.596,0.31773
69.67,0.0035,0.05295,0.596,0.31773
69.68,0.0035,0.05295,0.596,0.31773
69.69,0.0035,0.05295,0.596,0.31773
69.7,0.0035,0.05295,0.596,0.31773
69.71,0.0035,0.05295,0.596,0.31773
69.72,0.0035,0.05295,0.596,0.31773
69.73,0.0035,0.05295,0.596,0.31773
69.74,0.0035,0.05295,0.596,0.31773
69.75,0.0035,0.05295,0.596,0.31773
69.76,0.0035,0.05295,0.596,0.31773
69.77,0.0035,0.05295,0.596,0.31773
69.78,0.0035,0.05295,0.596,0.31773
69.79,0.0035,0.05295,0.596,0.31773
69.8,0.0035,0.05295,0.596,0.31773
69.81,0.0035,0.05295,0.596,0.31773
69.82,0.0035,0.05295,0.596,0.31773
69.83,0.0035,0.05295,0.596,0.31773
69.84,0.0035,0.05295,0.596,0.31773
69.85,0.0035,0.05295,0.596,0.31773
69.86,0.0035,0.05295,0.596,0.31773
69.87,0.0035,0.05295,0.596,0.31773
69.88,0.0035,0.05295,0.596,0.31773
69.89,0.0035,0.05295,0.596,0.31773
69.9,0.0035,0.05295,0.596,0.31773
69.91,0.0035,0.05295,0.596,0.31773
69.92,0.0035,0.05295,0.596,0.31773
69.93,0.0035,0.05295,0.596,0.31773
69.94,0.0035,0.05295,0.596,0.31773
69.95,0.0035,0.05295,0.596,0.31773
69.96,0.0036,0.05295,0.596,0.31773
69.97,0.0036,0.05295,0.596,0.31773
69.98,0.0036,0.05295,0.596,0.31773
69.99,0.0036,0.05295,0.596,0.31773
70.0,0.0036,0.05295,0.596,0.31773
70.01,0.0036,0.05295,0.596,0.31773
70.02,0.0036,0.05295,0.596,0.31773
70.03,0.0036,0.05295,0.596,0.31773
70.04,0.0036,0.05295,0.596,0.31773
70.05,0.0036,0.05295,0.596,0.31773
70.06,0.0036,0.05295,0.596,0.31773
70.07,0.0036,0.05295,0.596,0.31773
70.08,0.0036,0.05295,0.596,0.31773
70.09,0.0036,0.05295,0.596,0.31773
70.1,0.0036,0.05295,0.596,0.31773
70.11,0.0036,0.05295,0.596,0.31773
70.12,0.0036,0.05295,0.596,0.31773
70.13,0.0036,0.05295,0.596,0.31773
70.14,0.0036,0.05295,0.596,0.31773
70.15,0.0036,0.05295,0.596,0.31773
70.16,0.0036,0.05295,0.596,0.31773
70.17,0.0036,0.05295,0.596,0.31773
70.18,0.0036,0.05295,0.596,0.31773
70.19,0.0036,0.05295,0.596,0.31773
70.2,0.0036,0.05295,0.596,0.31773
70.21,0.0036,0.05295,0.596,0.31773
70.22,0.0036,0.05295,0.596,0.31773
70.23,0.0036,0.05295,0.596,0.31773
70.24,0.0036,0.05295,0.596,0.31773
70.25,0.0036,0.05295,0.596,0.31773
70.26,0.0036,0.05295,0.596,0.31773
70.27,0.0036,0.05295,0.596,0.31773
70.28,0.0036,0.05295,0.596,0.31773
70.29,0.0036,0.05295,0.596,0.31773
70.3,0.0036,0.05295,0.596,0.31773
70.31,0.0036,0.05295,0.596,0.31773
70.32,0.0036,0.05295,0.596,0.31773
70.33,0.0036,0.05295,0.596,0.31773
70.34,0.0036,0.05295,0.596,0.31773
70.35,0.0036,0.05295,0.596,0.31773
70.36,0.0036,0.05295,0.596,0.31773
70.37,0.0036,0.05295,0.596,0.31773
70.38,0.0036,0.05295,0.596,0.31773
70.39,0.0036,0.05295,0.596,0.31773
70.4,0.0036,0.05295,0.596,0.31773
70.41,0.0036,0.05295,0.596,0.31773
70.42,0.0036,0.05295,0.596,0.31773
70.43,0.0036,0.05295,0.596,0.31773
70.44,0.0036,0.05295,0.596,0.31773
70.45,0.0036,0.05295,0.596,0.31773
70.46,0.0036,0.05295,0.596,0.31773
70.47,0.0036,0.05295,0.596,0.31773
70.48,0.0036,0.05295,0.596,0.31773
70.49,0.0036,0.05295,0.596,0.31773
70.5,0.0036,0.05295,0.596,0.31773
70.51,0.0036,0.05295,0.596,0.31773
70.52,0.0036,0.05295,0.596,0.31773
70.53,0.0036,0.05295,0.596,0.31773
70.54,0.0036,0.05295,0.596,0.31773
70.55,0.0036,0.05295,0.596,0.31773
70.56,0.0036,0.05295,0.596,0.31773
70.57,0.0036,0.05295,0.596,0.31773
70.58,0.0036,0.05295,0.596,0.31773
70.59,0.0036,0.05295,0.596,0.31773
70.6,0.0036,0.05295,0.596,0.31773
70.61,0.0036,0.05295,0.596,0.31773
70.62,0.0036,0.05295,0.596,0.31773
70.63,0.0036,0.05295,0.596,0.31773
70.64,0.0036,0.05295,0.596,0.31773
70.65,0.0036,0.05295,0.596,0.31773
70.66,0.0036,0.05295,0.596,0.31773
70.67,0.0036,0.05295,0.596,0.31773
70.68,0.0036,0.05295,0.596,0.31773
70.69,0.0036,0.05295,0.596,0.31773
70.7,0.0036,0.05295,0.596,0.31773
70.71,0.0036,0.05295,0.596,0.31773
70.72,0.0036,0.05295,0.596,0.31773
70.73,0.0036,0.05295,0.596,0.31773
70.74,0.0036,0.05295,0.596,0.31773
70.75,0.0036,0.05295,0.596,0.31773
70.76,0.0036,0.05295,0.596,0.31773
70.77,0.0036,0.05295,0.596,0.31773
70.78,0.0036,0.05295,0.596,0.31773
70.79,0.0036,0.05295,0.596,0.31773
70.8,0.0036,0.05295,0.596,0.31773
70.81,0.0036,0.05295,0.596,0.31773
70.82,0.0036,0.05295,0.596,0.31773
70.83,0.0036,0.05295,0.596,0.31773
70.84,0.0036,0.05295,0.596,0.31773
70.85,0.0036,0.05295,0.596,0.31773
70.86,0.0036,0.05295,0.596,0.31773
70.87,0.0036,0.05295,0.596,0.31773
70.88,0.0036,0.05295,0.596,0.31773
70.89,0.0036,0.05295,0.596,0.31773
70.9,0.0036,0.05295,0.596,0.31773
70.91,0.0036,0.05295,0.596,0.31773
70.92,0.0036,0.05295,0.596,0.31773
70.93,0.0036,0.05295,0.596,0.31773
70.94,0.0036,0.05295,0.596,0.31773
70.95,0.0036,0.05295,0.596,0.31773
70.96,0.0036,0.05295,0.596,0.31773
70.97,0.0036,0.05295,0.596,0.31773
70.98,0.0036,0.05295,0.596,0.31773
70.99,0.0036,0.05295,0.596,0.31773
71.0,0.0036,0.05295,0.596,0.31773
71.01,0.0036,0.05295,0.596,0.31773
71.02,0.0036,0.05295,0.596,0.31773
71.03,0.0036,0.05295,0.596,0.31773
71.04,0.0036,0.05295,0.596,0.31773
71.05,0.0036,0.05295,0.596,0.31773
71.06,0.0036,0.05295,0.596,0.31773
71.07,0.0036,0.05295,0.596,0.31773
71.08,0.0036,0.05295,0.596,0.31773
71.09,0.0036,0.05295,0.596,0.31773
71.1,0.0036,0.05295,0.596,0.31773
71.11,0.0036,0.05295,0.596,0.31773
71.12,0.0036,0.05295,0.596,0.31773
71.13,0.0036,0.05295,0.596,0.31773
71.14,0.0036,0.05295,0.596,0.31773
71.15,0.0036,0.05295,0.596,0.31773
71.16,0.0036,0.05295,0.596,0.31773
71.17,0.0036,0.05295,0.596,0.31773
71.18,0.0036,0.05295,0.596,0.31773
71.19,0.0036,0.05295,0.596,0.31773
71.2,0.0036,0.05295,0.596,0.31773
71.21,0.0036,0.05295,0.596,0.31773
71.22,0.0036,0.05295,0.596,0.31773
71.23,0.0036,0.05295,0.596,0.31773
71.24,0.0036,0.05295,0.596,0.31773
71.25,0.0036,0.05295,0.596,0.31773
71.26,0.0036,0.05295,0.596,0.31773
71.27,0.0036,0.05295,0.596,0.31773
71.28,0.0036,0.05295,0.596,0.31773
71.29,0.0036,0.05295,0.596,0.31773
71.3,0.0036,0.05295,0.596,0.31773
71.31,0.0036,0.05295,0.596,0.31773
71.32,0.0036,0.05295,0.596,0.31773
71.33,0.0036,0.05295,0.596,0.31773
71.34,0.0036,0.05295,0.596,0.31773
71.35,0.0036,0.05295,0.596,0.31773
71.36,0.0036,0.05295,0.596,0.31773
71.37,0.0036,0.05295,0.596,0.31773
71.38,0.0036,0.05295,0.596,0.31773
71.39,0.0036,0.05295,0.596,0.31773
71.4,0.0036,0.05295,0.596,0.31773
71.41,0.0036,0.05295,0.596,0.31773
71.42,0.0036,0.05295,0.596,0.31773
71.43,0.0036,0.05295,0.596,0.31773
71.44,0.0036,0.05295,0.596,0.31773
71.45,0.0036,0.05295,0.596,0.31773
71.46,0.0036,0.05295,0.596,0.31773
71.47,0.0036,0.05295,0.596,0.31773
71.48,0.0036,0.05295,0.596,0.31773
71.49,0.0036,0.05295,0.596,0.31773
71.5,0.0036,0.05295,0.596,0.31773
71.51,0.0036,0.05295,0.596,0.31773
71.52,0.0036,0.05295,0.596,0.31773
71.53,0.0036,0.05295,0.596,0.31773
71.54,0.0036,0.05295,0.596,0.31773
71.55,0.0036,0.05295,0.596,0.31773
71.56,0.0036,0.05295,0.596,0.31773
71.57,0.0036,0.05295,0.596,0.31773
71.58,0.0036,0.05295,0.596,0.31773
71.59,0.0036,0.05295,0.596,0.31773
71.6,0.0036,0.05295,0.596,0.31773
71.61,0.0036,0.05295,0.596,0.31773
71.62,0.0036,0.05295,0.596,0.31773
71.63,0.0036,0.05295,0.596,0.31773
71.64,0.0036,0.05295,0.596,0.31773
71.65,0.0036,0.05295,0.596,0.31773
71.66,0.0036,0.05295,0.596,0.31773
71.67,0.0036,0.05295,0.596,0.31773
71.68,0.0036,0.05295,0.596,0.31773
71.69,0.0036,0.05295,0.596,0.31773
71.7,0.0036,0.05295,0.596,0.31773
71.71,0.0036,0.05295,0.596,0.31773
71.72,0.0036,0.05295,0.596,0.31773
71.73,0.0036,0.05295,0.596,0.31773
71.74,0.0036,0.05295,0.596,0.31773
71.75,0.0036,0.05295,0.596,0.31773
71.76,0.0036,0.05295,0.596,0.31773
71.77,0.0036,0.05295,0.596,0.31773
71.78,0.0036,0.05295,0.596,0.31773
71.79,0.0036,0.05295,0.596,0.31773
71.8,0.0036,0.05295,0.596,0.31773
71.81,0.0036,0.05295,0.596,0.31773
71.82,0.0036,0.05295,0.596,0.31773
71.83,0.0036,0.05295,0.596,0.31773
71.84,0.0036,0.05295,0.596,0.31773
71.85,0.0036,0.05295,0.596,0.31773
71.86,0.0036,0.05295,0.596,0.31773
71.87,0.0036,0.05295,0.596,0.31773
71.88,0.0036,0.05295,0.596,0.31773
71.89,0.0036,0.05295,0.596,0.31773
71.9,0.0036,0.05295,0.596,0.31773
71.91,0.0036,0.05295,0.596,0.31773
71.92,0.0036,0.05295,0.596,0.31773
71.93,0.0036,0.05295,0.596,0.31773
71.94,0.0036,0.05295,0.596,0.31773
71.95,0.0036,0.05295,0.596,0.31773
71.96,0.0036,0.05295,0.596,0.31773
71.97,0.0036,0.05295,0.596,0.31773
71.98,0.0036,0.05295,0.596,0.31773
71.99,0.0036,0.05295,0.596,0.31773
72.0,0.0036,0.05295,0.596,0.31773
72.01,0.0036,0.05295,0.596,0.31773
72.02,0.0036,0.05295,0.596,0.31773
72.03,0.0036,0.05295,0.596,0.31773
72.04,0.0036,0.05295,0.596,0.31773
72.05,0.0036,0.05295,0.596,0.31773
72.06,0.0036,0.05295,0.596,0.31773
72.07,0.0036,0.05295,0.596,0.31773
72.08,0.0036,0.05295,0.596,0.31773
72.09,0.0036,0.05295,0.596,0.31773
72.1,0.0036,0.05295,0.596,0.31773
72.11,0.0036,0.05295,0.596,0.31773
72.12,0.0036,0.05296,0.596,0.31773
72.13,0.0036,0.05296,0.596,0.31773
72.14,0.0036,0.05296,0.596,0.31773
72.15,0.0036,0.05296,0.596,0.31773
72.16,0.0036,0.05296,0.596,0.31773
72.17,0.0036,0.05296,0.596,0.31773
72.18,0.0036,0.05296,0.596,0.31773
72.19,0.0036,0.05296,0.596,0.31773
72.2,0.0036,0.05296,0.596,0.31773
72.21,0.0036,0.05296,0.596,0.31773
72.22,0.0036,0.05296,0.596,0.31773
72.23,0.0036,0.05296,0.596,0.31773
72.24,0.0036,0.05296,0.596,0.31773
72.25,0.0036,0.05296,0.596,0.31773
72.26,0.0036,0.05296,0.596,0.31773
72.27,0.0036,0.05296,0.596,0.31773
72.28,0.0036,0.05296,0.596,0.31773
72.29,0.0036,0.05296,0.596,0.31773
72.3,0.0036,0.05296,0.596,0.31773
72.31,0.0036,0.05296,0.596,0.31773
72.32,0.0036,0.05296,0.596,0.31773
72.33,0.0036,0.05296,0.596,0.31773
72.34,0.0036,0.05296,0.596,0.31773
72.35,0.0036,0.05296,0.596,0.31773
72.36,0.0036,0.05296,0.596,0.31773
72.37,0.0036,0.05296,0.596,0.31773
72.38,0.0036,0.05296,0.596,0.31773
72.39,0.0036,0.05296,0.596,0.31773
72.4,0.0036,0.05296,0.596,0.31773
72.41,0.0036,0.05296,0.596,0.31773
72.42,0.0036,0.05296,0.596,0.31773
72.43,0.0036,0.05296,0.596,0.31773
72.44,0.0036,0.05296,0.596,0.31773
72.45,0.0036,0.05296,0.596,0.31773
72.46,0.0036,0.05296,0.596,0.31773
72.47,0.0036,0.05296,0.596,0.31773
72.48,0.0036,0.05296,0.596,0.31773
72.49,0.0036,0.05296,0.596,0.31773
72.5,0.0036,0.05296,0.596,0.31773
72.51,0.0036,0.05296,0.596,0.31773
72.52,0.0036,0.05296,0.596,0.31773
72.53,0.0036,0.05296,0.596,0.31773
72.54,0.0036,0.05296,0.596,0.31773
72.55,0.0036,0.05296,0.596,0.31773
72.56,0.0036,0.05296,0.596,0.31773
72.57,0.0036,0.05296,0.596,0.31773
72.58,0.0036,0.05296,0.596,0.31773
72.59,0.0036,0.05296,0.596,0.31773
72.6,0.0036,0.05296,0.596,0.31773
72.61,0.0036,0.05296,0.596,0.31773
72.62,0.0036,0.05296,0.596,0.31773
72.63,0.0036,0.05296,0.596,0.31773
72.64,0.0036,0.05296,0.596,0.31773
72.65,0.0036,0.05296,0.596,0.31773
72.66,0.0036,0.05296,0.596,0.31773
72.67,0.0036,0.05296,0.596,0.31773
72.68,0.0036,0.05296,0.596,0.31773
72.69,0.0036,0.05296,0.596,0.31773
72.7,0.0036,0.05296,0.596,0.31773
72.71,0.0036,0.05296,0.596,0.31773
72.72,0.0036,0.05296,0.596,0.31773
72.73,0.0036,0.05296,0.596,0.31773
72.74,0.0036,0.05296,0.596,0.31773
72.75,0.0036,0.05296,0.596,0.31773
72.76,0.0036,0.05296,0.596,0.31773
72.77,0.0036,0.05296,0.596,0.31773
72.78,0.0036,0.05296,0.596,0.31773
72.79,0.0036,0.05296,0.596,0.31773
72.8,0.0036,0.05296,0.596,0.31773
72.81,0.0036,0.05296,0.596,0.31773
72.82,0.0036,0.05296,0.596,0.31773
72.83,0.0036,0.05296,0.596,0.31773
72.84,0.0036,0.05296,0.596,0.31773
72.85,0.0036,0.05296,0.596,0.31773
72.86,0.0036,0.05296,0.596,0.31773
72.87,0.0036,0.05296,0.596,0.31773
72.88,0.0036,0.05296,0.596,0.31773
72.89,0.0036,0.05296,0.596,0.31773
72.9,0.0036,0.05296,0.596,0.31773
72.91,0.0036,0.05296,0.596,0.31773
72.92,0.0036,0.05296,0.596,0.31773
72.93,0.0036,0.05296,0.596,0.31773
72.94,0.0036,0.05296,0.596,0.31773
72.95,0.0036,0.05296,0.596,0.31773
72.96,0.0036,0.05296,0.596,0.31773
72.97,0.0036,0.05296,0.596,0.31773
72.98,0.0036,0.05296,0.596,0.31773
72.99,0.0036,0.05296,0.596,0.31773
73.0,0.0036,0.05296,0.596,0.31773
73.01,0.0036,0.05296,0.596,0.31773
73.02,0.0036,0.05296,0.596,0.31773
73.03,0.0036,0.05296,0.596,0.31773
73.04,0.0036,0.05296,0.596,0.31773
73.05,0.0036,0.05296,0.596,0.31773
73.06,0.0036,0.05296,0.596,0.31773
73.07,0.0036,0.05296,0.596,0.31773
73.08,0.0036,0.05296,0.596,0.31773
73.09,0.0036,0.05296,0.596,0.31773
73.1,0.0036,0.05296,0.596,0.31773
73.11,0.0036,0.05296,0.596,0.31773
73.12,0.0036,0.05296,0.596,0.31773
73.13,0.0036,0.05296,0.596,0.31773
73.14,0.0036,0.05296,0.596,0.31773
73.15,0.0036,0.05296,0.596,0.31773
73.16,0.0036,0.05296,0.596,0.31773
73.17,0.0036,0.05296,0.596,0.31773
73.18,0.0036,0.05296,0.596,0.31773
73.19,0.0036,0.05296,0.596,0.31773
73.2,0.0036,0.05296,0.596,0.31773
73.21,0.0036,0.05296,0.596,0.31773
73.22,0.0036,0.05296,0.596,0.31773
73.23,0.0036,0.05296,0.596,0.31773
73.24,0.0036,0.05296,0.596,0.31773
73.25,0.0036,0.05296,0.596,0.31773
73.26,0.0036,0.05296,0.596,0.31773
73.27,0.0036,0.05296,0.596,0.31773
73.28,0.0036,0.05296,0.596,0.31773
73.29,0.0036,0.05296,0.596,0.31773
73.3,0.0036,0.05296,0.596,0.31773
73.31,0.0036,0.05296,0.596,0.31773
73.32,0.0036,0.05296,0.596,0.31773
73.33,0.0036,0.05296,0.596,0.31773
73.34,0.0036,0.05296,0.596,0.31773
73.35,0.0036,0.05296,0.596,0.31773
73.36,0.0036,0.05296,0.596,0.31773
73.37,0.0036,0.05296,0.596,0.31773
73.38,0.0036,0.05296,0.596,0.31773
73.39,0.0036,0.05296,0.596,0.31773
73.4,0.0036,0.05296,0.596,0.31773
73.41,0.0036,0.05296,0.596,0.31773
73.42,0.0036,0.05296,0.596,0.31773
73.43,0.0036,0.05296,0.596,0.31773
73.44,0.0036,0.05296,0.596,0.31773
73.45,0.0036,0.05296,0.596,0.31773
73.46,0.0036,0.05296,0.596,0.31773
73.47,0.0036,0.05296,0.596,0.31773
73.48,0.0036,0.05296,0.596,0.31773
73.49,0.0036,0.05296,0.596,0.31773
73.5,0.0036,0.05296,0.596,0.31773
73.51,0.0036,0.05296,0.596,0.31773
73.52,0.0036,0.05296,0.596,0.31773
73.53,0.0036,0.05296,0.596,0.31773
73.54,0.0036,0.05296,0.596,0.31773
73.55,0.0036,0.05296,0.596,0.31773
73.56,0.0036,0.05296,0.596,0.31773
73.57,0.0036,0.05296,0.596,0.31773
73.58,0.0036,0.05296,0.596,0.31773
73.59,0.0036,0.05296,0.596,0.31773
73.6,0.0036,0.05296,0.596,0.31773
73.61,0.0036,0.05296,0.596,0.31773
73.62,0.0036,0.05296,0.596,0.31773
73.63,0.0036,0.05296,0.596,0.31773
73.64,0.0036,0.05296,0.596,0.31773
73.65,0.0036,0.05296,0.596,0.31773
73.66,0.0036,0.05296,0.596,0.31773
73.67,0.0036,0.05296,0.596,0.31773
73.68,0.0036,0.05296,0.596,0.31773
73.69,0.0036,0.05296,0.596,0.31773
73.7,0.0036,0.05296,0.596,0.31773
73.71,0.0036,0.05296,0.596,0.31773
73.72,0.0036,0.05296,0.596,0.31773
73.73,0.0036,0.05296,0.596,0.31773
73.74,0.0036,0.05296,0.596,0.31773
73.75,0.0036,0.05296,0.596,0.31773
73.76,0.0036,0.05296,0.596,0.31773
73.77,0.0036,0.05296,0.596,0.31773
73.78,0.0036,0.05296,0.596,0.31773
73.79,0.0036,0.05296,0.596,0.31773
73.8,0.0036,0.05296,0.596,0.31773
73.81,0.0036,0.05296,0.596,0.31773
73.82,0.0036,0.05296,0.596,0.31773
73.83,0.0036,0.05296,0.596,0.31773
73.84,0.0036,0.05296,0.596,0.31773
73.85,0.0036,0.05296,0.596,0.31773
73.86,0.0036,0.05296,0.596,0.31773
73.87,0.0036,0.05296,0.596,0.31773
73.88,0.0036,0.05296,0.596,0.31773
73.89,0.0036,0.05296,0.596,0.31773
73.9,0.0036,0.05296,0.596,0.31773
73.91,0.0036,0.05296,0.596,0.31773
73.92,0.0036,0.05296,0.596,0.31773
73.93,0.0036,0.05296,0.596,0.31773
73.94,0.0036,0.05296,0.596,0.31773
73.95,0.0036,0.05296,0.596,0.31773
73.96,0.0036,0.05296,0.596,0.31773
73.97,0.0036,0.05296,0.596,0.31773
73.98,0.0036,0.05296,0.596,0.31773
73.99,0.0036,0.05296,0.596,0.31773
74.0,0.0036,0.05296,0.596,0.31773
74.01,0.0036,0.05296,0.596,0.31773
74.02,0.0036,0.05296,0.596,0.31773
74.03,0.0036,0.05296,0.596,0.31773
74.04,0.0036,0.05296,0.596,0.31773
74.05,0.0036,0.05296,0.596,0.31773
74.06,0.0036,0.05296,0.596,0.31773
74.07,0.0036,0.05296,0.596,0.31773
74.08,0.0036,0.05296,0.596,0.31773
74.09,0.0036,0.05296,0.596,0.31773
74.1,0.0036,0.05296,0.596,0.31773
74.11,0.0036,0.05296,0.596,0.31773
74.12,0.0036,0.05296,0.596,0.31773
74.13,0.0036,0.05296,0.596,0.31773
74.14,0.0036,0.05296,0.596,0.31773
74.15,0.0036,0.05296,0.596,0.31773
74.16,0.0036,0.05296,0.596,0.31773
74.17,0.0036,0.05296,0.596,0.31773
74.18,0.0036,0.05296,0.596,0.31773
74.19,0.0036,0.05296,0.596,0.31773
74.2,0.0036,0.05296,0.596,0.31773
74.21,0.0036,0.05296,0.596,0.31773
74.22,0.0036,0.05296,0.596,0.31773
74.23,0.0036,0.05296,0.596,0.31773
74.24,0.0036,0.05296,0.596,0.31773
74.25,0.0036,0.05296,0.596,0.31773
74.26,0.0036,0.05296,0.596,0.31773
74.27,0.0036,0.05296,0.596,0.31773
74.28,0.0036,0.05296,0.596,0.31773
74.29,0.0036,0.05296,0.596,0.31773
74.3,0.0036,0.05296,0.596,0.31773
74.31,0.0036,0.05296,0.596,0.31773
74.32,0.0036,0.05296,0.596,0.31773
74.33,0.0036,0.05296,0.596,0.31773
74.34,0.0036,0.05296,0.596,0.31773
74.35,0.0036,0.05296,0.596,0.31773
74.36,0.0036,0.05296,0.596,0.31773
74.37,0.0036,0.05296,0.596,0.31773
74.38,0.0036,0.05296,0.596,0.31773
74.39,0.0036,0.05296,0.596,0.31773
74.4,0.0036,0.05296,0.596,0.31773
74.41,0.0036,0.05296,0.596,0.31773
74.42,0.0036,0.05296,0.596,0.31773
74.43,0.0036,0.05296,0.596,0.31773
74.44,0.0036,0.05296,0.596,0.31773
74.45,0.0036,0.05296,0.596,0.31773
74.46,0.0036,0.05296,0.596,0.31773
74.47,0.0036,0.05296,0.596,0.31773
74.48,0.0036,0.05296,0.596,0.31773
74.49,0.0036,0.05296,0.596,0.31773
74.5,0.0036,0.05296,0.596,0.31773
74.51,0.0036,0.05296,0.596,0.31773
74.52,0.0036,0.05296,0.596,0.31773
74.53,0.0036,0.05296,0.596,0.31773
74.54,0.0036,0.05296,0.596,0.31773
74.55,0.0036,0.05296,0.596,0.31773
74.56,0.0036,0.05296,0.596,0.31773
74.57,0.0036,0.05296,0.596,0.31773
74.58,0.0036,0.05296,0.596,0.31773
74.59,0.0036,0.05296,0.596,0.31773
74.6,0.0036,0.05296,0.596,0.31773
74.61,0.0036,0.05296,0.596,0.31773
74.62,0.0036,0.05296,0.596,0.31773
74.63,0.0036,0.05296,0.596,0.31773
74.64,0.0036,0.05296,0.596,0.31773
74.65,0.0036,0.05296,0.596,0.31773
74.66,0.0036,0.05296,0.596,0.31773
74.67,0.0036,0.05296,0.596,0.31773
74.68,0.0036,0.05296,0.596,0.31773
74.69,0.0036,0.05296,0.596,0.31773
74.7,0.0036,0.05296,0.596,0.31773
74.71,0.0036,0.05296,0.596,0.31773
74.72,0.0036,0.05296,0.596,0.31773
74.73,0.0036,0.05296,0.596,0.31773
74.74,0.0036,0.05296,0.596,0.31773
74.75,0.0036,0.05296,0.596,0.31773
74.76,0.0036,0.05296,0.596,0.31773
74.77,0.0036,0.05296,0.596,0.31773
74.78,0.0036,0.05296,0.596,0.31773
74.79,0.0036,0.05296,0.596,0.31773
74.8,0.0036,0.05296,0.596,0.31773
74.81,0.0036,0.05296,0.596,0.31773
74.82,0.0036,0.05296,0.596,0.31773
74.83,0.0036,0.05296,0.596,0.31773
74.84,0.0036,0.05296,0.596,0.31773
74.85,0.0036,0.05296,0.596,0.31773
74.86,0.0036,0.05296,0.596,0.31773
74.87,0.0036,0.05296,0.596,0.31773
74.88,0.0036,0.05296,0.596,0.31773
74.89,0.0036,0.05296,0.596,0.31773
74.9,0.0036,0.05296,0.596,0.31773
74.91,0.0036,0.05296,0.596,0.31773
74.92,0.0036,0.05296,0.596,0.31773
74.93,0.0036,0.05296,0.596,0.31773
74.94,0.0036,0.05296,0.596,0.31773
74.95,0.0036,0.05296,0.596,0.31773
74.96,0.0036,0.05296,0.596,0.31773
74.97,0.0036,0.05296,0.596,0.31773
74.98,0.0036,0.05296,0.596,0.31773
74.99,0.0036,0.05296,0.596,0.31773
75.0,0.0036,0.05296,0.596,0.31773
75.01,0.0036,0.05296,0.596,0.31773
75.02,0.0036,0.05296,0.596,0.31773
75.03,0.0036,0.05296,0.596,0.31773
75.04,0.0036,0.05296,0.596,0.31773
75.05,0.0036,0.05296,0.596,0.31773
75.06,0.0036,0.05296,0.596,0.31773
75.07,0.0036,0.05296,0.596,0.31773
75.08,0.0036,0.05296,0.596,0.31773
75.09,0.0036,0.05296,0.596,0.31773
75.1,0.0036,0.05296,0.596,0.31773
75.11,0.0036,0.05296,0.596,0.31773
75.12,0.0036,0.05296,0.596,0.31773
75.13,0.0036,0.05296,0.596,0.31773
75.14,0.0036,0.05296,0.596,0.31773
75.15,0.0036,0.05296,0.596,0.31773
75.16,0.0036,0.05296,0.596,0.31773
75.17,0.0036,0.05296,0.596,0.31773
75.18,0.0036,0.05296,0.596,0.31773
75.19,0.0036,0.05296,0.596,0.31773
75.2,0.0036,0.05296,0.596,0.31773
75.21,0.0036,0.05296,0.596,0.31773
75.22,0.0036,0.05296,0.596,0.31773
75.23,0.0036,0.05296,0.596,0.31773
75.24,0.0036,0.05296,0.596,0.31773
75.25,0.0036,0.05296,0.596,0.31773
75.26,0.0036,0.05296,0.596,0.31773
75.27,0.0036,0.05296,0.596,0.31773
75.28,0.0036,0.05296,0.596,0.31773
75.29,0.0036,0.05296,0.596,0.31773
75.3,0.0036,0.05296,0.596,0.31773
75.31,0.0036,0.05296,0.596,0.31773
75.32,0.0036,0.05296,0.596,0.31773
75.33,0.0036,0.05296,0.596,0.31773
75.34,0.0036,0.05296,0.596,0.31773
75.35,0.0036,0.05296,0.596,0.31773
75.36,0.0036,0.05296,0.596,0.31773
75.37,0.0036,0.05296,0.596,0.31773
75.38,0.0036,0.05296,0.596,0.31773
75.39,0.0036,0.05296,0.596,0.31773
75.4,0.0036,0.05296,0.596,0.31773
75.41,0.0036,0.05296,0.596,0.31773
75.42,0.0036,0.05296,0.596,0.31773
75.43,0.0036,0.05296,0.596,0.31773
75.44,0.0036,0.05296,0.596,0.31773
75.45,0.0036,0.05296,0.596,0.31773
75.46,0.0036,0.05296,0.596,0.31773
75.47,0.0036,0.05296,0.596,0.31773
75.48,0.0036,0.05296,0.596,0.31773
75.49,0.0036,0.05296,0.596,0.31773
75.5,0.0036,0.05296,0.596,0.31773
75.51,0.0036,0.05296,0.596,0.31773
75.52,0.0036,0.05296,0.596,0.31773
75.53,0.0036,0.05296,0.596,0.31773
75.54,0.0036,0.05296,0.596,0.31773
75.55,0.0036,0.05296,0.596,0.31773
75.56,0.0036,0.05296,0.596,0.31773
75.57,0.0036,0.05296,0.596,0.31773
75.58,0.0036,0.05296,0.596,0.31773
75.59,0.0036,0.05296,0.596,0.31773
75.6,0.0036,0.05296,0.596,0.31773
75.61,0.0036,0.05296,0.596,0.31773
75.62,0.0036,0.05296,0.596,0.31773
75.63,0.0036,0.05296,0.596,0.31773
75.64,0.0036,0.05296,0.596,0.31773
75.65,0.0036,0.05296,0.596,0.31773
75.66,0.0036,0.05296,0.596,0.31773
75.67,0.0036,0.05296,0.596,0.31773
75.68,0.0036,0.05296,0.596,0.31773
75.69,0.0036,0.05296,0.596,0.31773
75.7,0.0036,0.05296,0.596,0.31773
75.71,0.0036,0.05296,0.596,0.31773
75.72,0.0036,0.05296,0.596,0.31773
75.73,0.0036,0.05296,0.596,0.31773
75.74,0.0036,0.05296,0.596,0.31773
75.75,0.0036,0.05296,0.596,0.31773
75.76,0.0036,0.05296,0.596,0.31773
75.77,0.0036,0.05296,0.596,0.31773
75.78,0.0036,0.05296,0.596,0.31773
75.79,0.0036,0.05296,0.596,0.31773
75.8,0.0036,0.05296,0.596,0.31773
75.81,0.0036,0.05296,0.596,0.31773
75.82,0.0036,0.05296,0.596,0.31773
75.83,0.0036,0.05296,0.596,0.31773
75.84,0.0036,0.05296,0.596,0.31773
75.85,0.0036,0.05296,0.596,0.31773
75.86,0.0036,0.05296,0.596,0.31773
75.87,0.0036,0.05296,0.596,0.31773
75.88,0.0036,0.05296,0.596,0.31773
75.89,0.0036,0.05296,0.596,0.31773
75.9,0.0036,0.05296,0.596,0.31773
75.91,0.0036,0.05296,0.596,0.31773
75.92,0.0036,0.05296,0.596,0.31773
75.93,0.0036,0.05296,0.596,0.31773
75.94,0.0036,0.05296,0.596,0.31773
75.95,0.0036,0.05296,0.596,0.31773
75.96,0.0036,0.05296,0.596,0.31773
75.97,0.0036,0.05296,0.596,0.31773
75.98,0.0036,0.05296,0.596,0.31773
75.99,0.0036,0.05296,0.596,0.31773
76.0,0.0036,0.05296,0.596,0.31773
76.01,0.0036,0.05296,0.596,0.31773
76.02,0.0036,0.05296,0.596,0.31773
76.03,0.0036,0.05296,0.596,0.31773
76.04,0.0036,0.05296,0.596,0.31773
76.05,0.0036,0.05296,0.596,0.31773
76.06,0.0036,0.05296,0.596,0.31773
76.07,0.0036,0.05296,0.596,0.31773
76.08,0.0036,0.05296,0.596,0.31773
76.09,0.0036,0.05296,0.596,0.31773
76.1,0.0036,0.05296,0.596,0.31773
76.11,0.0036,0.05296,0.596,0.31773
76.12,0.0036,0.05296,0.596,0.31773
76.13,0.0036,0.05296,0.596,0.31773
76.14,0.0036,0.05296,0.596,0.31773
76.15,0.0036,0.05296,0.596,0.31773
76.16,0.0036,0.05296,0.596,0.31773
76.17,0.0036,0.05296,0.596,0.31773
76.18,0.0036,0.05296,0.596,0.31773
76.19,0.0036,0.05296,0.596,0.31773
76.2,0.0036,0.05296,0.596,0.31773
76.21,0.0036,0.05296,0.596,0.31773
76.22,0.0036,0.05296,0.596,0.31773
76.23,0.0036,0.05296,0.596,0.31773
76.24,0.0036,0.05296,0.596,0.31773
76.25,0.0036,0.05296,0.596,0.31773
76.26,0.0036,0.05296,0.596,0.31773
76.27,0.0036,0.05296,0.596,0.31773
76.28,0.0036,0.05296,0.596,0.31773
76.29,0.0036,0.05296,0.596,0.31773
76.3,0.0036,0.05296,0.596,0.31773
76.31,0.0036,0.05296,0.596,0.31773
76.32,0.0036,0.05296,0.596,0.31773
76.33,0.0036,0.05296,0.596,0.31773
76.34,0.0036,0.05296,0.596,0.31773
76.35,0.0036,0.05296,0.596,0.31773
76.36,0.0036,0.05296,0.596,0.31773
76.37,0.0036,0.05296,0.596,0.31773
76.38,0.0036,0.05296,0.596,0.31773
76.39,0.0036,0.05296,0.596,0.31773
76.4,0.0036,0.05296,0.596,0.31773
76.41,0.0036,0.05296,0.596,0.31773
76.42,0.0036,0.05296,0.596,0.31773
76.43,0.0036,0.05296,0.596,0.31773
76.44,0.0036,0.05296,0.596,0.31773
76.45,0.0036,0.05296,0.596,0.31773
76.46,0.0036,0.05296,0.596,0.31773
76.47,0.0036,0.05296,0.596,0.31773
76.48,0.0036,0.05296,0.596,0.31773
76.49,0.0036,0.05296,0.596,0.31773
76.5,0.0036,0.05296,0.596,0.31773
76.51,0.0036,0.05296,0.596,0.31773
76.52,0.0036,0.05296,0.596,0.31773
76.53,0.0036,0.05296,0.596,0.31773
76.54,0.0036,0.05296,0.596,0.31773
76.55,0.0036,0.05296,0.596,0.31773
76.56,0.0036,0.05296,0.596,0.31773
76.57,0.0036,0.05296,0.596,0.31773
76.58,0.0036,0.05296,0.596,0.31773
76.59,0.0036,0.05296,0.596,0.31773
76.6,0.0036,0.05296,0.596,0.31773
76.61,0.0036,0.05296,0.596,0.31773
76.62,0.0036,0.05296,0.596,0.31773
76.63,0.0036,0.05296,0.596,0.31773
76.64,0.0036,0.05296,0.596,0.31773
76.65,0.0036,0.05296,0.596,0.31773
76.66,0.0036,0.05296,0.596,0.31773
76.67,0.0036,0.05296,0.596,0.31773
76.68,0.0036,0.05296,0.596,0.31773
76.69,0.0036,0.05296,0.596,0.31773
76.7,0.0036,0.05296,0.596,0.31773
76.71,0.0036,0.05296,0.596,0.31773
76.72,0.0036,0.05296,0.596,0.31773
76.73,0.0036,0.05296,0.596,0.31773
76.74,0.0036,0.05296,0.596,0.31773
76.75,0.0036,0.05296,0.596,0.31773
76.76,0.0036,0.05296,0.596,0.31773
76.77,0.0036,0.05296,0.596,0.31773
76.78,0.0036,0.05296,0.596,0.31773
76.79,0.0036,0.05296,0.596,0.31773
76.8,0.0036,0.05296,0.596,0.31773
76.81,0.0036,0.05296,0.596,0.31773
76.82,0.0036,0.05296,0.596,0.31773
76.83,0.0036,0.05296,0.596,0.31773
76.84,0.0036,0.05296,0.596,0.31773
76.85,0.0036,0.05296,0.596,0.31773
76.86,0.0036,0.05296,0.596,0.31773
76.87,0.0036,0.05296,0.596,0.31773
76.88,0.0036,0.05296,0.596,0.31773
76.89,0.0036,0.05296,0.596,0.31773
76.9,0.0036,0.05296,0.596,0.31773
76.91,0.0036,0.05296,0.596,0.31773
76.92,0.0036,0.05296,0.596,0.31773
76.93,0.0036,0.05296,0.596,0.31773
76.94,0.0036,0.05296,0.596,0.31773
76.95,0.0036,0.05296,0.596,0.31773
76.96,0.0036,0.05296,0.596,0.31773
76.97,0.0036,0.05296,0.596,0.31773
76.98,0.0036,0.05296,0.596,0.31773
76.99,0.0036,0.05296,0.596,0.31773
77.0,0.0036,0.05296,0.596,0.31773
77.01,0.0036,0.05296,0.596,0.31773
77.02,0.0036,0.05296,0.596,0.31773
77.03,0.0036,0.05296,0.596,0.31773
77.04,0.0036,0.05296,0.596,0.31773
77.05,0.0036,0.05296,0.596,0.31773
77.06,0.0036,0.05296,0.596,0.31773
77.07,0.0036,0.05296,0.596,0.31773
77.08,0.0036,0.05296,0.596,0.31773
77.09,0.0036,0.05296,0.596,0.31773
77.1,0.0036,0.05296,0.596,0.31773
77.11,0.0036,0.05296,0.596,0.31773
77.12,0.0036,0.05296,0.596,0.31773
77.13,0.0036,0.05296,0.596,0.31773
77.14,0.0036,0.05296,0.596,0.31773
77.15,0.0036,0.05296,0.596,0.31773
77.16,0.0036,0.05296,0.596,0.31773
77.17,0.0036,0.05296,0.596,0.31773
77.18,0.0036,0.05296,0.596,0.31773
77.19,0.0036,0.05296,0.596,0.31773
77.2,0.0036,0.05296,0.596,0.31773
77.21,0.0036,0.05296,0.596,0.31773
77.22,0.0036,0.05296,0.596,0.31773
77.23,0.0036,0.05296,0.596,0.31773
77.24,0.0036,0.05296,0.596,0.31773
77.25,0.0036,0.05296,0.596,0.31773
77.26,0.0036,0.05296,0.596,0.31773
77.27,0.0036,0.05296,0.596,0.31773
77.28,0.0036,0.05296,0.596,0.31773
77.29,0.0036,0.05296,0.596,0.31773
77.3,0.0036,0.05296,0.596,0.31773
77.31,0.0036,0.05296,0.596,0.31773
77.32,0.0036,0.05296,0.596,0.31773
77.33,0.0036,0.05296,0.596,0.31773
77.34,0.0036,0.05296,0.596,0.31773
77.35,0.0036,0.05296,0.596,0.31773
77.36,0.0036,0.05296,0.596,0.31773
77.37,0.0036,0.05296,0.596,0.31773
77.38,0.0036,0.05296,0.596,0.31773
77.39,0.0036,0.05296,0.596,0.31773
77.4,0.0036,0.05296,0.596,0.31773
77.41,0.0036,0.05296,0.596,0.31773
77.42,0.0036,0.05296,0.596,0.31773
77.43,0.0036,0.05296,0.596,0.31773
77.44,0.0036,0.05296,0.596,0.31773
77.45,0.0036,0.05296,0.596,0.31773
77.46,0.0036,0.05296,0.596,0.31773
77.47,0.0036,0.05296,0.596,0.31773
77.48,0.0036,0.05296,0.596,0.31773
77.49,0.0036,0.05296,0.596,0.31773
77.5,0.0036,0.05296,0.596,0.31773
77.51,0.0036,0.05296,0.596,0.31773
77.52,0.0036,0.05296,0.596,0.31773
77.53,0.0036,0.05296,0.596,0.31773
77.54,0.0036,0.05296,0.596,0.31773
77.55,0.0036,0.05296,0.596,0.31773
77.56,0.0036,0.05296,0.596,0.31773
77.57,0.0036,0.05296,0.596,0.31773
77.58,0.0036,0.05296,0.596,0.31773
77.59,0.0036,0.05296,0.596,0.31773
77.6,0.0036,0.05296,0.596,0.31773
77.61,0.0036,0.05296,0.596,0.31773
77.62,0.0036,0.05296,0.596,0.31773
77.63,0.0036,0.05296,0.596,0.31773
77.64,0.0036,0.05296,0.596,0.31773
77.65,0.0036,0.05296,0.596,0.31773
77.66,0.0036,0.05296,0.596,0.31773
77.67,0.0036,0.05296,0.596,0.31773
77.68,0.0036,0.05296,0.596,0.31773
77.69,0.0036,0.05296,0.596,0.31773
77.7,0.0036,0.05296,0.596,0.31773
77.71,0.0036,0.05296,0.596,0.31773
77.72,0.0036,0.05296,0.596,0.31773
77.73,0.0036,0.05296,0.596,0.31773
77.74,0.0036,0.05296,0.596,0.31773
77.75,0.0036,0.05296,0.596,0.31773
77.76,0.0036,0.05296,0.596,0.31773
77.77,0.0036,0.05296,0.596,0.31773
77.78,0.0036,0.05296,0.596,0.31773
77.79,0.0036,0.05296,0.596,0.31773
77.8,0.0036,0.05296,0.596,0.31773
77.81,0.0036,0.05296,0.596,0.31773
77.82,0.0036,0.05296,0.596,0.31773
77.83,0.0036,0.05296,0.596,0.31773
77.84,0.0036,0.05296,0.596,0.31773
77.85,0.0036,0.05296,0.596,0.31773
77.86,0.0036,0.05296,0.596,0.31773
77.87,0.0036,0.05296,0.596,0.31773
77.88,0.0036,0.05296,0.596,0.31773
77.89,0.0036,0.05296,0.596,0.31773
77.9,0.0036,0.05296,0.596,0.31773
77.91,0.0036,0.05296,0.596,0.31773
77.92,0.0036,0.05296,0.596,0.31773
77.93,0.0036,0.05296,0.596,0.31773
77.94,0.0036,0.05296,0.596,0.31773
77.95,0.0036,0.05296,0.596,0.31773
77.96,0.0036,0.05296,0.596,0.31773
77.97,0.0036,0.05296,0.596,0.31773
77.98,0.0036,0.05296,0.596,0.31773
77.99,0.0036,0.05296,0.596,0.31773
78.0,0.0036,0.05296,0.596,0.31773
78.01,0.0036,0.05296,0.596,0.31773
78.02,0.0036,0.05296,0.596,0.31773
78.03,0.0036,0.05296,0.596,0.31773
78.04,0.0036,0.05296,0.596,0.31773
78.05,0.0036,0.05296,0.596,0.31773
78.06,0.0036,0.05296,0.596,0.31773
78.07,0.0036,0.05296,0.596,0.31773
78.08,0.0036,0.05296,0.596,0.31773
78.09,0.0036,0.05296,0.596,0.31773
78.1,0.0036,0.05296,0.596,0.31773
78.11,0.0036,0.05296,0.596,0.31773
78.12,0.0036,0.05296,0.596,0.31773
78.13,0.0036,0.05296,0.596,0.31773
78.14,0.0036,0.05296,0.596,0.31773
78.15,0.0036,0.05296,0.596,0.31773
78.16,0.0036,0.05296,0.596,0.31773
78.17,0.0036,0.05296,0.596,0.31773
78.18,0.0036,0.05296,0.596,0.31773
78.19,0.0036,0.05296,0.596,0.31773
78.2,0.0036,0.05296,0.596,0.31773
78.21,0.0036,0.05296,0.596,0.31773
78.22,0.0036,0.05296,0.596,0.31773
78.23,0.0036,0.05296,0.596,0.31773
78.24,0.0036,0.05296,0.596,0.31773
78.25,0.0036,0.05296,0.596,0.31773
78.26,0.0036,0.05296,0.596,0.31773
78.27,0.0036,0.05296,0.596,0.31773
78.28,0.0036,0.05296,0.596,0.31773
78.29,0.0036,0.05296,0.596,0.31773
78.3,0.0036,0.05296,0.596,0.31773
78.31,0.0036,0.05296,0.596,0.31773
78.32,0.0036,0.05296,0.596,0.31773
78.33,0.0036,0.05296,0.596,0.31773
78.34,0.0036,0.05296,0.596,0.31773
78.35,0.0036,0.05296,0.596,0.31773
78.36,0.0036,0.05296,0.596,0.31773
78.37,0.0036,0.05296,0.596,0.31773
78.38,0.0036,0.05296,0.596,0.31773
78.39,0.0036,0.05296,0.596,0.31773
78.4,0.0036,0.05296,0.596,0.31773
78.41,0.0036,0.05296,0.596,0.31773
78.42,0.0036,0.05296,0.596,0.31773
78.43,0.0036,0.05296,0.596,0.31773
78.44,0.0036,0.05296,0.596,0.31773
78.45,0.0036,0.05296,0.596,0.31773
78.46,0.0036,0.05296,0.596,0.31773
78.47,0.0036,0.05296,0.596,0.31773
78.48,0.0036,0.05296,0.596,0.31773
78.49,0.0036,0.05296,0.596,0.31773
78.5,0.0036,0.05296,0.596,0.31773
78.51,0.0036,0.05296,0.596,0.31773
78.52,0.0036,0.05296,0.596,0.31773
78.53,0.0036,0.05296,0.596,0.31773
78.54,0.0036,0.05296,0.596,0.31773
78.55,0.0036,0.05296,0.596,0.31773
78.56,0.0036,0.05296,0.596,0.31773
78.57,0.0036,0.05296,0.596,0.31773
78.58,0.0036,0.05296,0.596,0.31773
78.59,0.0036,0.05296,0.596,0.31773
78.6,0.0036,0.05296,0.596,0.31773
78.61,0.0036,0.05296,0.596,0.31773
78.62,0.0036,0.05296,0.596,0.31773
78.63,0.0036,0.05296,0.596,0.31773
78.64,0.0036,0.05296,0.596,0.31773
78.65,0.0036,0.05296,0.596,0.31773
78.66,0.0036,0.05296,0.596,0.31773
78.67,0.0036,0.05296,0.596,0.31773
78.68,0.0036,0.05296,0.596,0.31773
78.69,0.0036,0.05296,0.596,0.31773
78.7,0.0036,0.05296,0.596,0.31773
78.71,0.0036,0.05296,0.596,0.31773
78.72,0.0036,0.05296,0.596,0.31773
78.73,0.0036,0.05296,0.596,0.31773
78.74,0.0036,0.05296,0.596,0.31773
78.75,0.0036,0.05296,0.596,0.31773
78.76,0.0036,0.05296,0.596,0.31773
78.77,0.0036,0.05296,0.596,0.31773
78.78,0.0036,0.05296,0.596,0.31773
78.79,0.0036,0.05296,0.596,0.31773
78.8,0.0036,0.05296,0.596,0.31773
78.81,0.0036,0.05296,0.596,0.31773
78.82,0.0036,0.05296,0.596,0.31773
78.83,0.0036,0.05296,0.596,0.31773
78.84,0.0036,0.05296,0.596,0.31773
78.85,0.0036,0.05296,0.596,0.31773
78.86,0.0036,0.05296,0.596,0.31773
78.87,0.0036,0.05296,0.596,0.31773
78.88,0.0036,0.05296,0.596,0.31773
78.89,0.0036,0.05296,0.596,0.31773
78.9,0.0036,0.05296,0.596,0.31773
78.91,0.0036,0.05296,0.596,0.31773
78.92,0.0036,0.05296,0.596,0.31773
78.93,0.0036,0.05296,0.596,0.31773
78.94,0.0036,0.05296,0.596,0.31773
78.95,0.0036,0.05296,0.596,0.31773
78.96,0.0036,0.05296,0.596,0.31773
78.97,0.0036,0.05296,0.596,0.31773
78.98,0.0036,0.05296,0.596,0.31773
78.99,0.0036,0.05296,0.596,0.31773
79.0,0.0036,0.05296,0.596,0.31773
79.01,0.0036,0.05296,0.596,0.31773
79.02,0.0036,0.05296,0.596,0.31773
79.03,0.0036,0.05296,0.596,0.31773
79.04,0.0036,0.05296,0.596,0.31773
79.05,0.0036,0.05296,0.596,0.31773
79.06,0.0036,0.05296,0.596,0.31773
79.07,0.0036,0.05296,0.596,0.31773
79.08,0.0036,0.05296,0.596,0.31773
79.09,0.0036,0.05296,0.596,0.31773
79.1,0.0036,0.05296,0.596,0.31773
79.11,0.0036,0.05296,0.596,0.31773
79.12,0.0036,0.05296,0.596,0.31773
79.13,0.0036,0.05296,0.596,0.31773
79.14,0.0036,0.05296,0.596,0.31773
79.15,0.0036,0.05296,0.596,0.31773
79.16,0.0036,0.05296,0.596,0.31773
79.17,0.0036,0.05296,0.596,0.31773
79.18,0.0036,0.05296,0.596,0.31773
79.19,0.0036,0.05296,0.596,0.31773
79.2,0.0036,0.05296,0.596,0.31773
79.21,0.0036,0.05296,0.596,0.31773
79.22,0.0036,0.05296,0.596,0.31773
79.23,0.0036,0.05296,0.596,0.31773
79.24,0.0036,0.05296,0.596,0.31773
79.25,0.0036,0.05296,0.596,0.31773
79.26,0.0036,0.05296,0.596,0.31773
79.27,0.0036,0.05296,0.596,0.31773
79.28,0.0036,0.05296,0.596,0.31773
79.29,0.0036,0.05296,0.596,0.31773
79.3,0.0036,0.05296,0.596,0.31773
79.31,0.0036,0.05296,0.596,0.31773
79.32,0.0036,0.05296,0.596,0.31773
79.33,0.0036,0.05296,0.596,0.31773
79.34,0.0036,0.05296,0.596,0.31773
79.35,0.0036,0.05296,0.596,0.31773
79.36,0.0036,0.05296,0.596,0.31773
79.37,0.0036,0.05296,0.596,0.31773
79.38,0.0036,0.05296,0.596,0.31773
79.39,0.0036,0.05296,0.596,0.31773
79.4,0.0036,0.05296,0.596,0.31773
79.41,0.0036,0.05296,0.596,0.31773
79.42,0.0036,0.05296,0.596,0.31773
79.43,0.0036,0.05296,0.596,0.31773
79.44,0.0036,0.05296,0.596,0.31773
79.45,0.0036,0.05296,0.596,0.31773
79.46,0.0036,0.05296,0.596,0.31773
79.47,0.0036,0.05296,0.596,0.31773
79.48,0.0036,0.05296,0.596,0.31773
79.49,0.0036,0.05296,0.596,0.31773
79.5,0.0036,0.05296,0.596,0.31773
79.51,0.0036,0.05296,0.596,0.31773
79.52,0.0036,0.05296,0.596,0.31773
79.53,0.0036,0.05296,0.596,0.31773
79.54,0.0036,0.05296,0.596,0.31773
79.55,0.0036,0.05296,0.596,0.31773
79.56,0.0036,0.05296,0.596,0.31773
79.57,0.0036,0.05296,0.596,0.31773
79.58,0.0036,0.05296,0.596,0.31773
79.59,0.0036,0.05296,0.596,0.31773
79.6,0.0036,0.05296,0.596,0.31773
79.61,0.0036,0.05296,0.596,0.31773
79.62,0.0036,0.05296,0.596,0.31773
79.63,0.0036,0.05296,0.596,0.31773
79.64,0.0036,0.05296,0.596,0.31773
79.65,0.0036,0.05296,0.596,0.31773
79.66,0.0036,0.05296,0.596,0.31773
79.67,0.0036,0.05296,0.596,0.31773
79.68,0.0036,0.05296,0.596,0.31773
79.69,0.0036,0.05296,0.596,0.31773
79.7,0.0036,0.05296,0.596,0.31773
79.71,0.0036,0.05296,0.596,0.31773
79.72,0.0036,0.05296,0.596,0.31773
79.73,0.0036,0.05296,0.596,0.31773
79.74,0.0036,0.05296,0.596,0.31773
79.75,0.0036,0.05296,0.596,0.31773
79.76,0.0036,0.05296,0.596,0.31773
79.77,0.0036,0.05296,0.596,0.31773
79.78,0.0036,0.05296,0.596,0.31773
79.79,0.0036,0.05296,0.596,0.31773
79.8,0.0036,0.05296,0.596,0.31773
79.81,0.0036,0.05296,0.596,0.31773
79.82,0.0036,0.05296,0.596,0.31773
79.83,0.0036,0.05296,0.596,0.31773
79.84,0.0036,0.05296,0.596,0.31773
79.85,0.0036,0.05296,0.596,0.31773
79.86,0.0036,0.05296,0.596,0.31773
79.87,0.0036,0.05296,0.596,0.31773
79.88,0.0036,0.05296,0.596,0.31773
79.89,0.0036,0.05296,0.596,0.31773
79.9,0.0036,0.05296,0.596,0.31773
79.91,0.0036,0.05296,0.596,0.31773
79.92,0.0036,0.05296,0.596,0.31773
79.93,0.0036,0.05296,0.596,0.31773
79.94,0.0036,0.05296,0.596,0.31773
79.95,0.0036,0.05296,0.596,0.31773
79.96,0.0036,0.05296,0.596,0.31773
79.97,0.0036,0.05296,0.596,0.31773
79.98,0.0036,0.05296,0.596,0.31773
79.99,0.0036,0.05296,0.596,0.31773
