t_s,x,dx_dt
0.0,0.0,62.831853
0.00025,0.015712,62.829914
0.0005,0.031422,62.824098
0.00075,0.047131,62.814404
0.001,0.062837,62.800834
0.00125,0.078539,62.783388
0.0015,0.094236,62.762067
0.00175,0.109928,62.736873
0.002001,0.125612,62.707807
0.002251,0.141289,62.674871
0.002501,0.156957,62.638067
0.002751,0.172616,62.597397
0.003001,0.188264,62.552864
0.003251,0.2039,62.50447
0.003501,0.219523,62.452219
0.003751,0.235133,62.396114
0.004001,0.250729,62.336158
0.004251,0.266309,62.272354
0.004501,0.281872,62.204708
0.004751,0.297419,62.133223
0.005001,0.312947,62.057903
0.005251,0.328455,61.978753
0.005501,0.343943,61.895778
0.005751,0.35941,61.808983
0.006002,0.374855,61.718373
0.006252,0.390277,61.623955
0.006502,0.405675,61.525733
0.006752,0.421047,61.423714
0.007002,0.436394,61.317905
0.007252,0.451714,61.208311
0.007502,0.467005,61.09494
0.007752,0.482268,60.977798
0.008002,0.497502,60.856893
0.008252,0.512704,60.732232
0.008502,0.527875,60.603823
0.008752,0.543013,60.471674
0.009002,0.558118,60.335792
0.009252,0.573188,60.196187
0.009502,0.588223,60.052867
0.009752,0.603222,59.905841
0.010003,0.618183,59.755118
0.010253,0.633107,59.600707
0.010503,0.647991,59.442617
0.010753,0.662835,59.280859
0.011003,0.677638,59.115443
0.011253,0.6924,58.946378
0.011503,0.707119,58.773675
0.011753,0.721794,58.597345
0.012003,0.736424,58.417399
0.012253,0.75101,58.233847
0.012503,0.765548,58.046702
0.012753,0.78004,57.855974
0.013003,0.794483,57.661675
0.013253,0.808878,57.463818
0.013503,0.823222,57.262414
0.013753,0.837516,57.057477
0.014004,0.851758,56.849018
0.014254,0.865947,56.63705
0.014504,0.880083,56.421588
0.014754,0.894165,56.202643
0.015004,0.908191,55.980229
0.015254,0.922161,55.754361
0.015504,0.936075,55.525052
0.015754,0.949931,55.292316
0.016004,0.963728,55.056167
0.016254,0.977465,54.816621
0.016504,0.991143,54.573692
0.016754,1.004759,54.327395
0.017004,1.018313,54.077745
0.017254,1.031804,53.824757
0.017504,1.045232,53.568448
0.017754,1.058595,53.308832
0.018005,1.071892,53.045927
0.018255,1.085124,52.779748
0.018505,1.098289,52.510311
0.018755,1.111385,52.237634
0.019005,1.124414,51.961733
0.019255,1.137372,51.682625
0.019505,1.150261,51.400328
0.019755,1.163079,51.114858
0.020005,1.175825,50.826234
0.020255,1.188498,50.534473
0.020505,1.201098,50.239593
0.020755,1.213624,49.941612
0.021005,1.226075,49.64055
0.021255,1.23845,49.336424
0.021505,1.250749,49.029253
0.021755,1.262971,48.719056
0.022006,1.275114,48.405852
0.022256,1.287179,48.089661
0.022506,1.299165,47.770502
0.022756,1.31107,47.448395
0.023006,1.322895,47.12336
0.023256,1.334638,46.795416
0.023506,1.346298,46.464585
0.023756,1.357875,46.130886
0.024006,1.369369,45.794339
0.024256,1.380778,45.454967
0.024506,1.392102,45.112789
0.024756,1.40334,44.767827
0.025006,1.414491,44.420103
0.025256,1.425555,44.069637
0.025506,1.436531,43.716451
0.025756,1.447419,43.360567
0.026007,1.458217,43.002007
0.026257,1.468925,42.640793
0.026507,1.479542,42.276948
0.026757,1.490068,41.910493
0.027007,1.500503,41.541452
0.027257,1.510844,41.169847
0.027507,1.521093,40.795702
0.027757,1.531247,40.419038
0.028007,1.541307,40.03988
0.028257,1.551272,39.658251
0.028507,1.561141,39.274175
0.028757,1.570913,38.887675
0.029007,1.580589,38.498774
0.029257,1.590167,38.107498
0.029507,1.599648,37.71387
0.029757,1.609029,37.317914
0.030008,1.618311,36.919656
0.030258,1.627493,36.519118
0.030508,1.636575,36.116327
0.030758,1.645556,35.711307
0.031008,1.654435,35.304083
0.031258,1.663212,34.894681
0.031508,1.671886,34.483124
0.031758,1.680458,34.06944
0.032008,1.688925,33.653653
0.032258,1.697289,33.235789
0.032508,1.705547,32.815874
0.032758,1.7137,32.393933
0.033008,1.721748,31.969994
0.033258,1.729689,31.544081
0.033508,1.737524,31.116222
0.033758,1.745251,30.686442
0.034009,1.752871,30.254768
0.034259,1.760382,29.821228
0.034509,1.767785,29.385846
0.034759,1.775079,28.948652
0.035009,1.782263,28.50967
0.035259,1.789337,28.068929
0.035509,1.7963,27.626456
0.035759,1.803153,27.182278
0.036009,1.809895,26.736422
0.036259,1.816525,26.288917
0.036509,1.823042,25.839788
0.036759,1.829448,25.389065
0.037009,1.83574,24.936776
0.037259,1.841919,24.482947
0.037509,1.847984,24.027607
0.037759,1.853936,23.570784
0.03801,1.859773,23.112507
0.03826,1.865495,22.652803
0.03851,1.871102,22.191701
0.03876,1.876593,21.72923
0.03901,1.881969,21.265418
0.03926,1.887229,20.800293
0.03951,1.892372,20.333884
0.03976,1.897398,19.866221
0.04001,1.902307,19.397332
0.04026,1.907099,18.927245
0.04051,1.911773,18.45599
0.04076,1.916329,17.983597
0.04101,1.920767,17.510093
0.04126,1.925086,17.035509
0.04151,1.929287,16.559873
0.04176,1.933368,16.083216
0.042011,1.93733,15.605566
0.042261,1.941173,15.126952
0.042511,1.944896,14.647405
0.042761,1.948498,14.166955
0.043011,1.951981,13.68563
0.043261,1.955343,13.20346
0.043511,1.958584,12.720475
0.043761,1.961705,12.236706
0.044011,1.964704,11.752181
0.044261,1.967582,11.266931
0.044511,1.970339,10.780985
0.044761,1.972974,10.294374
0.045011,1.975487,9.807128
0.045261,1.977879,9.319277
0.045511,1.980148,8.83085
0.045761,1.982295,8.341878
0.046012,1.98432,7.852392
0.046262,1.986222,7.362421
0.046512,1.988002,6.871996
0.046762,1.989659,6.381146
0.047012,1.991193,5.889903
0.047262,1.992605,5.398296
0.047512,1.993893,4.906356
0.047762,1.995058,4.414113
0.048012,1.996101,3.921598
0.048262,1.99702,3.428841
0.048512,1.997816,2.935872
0.048762,1.998488,2.442722
0.049012,1.999037,1.949421
0.049262,1.999463,1.456
0.049512,1.999765,0.962489
0.049762,1.999944,0.468919
0.050013,2.0,-0.02468
0.050263,1.999932,-0.518278
0.050513,1.999741,-1.011844
0.050763,1.999426,-1.505347
0.051013,1.998988,-1.998757
0.051263,1.998426,-2.492044
0.051513,1.997741,-2.985178
0.051763,1.996933,-3.478127
0.052013,1.996002,-3.970861
0.052263,1.994947,-4.46335
0.052513,1.99377,-4.955564
0.052763,1.992469,-5.447472
0.053013,1.991045,-5.939044
0.053263,1.989499,-6.430249
0.053513,1.987829,-6.921058
0.053763,1.986037,-7.411439
0.054014,1.984123,-7.901363
0.054264,1.982086,-8.390799
0.054514,1.979926,-8.879718
0.054764,1.977645,-9.368088
0.055014,1.975241,-9.85588
0.055264,1.972716,-10.343064
0.055514,1.970069,-10.82961
0.055764,1.9673,-11.315487
0.056014,1.964409,-11.800666
0.056264,1.961398,-12.285117
0.056514,1.958265,-12.768809
0.056764,1.955012,-13.251714
0.057014,1.951638,-13.733801
0.057264,1.948143,-14.21504
0.057514,1.944529,-14.695401
0.057764,1.940794,-15.174856
0.058015,1.936939,-15.653374
0.058265,1.932965,-16.130927
0.058515,1.928872,-16.607483
0.058765,1.92466,-17.083015
0.059015,1.920329,-17.557493
0.059265,1.915879,-18.030886
0.059515,1.911311,-18.503168
0.059765,1.906625,-18.974307
0.060015,1.901822,-19.444275
0.060265,1.896901,-19.913043
0.060515,1.891863,-20.380582
0.060765,1.886708,-20.846864
0.061015,1.881437,-21.311859
0.061265,1.876049,-21.775538
0.061515,1.870546,-22.237874
0.061765,1.864928,-22.698837
0.062016,1.859194,-23.158399
0.062266,1.853346,-23.616533
0.062516,1.847383,-24.073208
0.062766,1.841306,-24.528398
0.063016,1.835116,-24.982074
0.063266,1.828812,-25.434209
0.063516,1.822396,-25.884773
0.063766,1.815867,-26.333741
0.064016,1.809226,-26.781083
0.064266,1.802473,-27.226772
0.064516,1.795609,-27.670781
0.064766,1.788634,-28.113082
0.065016,1.781549,-28.553648
0.065266,1.774354,-28.992452
0.065516,1.767049,-29.429467
0.065766,1.759636,-29.864665
0.066017,1.752114,-30.29802
0.066267,1.744483,-30.729506
0.066517,1.736745,-31.159095
0.066767,1.7289,-31.58676
0.067017,1.720948,-32.012477
0.067267,1.71289,-32.436218
0.067517,1.704726,-32.857957
0.067767,1.696457,-33.277668
0.068017,1.688083,-33.695326
0.068267,1.679605,-34.110903
0.068517,1.671024,-34.524376
0.068767,1.662339,-34.935718
0.069017,1.653552,-35.344904
0.069267,1.644662,-35.751909
0.069517,1.635671,-36.156707
0.069767,1.626579,-36.559274
0.070018,1.617387,-36.959584
0.070268,1.608095,-37.357614
0.070518,1.598704,-37.753338
0.070768,1.589214,-38.146732
0.071018,1.579626,-38.537772
0.071268,1.569941,-38.926433
0.071518,1.560158,-39.312692
0.071768,1.550279,-39.696525
0.072018,1.540305,-40.077908
0.072268,1.530236,-40.456817
0.072518,1.520072,-40.83323
0.072768,1.509814,-41.207122
0.073018,1.499463,-41.578472
0.073268,1.48902,-41.947255
0.073518,1.478485,-42.31345
0.073768,1.467858,-42.677033
0.074019,1.457141,-43.037983
0.074269,1.446334,-43.396276
0.074519,1.435438,-43.751891
0.074769,1.424453,-44.104806
0.075019,1.41338,-44.454999
0.075269,1.40222,-44.802448
0.075519,1.390973,-45.147133
0.075769,1.379641,-45.489031
0.076019,1.368224,-45.828122
0.076269,1.356722,-46.164384
0.076519,1.345136,-46.497797
0.076769,1.333467,-46.828341
0.077019,1.321716,-47.155995
0.077269,1.309883,-47.480738
0.077519,1.29797,-47.802551
0.077769,1.285976,-48.121414
0.07802,1.273903,-48.437307
0.07827,1.261752,-48.750211
0.07852,1.249523,-49.060106
0.07877,1.237216,-49.366974
0.07902,1.224833,-49.670794
0.07927,1.212375,-49.971549
0.07952,1.199841,-50.269221
0.07977,1.187234,-50.563789
0.08002,1.174553,-50.855238
0.08027,1.1618,-51.143547
0.08052,1.148975,-51.4287
0.08077,1.13608,-51.71068
0.08102,1.123114,-51.989468
0.08127,1.110079,-52.265047
0.08152,1.096975,-52.537401
0.08177,1.083804,-52.806513
0.082021,1.070566,-53.072365
0.082271,1.057261,-53.334942
0.082521,1.043892,-53.594228
0.082771,1.030458,-53.850206
0.083021,1.01696,-54.10286
0.083271,1.0034,-54.352176
0.083521,0.989778,-54.598137
0.083771,0.976094,-54.840728
0.084021,0.962351,-55.079935
0.084271,0.948548,-55.315743
0.084521,0.934686,-55.548137
0.084771,0.920767,-55.777103
0.085021,0.906791,-56.002626
0.085271,0.892759,-56.224694
0.085521,0.878672,-56.443291
0.085771,0.86453,-56.658405
0.086022,0.850336,-56.870022
0.086272,0.836089,-57.078129
0.086522,0.82179,-57.282714
0.086772,0.80744,-57.483763
0.087022,0.793041,-57.681265
0.087272,0.778593,-57.875207
0.087522,0.764097,-58.065578
0.087772,0.749553,-58.252364
0.088022,0.734963,-58.435556
0.088272,0.720328,-58.615141
0.088522,0.705649,-58.791109
0.088772,0.690926,-58.963448
0.089022,0.67616,-59.132149
0.089272,0.661353,-59.2972
0.089522,0.646504,-59.458591
0.089772,0.631616,-59.616313
0.090023,0.616689,-59.770356
0.090273,0.601724,-59.92071
0.090523,0.586721,-60.067366
0.090773,0.571683,-60.210315
0.091023,0.556609,-60.349548
0.091273,0.541501,-60.485057
0.091523,0.526359,-60.616832
0.091773,0.511185,-60.744867
0.092023,0.49598,-60.869152
0.092273,0.480743,-60.989681
0.092523,0.465477,-61.106447
0.092773,0.450183,-61.21944
0.093023,0.43486,-61.328656
0.093273,0.419511,-61.434087
0.093523,0.404136,-61.535726
0.093773,0.388736,-61.633568
0.094024,0.373312,-61.727606
0.094274,0.357865,-61.817834
0.094524,0.342395,-61.904247
0.094774,0.326905,-61.98684
0.095024,0.311395,-62.065607
0.095274,0.295865,-62.140544
0.095524,0.280317,-62.211645
0.095774,0.264752,-62.278908
0.096024,0.24917,-62.342326
0.096274,0.233573,-62.401898
0.096524,0.217962,-62.457618
0.096774,0.202337,-62.509483
0.097024,0.186699,-62.557491
0.097274,0.17105,-62.601638
0.097524,0.155391,-62.641921
0.097774,0.139722,-62.678338
0.098025,0.124044,-62.710888
0.098275,0.108359,-62.739566
0.098525,0.092667,-62.764373
0.098775,0.076969,-62.785307
0.099025,0.061267,-62.802365
0.099275,0.045561,-62.815548
0.099525,0.029851,-62.824854
0.099775,0.014141,-62.830283
0.100025,-0.001571,-62.831834
0.100275,-0.017283,-62.829507
0.100525,-0.032993,-62.823303
0.100775,-0.048702,-62.813222
0.101025,-0.064408,-62.799264
0.101275,-0.080109,-62.78143
0.101525,-0.095806,-62.759722
0.101775,-0.111497,-62.73414
0.102026,-0.12718,-62.704687
0.102276,-0.142856,-62.671364
0.102526,-0.158524,-62.634174
0.102776,-0.174181,-62.593117
0.103026,-0.189828,-62.548198
0.103276,-0.205463,-62.499419
0.103526,-0.221085,-62.446782
0.103776,-0.236694,-62.390291
0.104026,-0.252288,-62.32995
0.104276,-0.267866,-62.265763
0.104526,-0.283428,-62.197732
0.104776,-0.298972,-62.125863
0.105026,-0.314498,-62.05016
0.105276,-0.330005,-61.970627
0.105526,-0.345491,-61.88727
0.105776,-0.360956,-61.800093
0.106027,-0.376398,-61.709103
0.106277,-0.391818,-61.614304
0.106527,-0.407213,-61.515702
0.106777,-0.422583,-61.413304
0.107027,-0.437927,-61.307116
0.107277,-0.453244,-61.197144
0.107527,-0.468533,-61.083395
0.107777,-0.483793,-60.965877
0.108027,-0.499023,-60.844596
0.108277,-0.514223,-60.719559
0.108527,-0.52939,-60.590776
0.108777,-0.544525,-60.458253
0.109027,-0.559627,-60.321999
0.109277,-0.574693,-60.182022
0.109527,-0.589725,-60.038331
0.109777,-0.60472,-59.890935
0.110028,-0.619677,-59.739842
0.110278,-0.634597,-59.585063
0.110528,-0.649477,-59.426606
0.110778,-0.664317,-59.264482
0.111028,-0.679116,-59.0987
0.111278,-0.693874,-58.929271
0.111528,-0.708588,-58.756205
0.111778,-0.723259,-58.579513
0.112028,-0.737885,-58.399206
0.112278,-0.752466,-58.215294
0.112528,-0.767,-58.02779
0.112778,-0.781486,-57.836704
0.113028,-0.795925,-57.642049
0.113278,-0.810314,-57.443837
0.113528,-0.824654,-57.242079
0.113778,-0.838942,-57.036789
0.114029,-0.853179,-56.827979
0.114279,-0.867363,-56.615661
0.114529,-0.881494,-56.39985
0.114779,-0.89557,-56.180557
0.115029,-0.909591,-55.957798
0.115279,-0.923555,-55.731585
0.115529,-0.937463,-55.501932
0.115779,-0.951313,-55.268854
0.116029,-0.965104,-55.032365
0.116279,-0.978836,-54.79248
0.116529,-0.992507,-54.549214
0.116779,-1.006117,-54.30258
0.117029,-1.019665,-54.052596
0.117279,-1.03315,-53.799275
0.117529,-1.046571,-53.542635
0.117779,-1.059927,-53.28269
0.11803,-1.073219,-53.019456
0.11828,-1.086443,-52.75295
0.11853,-1.099601,-52.483189
0.11878,-1.112691,-52.210189
0.11903,-1.125713,-51.933966
0.11928,-1.138665,-51.654539
0.11953,-1.151546,-51.371923
0.11978,-1.164357,-51.086137
0.12003,-1.177095,-50.797198
0.12028,-1.189761,-50.505125
0.12053,-1.202354,-50.209934
0.12078,-1.214872,-49.911644
0.12103,-1.227316,-49.610275
0.12128,-1.239683,-49.305843
0.12153,-1.251975,-48.998369
0.12178,-1.264188,-48.68787
0.122031,-1.276324,-48.374367
0.122281,-1.288381,-48.057879
0.122531,-1.300359,-47.738424
0.122781,-1.312256,-47.416023
0.123031,-1.324073,-47.090696
0.123281,-1.335807,-46.762463
0.123531,-1.34746,-46.431344
0.123781,-1.359029,-46.097359
0.124031,-1.370514,-45.760529
0.124281,-1.381914,-45.420875
0.124531,-1.39323,-45.078418
0.124781,-1.404459,-44.733179
0.125031,-1.415602,-44.385179
0.125281,-1.426657,-44.03444
0.125531,-1.437624,-43.680983
0.125781,-1.448503,-43.324831
0.126032,-1.459292,-42.966005
0.126282,-1.469991,-42.604527
0.126532,-1.480599,-42.240419
0.126782,-1.491116,-41.873705
0.127032,-1.501541,-41.504407
0.127282,-1.511873,-41.132547
0.127532,-1.522112,-40.758148
0.127782,-1.532257,-40.381234
0.128032,-1.542308,-40.001828
0.128282,-1.552263,-39.619953
0.128532,-1.562122,-39.235634
0.128782,-1.571885,-38.848892
0.129032,-1.581551,-38.459753
0.129282,-1.59112,-38.068241
0.129532,-1.60059,-37.674379
0.129782,-1.609962,-37.278192
0.130033,-1.619234,-36.879704
0.130283,-1.628406,-36.47894
0.130533,-1.637478,-36.075925
0.130783,-1.646448,-35.670684
0.131033,-1.655317,-35.263241
0.131283,-1.664084,-34.853622
0.131533,-1.672748,-34.441851
0.131783,-1.681309,-34.027955
0.132033,-1.689766,-33.61196
0.132283,-1.698119,-33.193889
0.132533,-1.706367,-32.77377
0.132783,-1.71451,-32.351629
0.133033,-1.722547,-31.927491
0.133283,-1.730477,-31.501382
0.133533,-1.738301,-31.07333
0.133783,-1.746018,-30.643359
0.134034,-1.753627,-30.211498
0.134284,-1.761127,-29.777772
0.134534,-1.768519,-29.342208
0.134784,-1.775802,-28.904833
0.135034,-1.782975,-28.465675
0.135284,-1.790038,-28.024759
0.135534,-1.796991,-27.582115
0.135784,-1.803832,-27.137767
0.136034,-1.810563,-26.691746
0.136284,-1.817182,-26.244076
0.136534,-1.823688,-25.794787
0.136784,-1.830082,-25.343906
0.137034,-1.836363,-24.891462
0.137284,-1.842531,-24.43748
0.137534,-1.848585,-23.981991
0.137784,-1.854525,-23.525022
0.138035,-1.86035,-23.0666
0.138285,-1.866061,-22.606756
0.138535,-1.871656,-22.145516
0.138785,-1.877136,-21.682909
0.139035,-1.8825,-21.218964
0.139285,-1.887748,-20.753709
0.139535,-1.89288,-20.287174
0.139785,-1.897894,-19.819387
0.140035,-1.902792,-19.350376
0.140285,-1.907572,-18.880172
0.140535,-1.912234,-18.408802
0.140785,-1.916778,-17.936296
0.141035,-1.921204,-17.462683
0.141285,-1.925512,-16.987992
0.141535,-1.9297,-16.512253
0.141785,-1.93377,-16.035495
0.142036,-1.93772,-15.557747
0.142286,-1.941551,-15.079039
0.142536,-1.945261,-14.599401
0.142786,-1.948852,-14.118861
0.143036,-1.952322,-13.63745
0.143286,-1.955672,-13.155197
0.143536,-1.958902,-12.672133
0.143786,-1.96201,-12.188287
0.144036,-1.964997,-11.703688
0.144286,-1.967863,-11.218367
0.144536,-1.970608,-10.732353
0.144786,-1.973231,-10.245678
0.145036,-1.975732,-9.75837
0.145286,-1.978111,-9.270459
0.145536,-1.980368,-8.781977
0.145786,-1.982503,-8.292952
0.146037,-1.984516,-7.803416
0.146287,-1.986406,-7.313398
0.146537,-1.988173,-6.822929
0.146787,-1.989818,-6.332039
0.147037,-1.99134,-5.840758
0.147287,-1.992739,-5.349117
0.147537,-1.994015,-4.857145
0.147787,-1.995168,-4.364874
0.148037,-1.996198,-3.872333
0.148287,-1.997105,-3.379553
0.148537,-1.997888,-2.886565
0.148787,-1.998548,-2.393398
0.149037,-1.999085,-1.900084
0.149287,-1.999499,-1.406653
0.149537,-1.999789,-0.913135
0.149787,-1.999955,-0.41956
0.150038,-1.999999,0.074041
0.150288,-1.999918,0.567636
0.150538,-1.999715,1.061197
0.150788,-1.999388,1.554693
0.151038,-1.998937,2.048092
0.151288,-1.998363,2.541365
0.151538,-1.997666,3.034481
0.151788,-1.996846,3.52741
0.152038,-1.995902,4.020122
0.152288,-1.994835,4.512585
0.152538,-1.993645,5.004769
0.152788,-1.992332,5.496645
0.153038,-1.990896,5.988182
0.153288,-1.989337,6.479349
0.153538,-1.987656,6.970116
0.153788,-1.985852,7.460453
0.154039,-1.983925,7.950329
0.154289,-1.981875,8.439715
0.154539,-1.979704,8.92858
0.154789,-1.97741,9.416894
0.155039,-1.974994,9.904627
0.155289,-1.972457,10.391748
0.155539,-1.969797,10.878228
0.155789,-1.967016,11.364037
0.156039,-1.964114,11.849145
0.156289,-1.96109,12.333521
0.156539,-1.957946,12.817136
0.156789,-1.95468,13.29996
0.157039,-1.951294,13.781963
0.157289,-1.947787,14.263116
0.157539,-1.944161,14.743388
0.157789,-1.940414,15.222751
0.15804,-1.936547,15.701174
0.15829,-1.932561,16.178628
0.15854,-1.928456,16.655083
0.15879,-1.924232,17.130511
0.15904,-1.919889,17.604881
0.15929,-1.915427,18.078165
0.15954,-1.910848,18.550333
0.15979,-1.90615,19.021357
0.16004,-1.901335,19.491206
0.16029,-1.896402,19.959853
0.16054,-1.891352,20.427268
0.16079,-1.886186,20.893422
0.16104,-1.880903,21.358286
0.16129,-1.875504,21.821833
0.16154,-1.86999,22.284032
0.16179,-1.86436,22.744857
0.162041,-1.858614,23.204278
0.162291,-1.852755,23.662266
0.162541,-1.84678,24.118795
0.162791,-1.840692,24.573834
0.163041,-1.834491,25.027358
0.163291,-1.828176,25.479336
0.163541,-1.821748,25.929742
0.163791,-1.815208,26.378548
0.164041,-1.808555,26.825726
0.164291,-1.801792,27.271249
0.164541,-1.794917,27.715088
0.164791,-1.787931,28.157217
0.165041,-1.780835,28.597608
0.165291,-1.773629,29.036234
0.165541,-1.766313,29.473069
0.165791,-1.758888,29.908084
0.166042,-1.751355,30.341253
0.166292,-1.743714,30.77255
0.166542,-1.735965,31.201948
0.166792,-1.728109,31.62942
0.167042,-1.720147,32.05494
0.167292,-1.712078,32.478482
0.167542,-1.703904,32.90002
0.167792,-1.695624,33.319527
0.168042,-1.68724,33.736977
0.168292,-1.678752,34.152346
0.168542,-1.67016,34.565607
0.168792,-1.661465,34.976734
0.169042,-1.652667,35.385703
0.169292,-1.643768,35.792488
0.169542,-1.634767,36.197065
0.169792,-1.625665,36.599407
0.170043,-1.616463,36.99949
0.170293,-1.607161,37.39729
0.170543,-1.597759,37.792783
0.170793,-1.58826,38.185942
0.171043,-1.578662,38.576745
0.171293,-1.568967,38.965167
0.171543,-1.559175,39.351185
0.171793,-1.549286,39.734774
0.172043,-1.539302,40.11591
0.172293,-1.529224,40.494571
0.172543,-1.51905,40.870733
0.172793,-1.508783,41.244372
0.173043,-1.498423,41.615466
0.173293,-1.487971,41.983992
0.173543,-1.477426,42.349926
0.173793,-1.466791,42.713247
0.174044,-1.456064,43.073932
0.174294,-1.445248,43.431958
0.174544,-1.434343,43.787304
0.174794,-1.42335,44.139948
0.175044,-1.412268,44.489868
0.175294,-1.401099,44.837042
0.175544,-1.389844,45.181448
0.175794,-1.378503,45.523067
0.176044,-1.367077,45.861875
0.176294,-1.355567,46.197854
0.176544,-1.343973,46.530981
0.176794,-1.332296,46.861237
0.177044,-1.320536,47.1886
0.177294,-1.308696,47.513052
0.177544,-1.296774,47.834571
0.177794,-1.284773,48.153137
0.178045,-1.272692,48.468733
0.178295,-1.260532,48.781336
0.178545,-1.248295,49.090929
0.178795,-1.235981,49.397493
0.179045,-1.223591,49.701008
0.179295,-1.211125,50.001456
0.179545,-1.198584,50.298817
0.179795,-1.185969,50.593075
0.180045,-1.173281,50.88421
0.180295,-1.160521,51.172205
0.180545,-1.147689,51.457041
0.180795,-1.134786,51.738702
0.181045,-1.121814,52.01717
0.181295,-1.108771,52.292428
0.181545,-1.095661,52.564458
0.181795,-1.082483,52.833245
0.182046,-1.069238,53.09877
0.182296,-1.055927,53.361019
0.182546,-1.042551,53.619975
0.182796,-1.029111,53.875621
0.183046,-1.015607,54.127942
0.183296,-1.00204,54.376923
0.183546,-0.988412,54.622548
0.183796,-0.974723,54.864802
0.184046,-0.960973,55.103669
0.184296,-0.947164,55.339136
0.184546,-0.933297,55.571188
0.184796,-0.919372,55.79981
0.185046,-0.90539,56.024989
0.185296,-0.891353,56.24671
0.185546,-0.87726,56.464959
0.185796,-0.863113,56.679724
0.186047,-0.848913,56.890991
0.186297,-0.834661,57.098746
0.186547,-0.820357,57.302978
0.186797,-0.806003,57.503673
0.187047,-0.791598,57.70082
0.187297,-0.777145,57.894405
0.187547,-0.762644,58.084418
0.187797,-0.748096,58.270845
0.188047,-0.733502,58.453677
0.188297,-0.718862,58.632901
0.188547,-0.704178,58.808506
0.188797,-0.689451,58.980482
0.189047,-0.674681,59.148818
0.189297,-0.65987,59.313504
0.189547,-0.645017,59.474529
0.189797,-0.630125,59.631883
0.190048,-0.615194,59.785558
0.190298,-0.600225,59.935542
0.190548,-0.585219,60.081828
0.190798,-0.570177,60.224406
0.191048,-0.5551,60.363267
0.191298,-0.539988,60.498402
0.191548,-0.524843,60.629804
0.191798,-0.509666,60.757464
0.192048,-0.494457,60.881374
0.192298,-0.479218,61.001527
0.192548,-0.463949,61.117916
0.192798,-0.448652,61.230532
0.193048,-0.433327,61.33937
0.193298,-0.417975,61.444422
0.193548,-0.402597,61.545681
0.193798,-0.387195,61.643143
0.194049,-0.371768,61.7368
0.194299,-0.356319,61.826647
0.194549,-0.340847,61.912678
0.194799,-0.325355,61.994889
0.195049,-0.309842,62.073273
0.195299,-0.294311,62.147827
0.195549,-0.278761,62.218545
0.195799,-0.263194,62.285423
0.196049,-0.247611,62.348457
0.196299,-0.232012,62.407643
0.196549,-0.2164,62.462978
0.196799,-0.200773,62.514458
0.197049,-0.185135,62.562079
0.197299,-0.169485,62.60584
0.197549,-0.153824,62.645737
0.197799,-0.138155,62.681767
0.19805,-0.122476,62.71393
0.1983,-0.10679,62.742221
0.19855,-0.091097,62.766641
0.1988,-0.075399,62.787187
0.19905,-0.059696,62.803858
0.1993,-0.04399,62.816653
0.19955,-0.02828,62.825571
0.1998,-0.012569,62.830612
0.20005,0.003142,62.831776
0.2003,0.018854,62.829061
0.20055,0.034564,62.822469
0.2008,0.050273,62.812
0.20105,0.065978,62.797655
0.2013,0.081679,62.779434
0.20155,0.097375,62.757338
0.2018,0.113065,62.731369
0.202051,0.128748,62.701529
0.202301,0.144424,62.667819
0.202551,0.16009,62.630242
0.202801,0.175746,62.588799
0.203051,0.191392,62.543494
0.203301,0.207025,62.494328
0.203551,0.222646,62.441306
0.203801,0.238254,62.384431
0.204051,0.253846,62.323705
0.204301,0.269423,62.259132
0.204551,0.284983,62.190718
0.204801,0.300526,62.118465
0.205051,0.31605,62.042379
0.205301,0.331554,61.962463
0.205551,0.347038,61.878724
0.205801,0.362501,61.791166
0.206052,0.377941,61.699794
0.206302,0.393358,61.604614
0.206552,0.408751,61.505633
0.206802,0.424119,61.402855
0.207052,0.43946,61.296289
0.207302,0.454774,61.185939
0.207552,0.47006,61.071813
0.207802,0.485317,60.953918
0.208052,0.500545,60.832261
0.208302,0.515741,60.70685
0.208552,0.530905,60.577692
0.208802,0.546037,60.444796
0.209052,0.561135,60.308169
0.209302,0.576198,60.16782
0.209552,0.591226,60.023758
0.209802,0.606217,59.875992
0.210053,0.621171,59.72453
0.210303,0.636087,59.569383
0.210553,0.650963,59.410559
0.210803,0.665799,59.248068
0.211053,0.680594,59.081921
0.211303,0.695347,58.912128
0.211553,0.710057,58.738699
0.211803,0.724724,58.561645
0.212053,0.739345,58.380977
0.212303,0.753921,58.196705
0.212553,0.76845,58.008842
0.212803,0.782932,57.817399
0.213053,0.797366,57.622388
0.213303,0.811751,57.42382
0.213553,0.826085,57.221709
0.213803,0.840368,57.016066
0.214054,0.8546,56.806905
0.214304,0.868778,56.594237
0.214554,0.882904,56.378077
0.214804,0.896974,56.158437
0.215054,0.91099,55.935332
0.215304,0.924949,55.708774
0.215554,0.938851,55.478778
0.215804,0.952695,55.245359
0.216054,0.96648,55.00853
0.216304,0.980206,54.768306
0.216554,0.993871,54.524701
0.216804,1.007474,54.277732
0.217054,1.021016,54.027414
0.217304,1.034495,53.77376
0.217554,1.047909,53.516789
0.217804,1.061259,53.256514
0.218055,1.074544,52.992952
0.218305,1.087762,52.726121
0.218555,1.100913,52.456035
0.218805,1.113997,52.182711
0.219055,1.127011,51.906167
0.219305,1.139956,51.62642
0.219555,1.15283,51.343487
0.219805,1.165634,51.057385
0.220055,1.178365,50.768132
0.220305,1.191024,50.475746
0.220555,1.203609,50.180244
0.220805,1.21612,49.881646
0.221055,1.228556,49.579969
0.221305,1.240916,49.275232
0.221555,1.253199,48.967455
0.221805,1.265406,48.656655
0.222056,1.277534,48.342852
0.222306,1.289583,48.026066
0.222556,1.301552,47.706316
0.222806,1.313442,47.383622
0.223056,1.32525,47.058003
0.223306,1.336976,46.72948
0.223556,1.34862,46.398074
0.223806,1.360181,46.063803
0.224056,1.371658,45.72669
0.224306,1.38305,45.386755
0.224556,1.394356,45.044019
0.224806,1.405577,44.698503
0.225056,1.416711,44.350228
0.225306,1.427758,43.999216
0.225556,1.438716,43.645489
0.225806,1.449586,43.289068
0.226057,1.460366,42.929976
0.226307,1.471056,42.568234
0.226557,1.481655,42.203865
0.226807,1.492163,41.836891
0.227057,1.502578,41.467335
0.227307,1.512901,41.095221
0.227557,1.523131,40.72057
0.227807,1.533267,40.343405
0.228057,1.543307,39.963751
0.228307,1.553253,39.581631
0.228557,1.563103,39.197068
0.228807,1.572856,38.810086
0.229057,1.582513,38.420708
0.229307,1.592071,38.02896
0.229557,1.601532,37.634864
0.229807,1.610893,37.238446
0.230058,1.620155,36.83973
0.230308,1.629318,36.43874
0.230558,1.638379,36.035501
0.230808,1.64734,35.630038
0.231058,1.656198,35.222376
0.231308,1.664955,34.812541
0.231558,1.673609,34.400557
0.231808,1.682159,33.98645
0.232058,1.690606,33.570245
0.232308,1.698949,33.151969
0.232558,1.707186,32.731647
0.232808,1.715318,32.309305
0.233058,1.723345,31.884968
0.233308,1.731265,31.458664
0.233558,1.739078,31.030419
0.233808,1.746784,30.600258
0.234059,1.754382,30.168209
0.234309,1.761871,29.734298
0.234559,1.769252,29.298552
0.234809,1.776524,28.860997
0.235059,1.783686,28.421662
0.235309,1.790738,27.980572
0.235559,1.79768,27.537756
0.235809,1.804511,27.09324
0.236059,1.81123,26.647052
0.236309,1.817837,26.19922
0.236559,1.824333,25.74977
0.236809,1.830715,25.298732
0.237059,1.836985,24.846132
0.237309,1.843141,24.391999
0.237559,1.849184,23.93636
0.237809,1.855112,23.479244
0.23806,1.860926,23.020679
0.23831,1.866625,22.560694
0.23856,1.872209,22.099316
0.23881,1.877678,21.636574
0.23906,1.88303,21.172497
0.23931,1.888267,20.707113
0.23956,1.893386,20.240451
0.23981,1.898389,19.77254
0.24006,1.903275,19.303409
0.24031,1.908043,18.833087
0.24056,1.912694,18.361602
0.24081,1.917226,17.888984
0.24106,1.92164,17.415262
0.24131,1.925936,16.940465
0.24156,1.930113,16.464623
0.24181,1.93417,15.987764
0.242061,1.938108,15.509919
0.242311,1.941927,15.031117
0.242561,1.945626,14.551387
0.242811,1.949204,14.070759
0.243061,1.952663,13.589262
0.243311,1.956001,13.106927
0.243561,1.959218,12.623783
0.243811,1.962314,12.13986
0.244061,1.965289,11.655188
0.244311,1.968143,11.169796
0.244561,1.970875,10.683715
0.244811,1.973486,10.196975
0.245061,1.975975,9.709605
0.245311,1.978342,9.221636
0.245561,1.980587,8.733098
0.245811,1.98271,8.244021
0.246062,1.98471,7.754436
0.246312,1.986588,7.264371
0.246562,1.988343,6.773859
0.246812,1.989976,6.282928
0.247062,1.991485,5.79161
0.247312,1.992872,5.299934
0.247562,1.994136,4.807931
0.247812,1.995277,4.315631
0.248062,1.996294,3.823065
0.248312,1.997189,3.330263
0.248562,1.99796,2.837256
0.248812,1.998608,2.344073
0.249062,1.999132,1.850746
0.249312,1.999533,1.357304
0.249562,1.999811,0.863779
0.249812,1.999965,0.370201
0.250063,1.999996,-0.123401
0.250313,1.999904,-0.616995
0.250563,1.999688,-1.11055
0.250813,1.999348,-1.604037
0.251063,1.998885,-2.097426
0.251313,1.998299,-2.590684
0.251563,1.99759,-3.083783
0.251813,1.996757,-3.576692
0.252063,1.995801,-4.06938
0.252313,1.994722,-4.561816
0.252563,1.993519,-5.053971
0.252813,1.992194,-5.545815
0.253063,1.990746,-6.037315
0.253313,1.989175,-6.528444
0.253563,1.987481,-7.019169
0.253813,1.985664,-7.509461
0.254064,1.983725,-7.99929
0.254314,1.981664,-8.488625
0.254564,1.97948,-8.977437
0.254814,1.977174,-9.465694
0.255064,1.974746,-9.953367
0.255314,1.972196,-10.440426
0.255564,1.969524,-10.92684
0.255814,1.966731,-11.41258
0.256064,1.963817,-11.897616
0.256314,1.960781,-12.381917
0.256564,1.957624,-12.865454
0.256814,1.954347,-13.348198
0.257064,1.950949,-13.830117
0.257314,1.94743,-14.311183
0.257564,1.943791,-14.791366
0.257814,1.940033,-15.270636
0.258065,1.936154,-15.748963
0.258315,1.932156,-16.226319
0.258565,1.928039,-16.702673
0.258815,1.923803,-17.177996
0.259065,1.919448,-17.652259
0.259315,1.914975,-18.125433
0.259565,1.910383,-18.597488
0.259815,1.905674,-19.068395
0.260065,1.900847,-19.538125
0.260315,1.895902,-20.00665
0.260565,1.890841,-20.47394
0.260815,1.885663,-20.939967
0.261065,1.880368,-21.404701
0.261315,1.874958,-21.868114
0.261565,1.869432,-22.330177
0.261815,1.86379,-22.790862
0.262066,1.858034,-23.250141
0.262316,1.852162,-23.707985
0.262566,1.846177,-24.164366
0.262816,1.840077,-24.619255
0.263066,1.833864,-25.072625
0.263316,1.827538,-25.524448
0.263566,1.821099,-25.974695
0.263816,1.814548,-26.42334
0.264066,1.807884,-26.870354
0.264316,1.801109,-27.315709
0.264566,1.794223,-27.759378
0.264816,1.787226,-28.201335
0.265066,1.780119,-28.641551
0.265316,1.772902,-29.079999
0.265566,1.765575,-29.516652
0.265816,1.75814,-29.951484
0.266067,1.750596,-30.384468
0.266317,1.742944,-30.815576
0.266567,1.735185,-31.244782
0.266817,1.727318,-31.672061
0.267067,1.719345,-32.097384
0.267317,1.711265,-32.520727
0.267567,1.703081,-32.942062
0.267817,1.69479,-33.361365
0.268067,1.686396,-33.778608
0.268317,1.677897,-34.193767
0.268567,1.669295,-34.606816
0.268817,1.66059,-35.017729
0.269067,1.651782,-35.426481
0.269317,1.642872,-35.833046
0.269567,1.633861,-36.2374
0.269817,1.624749,-36.639517
0.270068,1.615537,-37.039374
0.270318,1.606225,-37.436944
0.270568,1.596814,-37.832204
0.270818,1.587304,-38.225129
0.271068,1.577697,-38.615695
0.271318,1.567992,-39.003878
0.271568,1.55819,-39.389653
0.271818,1.548292,-39.772998
0.272068,1.538299,-40.153888
0.272318,1.528211,-40.5323
0.272568,1.518028,-40.908211
0.272818,1.507751,-41.281597
0.273068,1.497382,-41.652435
0.273318,1.48692,-42.020702
0.273568,1.476367,-42.386376
0.273818,1.465722,-42.749435
0.274069,1.454987,-43.109855
0.274319,1.444162,-43.467614
0.274569,1.433248,-43.822691
0.274819,1.422245,-44.175063
0.275069,1.411155,-44.524709
0.275319,1.399978,-44.871607
0.275569,1.388714,-45.215736
0.275819,1.377364,-45.557074
0.276069,1.36593,-45.895601
0.276319,1.354411,-46.231295
0.276569,1.342809,-46.564136
0.276819,1.331123,-46.894104
0.277069,1.319356,-47.221177
0.277319,1.307507,-47.545336
0.277569,1.295578,-47.86656
0.277819,1.283568,-48.184831
0.27807,1.271479,-48.500128
0.27832,1.259312,-48.812431
0.27857,1.247067,-49.121722
0.27882,1.234745,-49.427982
0.27907,1.222347,-49.731191
0.27932,1.209874,-50.031331
0.27957,1.197326,-50.328383
0.27982,1.184704,-50.622329
0.28007,1.172009,-50.913151
0.28032,1.159241,-51.200831
0.28057,1.146402,-51.485351
0.28082,1.133492,-51.766693
0.28107,1.120512,-52.044841
0.28132,1.107464,-52.319777
0.28157,1.094346,-52.591483
0.28182,1.081161,-52.859944
0.282071,1.06791,-53.125143
0.282321,1.054593,-53.387063
0.282571,1.04121,-53.645688
0.282821,1.027763,-53.901003
0.283071,1.014253,-54.152991
0.283321,1.00068,-54.401637
0.283571,0.987046,-54.646925
0.283821,0.97335,-54.888841
0.284071,0.959595,-55.127369
0.284321,0.94578,-55.362496
0.284571,0.931907,-55.594205
0.284821,0.917976,-55.822483
0.285071,0.903989,-56.047317
0.285321,0.889946,-56.268691
0.285571,0.875848,-56.486593
0.285821,0.861696,-56.701008
0.286072,0.847491,-56.911924
0.286322,0.833233,-57.119328
0.286572,0.818924,-57.323207
0.286822,0.804564,-57.523548
0.287072,0.790155,-57.720339
0.287322,0.775697,-57.913567
0.287572,0.761192,-58.103222
0.287822,0.746639,-58.289291
0.288072,0.73204,-58.471762
0.288322,0.717396,-58.650624
0.288572,0.702708,-58.825867
0.288822,0.687976,-58.99748
0.289072,0.673202,-59.165451
0.289322,0.658386,-59.329771
0.289572,0.64353,-59.49043
0.289822,0.628634,-59.647417
0.290073,0.613699,-59.800722
0.290323,0.598726,-59.950338
0.290573,0.583717,-60.096253
0.290823,0.568671,-60.238459
0.291073,0.55359,-60.376948
0.291323,0.538475,-60.511711
0.291573,0.523327,-60.642739
0.291823,0.508147,-60.770024
0.292073,0.492935,-60.893559
0.292323,0.477692,-61.013336
0.292573,0.462421,-61.129347
0.292823,0.44712,-61.241586
0.293073,0.431793,-61.350045
0.293323,0.416438,-61.454718
0.293573,0.401058,-61.555599
0.293823,0.385653,-61.65268
0.294074,0.370224,-61.745956
0.294324,0.354773,-61.835422
0.294574,0.339299,-61.921071
0.294824,0.323805,-62.002899
0.295074,0.30829,-62.080901
0.295324,0.292757,-62.155071
0.295574,0.277205,-62.225405
0.295824,0.261637,-62.291899
0.296074,0.246052,-62.354549
0.296324,0.230452,-62.41335
0.296574,0.214838,-62.468299
0.296824,0.19921,-62.519393
0.297074,0.18357,-62.566629
0.297324,0.167919,-62.610003
0.297574,0.152258,-62.649514
0.297824,0.136587,-62.685158
0.298075,0.120908,-62.716933
0.298325,0.105221,-62.744838
0.298575,0.089528,-62.76887
0.298825,0.073829,-62.789028
0.299075,0.058126,-62.805312
0.299325,0.042419,-62.817719
0.299575,0.026709,-62.82625
0.299825,0.010998,-62.830903
0.300075,-0.004714,-62.831679
0.300325,-0.020425,-62.828576
0.300575,-0.036135,-62.821597
0.300825,-0.051843,-62.81074
0.301075,-0.067548,-62.796007
0.301325,-0.083249,-62.777398
0.301575,-0.098945,-62.754915
0.301825,-0.114634,-62.728559
0.302076,-0.130316,-62.698332
0.302326,-0.145991,-62.664236
0.302576,-0.161656,-62.626271
0.302826,-0.177311,-62.584442
0.303076,-0.192956,-62.538751
0.303326,-0.208588,-62.4892
0.303576,-0.224208,-62.435792
0.303826,-0.239814,-62.378531
0.304076,-0.255404,-62.31742
0.304326,-0.27098,-62.252464
0.304576,-0.286538,-62.183665
0.304826,-0.302079,-62.111029
0.305076,-0.317601,-62.03456
0.305326,-0.333104,-61.954262
0.305576,-0.348586,-61.87014
0.305826,-0.364046,-61.7822
0.306077,-0.379484,-61.690447
0.306327,-0.394899,-61.594887
0.306577,-0.410289,-61.495526
0.306827,-0.425654,-61.392369
0.307077,-0.440993,-61.285424
0.307327,-0.456304,-61.174696
0.307577,-0.471587,-61.060193
0.307827,-0.486841,-60.941921
0.308077,-0.502066,-60.819888
0.308327,-0.517259,-60.694102
0.308577,-0.53242,-60.56457
0.308827,-0.547548,-60.431301
0.309077,-0.562643,-60.294301
0.309327,-0.577703,-60.153581
0.309577,-0.592727,-60.009148
0.309827,-0.607714,-59.861012
0.310078,-0.622664,-59.709181
0.310328,-0.637576,-59.553666
0.310578,-0.652448,-59.394475
0.310828,-0.66728,-59.231618
0.311078,-0.682071,-59.065106
0.311328,-0.69682,-58.894949
0.311578,-0.711526,-58.721157
0.311828,-0.726188,-58.54374
0.312078,-0.740805,-58.362711
0.312328,-0.755376,-58.17808
0.312578,-0.769901,-57.989859
0.312828,-0.784378,-57.798058
0.313078,-0.798807,-57.602691
0.313328,-0.813186,-57.403769
0.313578,-0.827515,-57.201303
0.313828,-0.841794,-56.995308
0.314079,-0.85602,-56.785795
0.314329,-0.870193,-56.572778
0.314579,-0.884313,-56.356269
0.314829,-0.898378,-56.136282
0.315079,-0.912388,-55.912831
0.315329,-0.926341,-55.685929
0.315579,-0.940238,-55.45559
0.315829,-0.954076,-55.221829
0.316079,-0.967855,-54.98466
0.316329,-0.981575,-54.744097
0.316579,-0.995234,-54.500156
0.316829,-1.008831,-54.252851
0.317079,-1.022367,-54.002198
0.317329,-1.035839,-53.748212
0.317579,-1.049247,-53.490909
0.317829,-1.062591,-53.230305
0.31808,-1.075869,-52.966416
0.31833,-1.08908,-52.699258
0.31858,-1.102225,-52.428848
0.31883,-1.115301,-52.155202
0.31908,-1.128309,-51.878337
0.31933,-1.141247,-51.59827
0.31958,-1.154114,-51.315019
0.31983,-1.16691,-51.028601
0.32008,-1.179634,-50.739034
0.32033,-1.192286,-50.446335
0.32058,-1.204864,-50.150523
0.32083,-1.217367,-49.851616
0.32108,-1.229795,-49.549633
0.32133,-1.242148,-49.244591
0.32158,-1.254424,-48.93651
0.32183,-1.266622,-48.62541
0.322081,-1.278742,-48.311308
0.322331,-1.290783,-47.994224
0.322581,-1.302745,-47.674179
0.322831,-1.314626,-47.351191
0.323081,-1.326426,-47.025281
0.323331,-1.338144,-46.696469
0.323581,-1.34978,-46.364775
0.323831,-1.361332,-46.03022
0.324081,-1.372801,-45.692823
0.324331,-1.384184,-45.352607
0.324581,-1.395482,-45.009592
0.324831,-1.406694,-44.663799
0.325081,-1.41782,-44.31525
0.325331,-1.428857,-43.963965
0.325581,-1.439807,-43.609968
0.325831,-1.450668,-43.253279
0.326082,-1.461439,-42.89392
0.326332,-1.47212,-42.531915
0.326582,-1.48271,-42.167284
0.326832,-1.493208,-41.800051
0.327082,-1.503615,-41.430239
0.327332,-1.513929,-41.057869
0.327582,-1.524149,-40.682966
0.327832,-1.534275,-40.305552
0.328082,-1.544306,-39.92565
0.328332,-1.554242,-39.543284
0.328582,-1.564083,-39.158478
0.328832,-1.573826,-38.771255
0.329082,-1.583473,-38.38164
0.329332,-1.593022,-37.989655
0.329582,-1.602472,-37.595327
0.329832,-1.611824,-37.198677
0.330083,-1.621076,-36.799733
0.330333,-1.630228,-36.398517
0.330583,-1.63928,-35.995054
0.330833,-1.64823,-35.58937
0.331083,-1.657079,-35.18149
0.331333,-1.665825,-34.771439
0.331583,-1.674469,-34.359241
0.331833,-1.683009,-33.944923
0.332083,-1.691445,-33.528511
0.332333,-1.699777,-33.110029
0.332583,-1.708004,-32.689503
0.332833,-1.716126,-32.26696
0.333083,-1.724141,-31.842426
0.333333,-1.732051,-31.415927
0.333583,-1.739853,-30.987488
0.333833,-1.747548,-30.557138
0.334084,-1.755135,-30.124901
0.334334,-1.762614,-29.690805
0.334584,-1.769984,-29.254877
0.334834,-1.777245,-28.817143
0.335084,-1.784396,-28.377631
0.335334,-1.791437,-27.936368
0.335584,-1.798368,-27.49338
0.335834,-1.805187,-27.048696
0.336084,-1.811896,-26.602343
0.336334,-1.818492,-26.154347
0.336584,-1.824976,-25.704738
0.336834,-1.831347,-25.253542
0.337084,-1.837606,-24.800787
0.337334,-1.843751,-24.346502
0.337584,-1.849782,-23.890715
0.337834,-1.855699,-23.433453
0.338085,-1.861501,-22.974744
0.338335,-1.867189,-22.514618
0.338585,-1.872761,-22.053103
0.338835,-1.878218,-21.590226
0.339085,-1.883559,-21.126017
0.339335,-1.888784,-20.660504
0.339585,-1.893892,-20.193716
0.339835,-1.898883,-19.725682
0.340085,-1.903757,-19.25643
0.340335,-1.908514,-18.78599
0.340585,-1.913152,-18.314391
0.340835,-1.917673,-17.841661
0.341085,-1.922075,-17.36783
0.341335,-1.926359,-16.892927
0.341585,-1.930524,-16.416982
0.341835,-1.934569,-15.940024
0.342086,-1.938496,-15.462081
0.342336,-1.942302,-14.983185
0.342586,-1.945989,-14.503364
0.342836,-1.949556,-14.022648
0.343086,-1.953002,-13.541066
0.343336,-1.956328,-13.058649
0.343586,-1.959533,-12.575425
0.343836,-1.962617,-12.091426
0.344086,-1.96558,-11.60668
0.344336,-1.968422,-11.121219
0.344586,-1.971142,-10.63507
0.344836,-1.973741,-10.148266
0.345086,-1.976217,-9.660835
0.345336,-1.978572,-9.172808
0.345586,-1.980805,-8.684214
0.345836,-1.982915,-8.195085
0.346087,-1.984903,-7.70545
0.346337,-1.986769,-7.21534
0.346587,-1.988512,-6.724784
0.346837,-1.990132,-6.233813
0.347087,-1.99163,-5.742458
0.347337,-1.993004,-5.250748
0.347587,-1.994256,-4.758714
0.347837,-1.995384,-4.266386
0.348087,-1.996389,-3.773795
0.348337,-1.997271,-3.280971
0.348587,-1.99803,-2.787945
0.348837,-1.998666,-2.294746
0.349087,-1.999178,-1.801406
0.349337,-1.999567,-1.307955
0.349587,-1.999832,-0.814423
0.349837,-1.999974,-0.320841
0.350088,-1.999992,0.172761
0.350338,-1.999888,0.666352
0.350588,-1.999659,1.159903
0.350838,-1.999307,1.653381
0.351088,-1.998832,2.146758
0.351338,-1.998234,2.640002
0.351588,-1.997512,3.133083
0.351838,-1.996667,3.625971
0.352088,-1.995699,4.118635
0.352338,-1.994607,4.611045
0.352588,-1.993392,5.10317
0.352838,-1.992055,5.59498
0.353088,-1.990594,6.086446
0.353338,-1.989011,6.577535
0.353588,-1.987305,7.068218
0.353838,-1.985476,7.558466
0.354089,-1.983525,8.048246
0.354339,-1.981451,8.537531
0.354589,-1.979255,9.026288
0.354839,-1.976937,9.514488
0.355089,-1.974496,10.002101
0.355339,-1.971934,10.489096
0.355589,-1.969251,10.975445
0.355839,-1.966445,11.461116
0.356089,-1.963519,11.946079
0.356339,-1.960471,12.430306
0.356589,-1.957302,12.913765
0.356839,-1.954012,13.396427
0.357089,-1.950602,13.878263
0.357339,-1.947072,14.359242
0.357589,-1.943421,14.839334
0.357839,-1.93965,15.318511
0.35809,-1.93576,15.796743
0.35834,-1.93175,16.274
0.35859,-1.927621,16.750252
0.35884,-1.923373,17.22547
0.35909,-1.919006,17.699626
0.35934,-1.914521,18.172689
0.35959,-1.909918,18.644631
0.35984,-1.905196,19.115421
0.36009,-1.900358,19.585033
0.36034,-1.895401,20.053435
0.36059,-1.890328,20.5206
0.36084,-1.885139,20.986499
0.36109,-1.879833,21.451102
0.36134,-1.874411,21.914381
0.36159,-1.868873,22.376308
0.36184,-1.86322,22.836854
0.362091,-1.857452,23.295991
0.362341,-1.851569,23.75369
0.362591,-1.845572,24.209922
0.362841,-1.839461,24.664661
0.363091,-1.833237,25.117878
0.363341,-1.826899,25.569544
0.363591,-1.820449,26.019633
0.363841,-1.813886,26.468115
0.364091,-1.807212,26.914964
0.364341,-1.800426,27.360152
0.364591,-1.793528,27.803652
0.364841,-1.78652,28.245435
0.365091,-1.779402,28.685475
0.365341,-1.772174,29.123745
0.365591,-1.764837,29.560218
0.365841,-1.757391,29.994866
0.366092,-1.749836,30.427663
0.366342,-1.742173,30.858583
0.366592,-1.734403,31.287597
0.366842,-1.726525,31.714681
0.367092,-1.718542,32.139808
0.367342,-1.710452,32.562951
0.367592,-1.702256,32.984084
0.367842,-1.693956,33.403182
0.368092,-1.685551,33.820218
0.368342,-1.677042,34.235168
0.368592,-1.668429,34.648004
0.368842,-1.659713,35.058702
0.369092,-1.650895,35.467236
0.369342,-1.641976,35.873581
0.369592,-1.632954,36.277713
0.369842,-1.623832,36.679605
0.370093,-1.61461,37.079234
0.370343,-1.605288,37.476574
0.370593,-1.595867,37.871602
0.370843,-1.586348,38.264292
0.371093,-1.576731,38.654621
0.371343,-1.567016,39.042564
0.371593,-1.557205,39.428098
0.371843,-1.547297,39.811198
0.372093,-1.537294,40.191841
0.372343,-1.527196,40.570004
0.372593,-1.517004,40.945663
0.372843,-1.506719,41.318795
0.373093,-1.49634,41.689377
0.373343,-1.485869,42.057387
0.373593,-1.475306,42.4228
0.373843,-1.464653,42.785596
0.374094,-1.453908,43.145751
0.374344,-1.443075,43.503243
0.374594,-1.432152,43.85805
0.374844,-1.42114,44.210151
0.375094,-1.410041,44.559523
0.375344,-1.398855,44.906145
0.375594,-1.387583,45.249996
0.375844,-1.376225,45.591054
0.376094,-1.364782,45.929298
0.376344,-1.353255,46.264708
0.376594,-1.341644,46.597263
0.376844,-1.32995,46.926941
0.377094,-1.318175,47.253724
0.377344,-1.306318,47.577591
0.377594,-1.29438,47.898521
0.377844,-1.282363,48.216495
0.378095,-1.270266,48.531493
0.378345,-1.258091,48.843496
0.378595,-1.245839,49.152485
0.378845,-1.233509,49.458441
0.379095,-1.221103,49.761343
0.379345,-1.208622,50.061175
0.379595,-1.196067,50.357918
0.379845,-1.183437,50.651552
0.380095,-1.170735,50.942061
0.380345,-1.15796,51.229425
0.380595,-1.145114,51.513628
0.380845,-1.132197,51.794652
0.381095,-1.119211,52.072479
0.381345,-1.106155,52.347093
0.381595,-1.093031,52.618476
0.381845,-1.079839,52.886611
0.382096,-1.066581,53.151483
0.382346,-1.053257,53.413074
0.382596,-1.039868,53.671369
0.382846,-1.026415,53.926352
0.383096,-1.012899,54.178006
0.383346,-0.99932,54.426317
0.383596,-0.985679,54.671269
0.383846,-0.971977,54.912846
0.384096,-0.958216,55.151035
0.384346,-0.944395,55.38582
0.384596,-0.930516,55.617187
0.384846,-0.91658,55.845122
0.385096,-0.902587,56.06961
0.385346,-0.888538,56.290638
0.385596,-0.874435,56.508191
0.385846,-0.860278,56.722257
0.386097,-0.846067,56.932823
0.386347,-0.831804,57.139875
0.386597,-0.81749,57.3434
0.386847,-0.803126,57.543387
0.387097,-0.788712,57.739822
0.387347,-0.774249,57.932694
0.387597,-0.759738,58.12199
0.387847,-0.745181,58.3077
0.388097,-0.730578,58.489811
0.388347,-0.715929,58.668312
0.388597,-0.701236,58.843192
0.388847,-0.6865,59.014441
0.389097,-0.671722,59.182048
0.389347,-0.656902,59.346002
0.389597,-0.642042,59.506294
0.389847,-0.627142,59.662913
0.390098,-0.612203,59.81585
0.390348,-0.597227,59.965096
0.390598,-0.582214,60.110641
0.390848,-0.567164,60.252476
0.391098,-0.55208,60.390592
0.391348,-0.536962,60.524982
0.391598,-0.52181,60.655636
0.391848,-0.506627,60.782546
0.392098,-0.491412,60.905706
0.392348,-0.476167,61.025107
0.392598,-0.460892,61.140741
0.392848,-0.445589,61.252602
0.393098,-0.430258,61.360683
0.393348,-0.414901,61.464977
0.393598,-0.399518,61.565478
0.393848,-0.384111,61.662179
0.394099,-0.36868,61.755074
0.394349,-0.353226,61.844159
0.394599,-0.337751,61.929426
0.394849,-0.322254,62.010872
0.395099,-0.306738,62.08849
0.395349,-0.291202,62.162277
0.395599,-0.275649,62.232227
0.395849,-0.260079,62.298337
0.396099,-0.244492,62.360602
0.396349,-0.228891,62.419018
0.396599,-0.213275,62.473582
0.396849,-0.197647,62.524291
0.397099,-0.182006,62.57114
0.397349,-0.166354,62.614128
0.397599,-0.150691,62.653252
0.397849,-0.135019,62.688509
0.3981,-0.119339,62.719898
0.39835,-0.103652,62.747415
0.3986,-0.087958,62.77106
0.39885,-0.072259,62.790831
0.3991,-0.056555,62.806727
0.39935,-0.040848,62.818747
0.3996,-0.025138,62.82689
0.39985,-0.009427,62.831155
0.4001,0.006285,62.831543
0.40035,0.021996,62.828053
0.4006,0.037706,62.820686
0.40085,0.053414,62.809441
0.4011,0.069119,62.79432
0.40135,0.084819,62.775324
0.4016,0.100514,62.752454
0.40185,0.116203,62.725711
0.402101,0.131884,62.695097
0.402351,0.147558,62.660613
0.402601,0.163222,62.622262
0.402851,0.178876,62.580047
0.403101,0.194519,62.533969
0.403351,0.210151,62.484032
0.403601,0.225769,62.430239
0.403851,0.241373,62.372593
0.404101,0.256963,62.311098
0.404351,0.272536,62.245757
0.404601,0.288093,62.176574
0.404851,0.303632,62.103554
0.405101,0.319152,62.026702
0.405351,0.334653,61.946021
0.405601,0.350133,61.861518
0.405851,0.365591,61.773196
0.406102,0.381027,61.681063
0.406352,0.396439,61.585122
0.406602,0.411827,61.485381
0.406852,0.427189,61.381845
0.407102,0.442525,61.274521
0.407352,0.457834,61.163415
0.407602,0.473114,61.048535
0.407852,0.488365,60.929887
0.408102,0.503586,60.807479
0.408352,0.518776,60.681318
0.408602,0.533934,60.551411
0.408852,0.549059,60.417768
0.409102,0.56415,60.280397
0.409352,0.579207,60.139305
0.409602,0.594227,59.994501
0.409852,0.609211,59.845995
0.410103,0.624157,59.693795
0.410353,0.639065,59.537912
0.410603,0.653933,59.378354
0.410853,0.668761,59.215131
0.411103,0.683548,59.048254
0.411353,0.698293,58.877733
0.411603,0.712994,58.703578
0.411853,0.727651,58.5258
0.412103,0.742264,58.34441
0.412353,0.756831,58.15942
0.412603,0.771351,57.97084
0.412853,0.785823,57.778682
0.413103,0.800247,57.582959
0.413353,0.814621,57.383681
0.413603,0.828946,57.180863
0.413853,0.843219,56.974515
0.414104,0.85744,56.764651
0.414354,0.871608,56.551284
0.414604,0.885722,56.334427
0.414854,0.899782,56.114093
0.415104,0.913786,55.890296
0.415354,0.927734,55.663049
0.415604,0.941624,55.432368
0.415854,0.955456,55.198265
0.416104,0.96923,54.960756
0.416354,0.982943,54.719855
0.416604,0.996596,54.475576
0.416854,1.010188,54.227936
0.417104,1.023717,53.976949
0.417354,1.037183,53.722631
0.417604,1.050585,53.464997
0.417854,1.063922,53.204064
0.418105,1.077193,52.939847
0.418355,1.090398,52.672363
0.418605,1.103535,52.401628
0.418855,1.116605,52.12766
0.419105,1.129606,51.850474
0.419355,1.142536,51.570088
0.419605,1.155397,51.286519
0.419855,1.168186,50.999786
0.420105,1.180903,50.709905
0.420355,1.193547,50.416894
0.420605,1.206117,50.120772
0.420855,1.218613,49.821556
0.421105,1.231034,49.519266
0.421355,1.243379,49.21392
0.421605,1.255647,48.905536
0.421855,1.267837,48.594134
0.422106,1.27995,48.279733
0.422356,1.291983,47.962353
0.422606,1.303937,47.642012
0.422856,1.31581,47.318731
0.423106,1.327602,46.99253
0.423356,1.339312,46.663429
0.423606,1.350939,46.331448
0.423856,1.362483,45.996608
0.424106,1.373943,45.658928
0.424356,1.385318,45.318431
0.424606,1.396608,44.975137
0.424856,1.407811,44.629068
0.425106,1.418927,44.280244
0.425356,1.429956,43.928687
0.425606,1.440897,43.57442
0.425856,1.451749,43.217463
0.426107,1.462511,42.857839
0.426357,1.473183,42.495569
0.426607,1.483764,42.130678
0.426857,1.494253,41.763186
0.427107,1.50465,41.393117
0.427357,1.514955,41.020493
0.427607,1.525166,40.645337
0.427857,1.535282,40.267673
0.428107,1.545304,39.887524
0.428357,1.555231,39.504913
0.428607,1.565061,39.119864
0.428857,1.574795,38.732401
0.429107,1.584432,38.342548
0.429357,1.593971,37.950328
0.429607,1.603412,37.555766
0.429857,1.612754,37.158886
0.430108,1.621996,36.759713
0.430358,1.631138,36.358271
0.430608,1.640179,35.954585
0.430858,1.64912,35.548681
0.431108,1.657958,35.140582
0.431358,1.666694,34.730315
0.431608,1.675327,34.317905
0.431858,1.683857,33.903376
0.432108,1.692283,33.486755
0.432358,1.700605,33.068068
0.432608,1.708821,32.647339
0.432858,1.716932,32.224596
0.433108,1.724937,31.799864
0.433358,1.732836,31.37317
0.433608,1.740628,30.944539
0.433858,1.748312,30.513998
0.434109,1.755888,30.081575
0.434359,1.763356,29.647294
0.434609,1.770715,29.211185
0.434859,1.777965,28.773272
0.435109,1.785106,28.333583
0.435359,1.792136,27.892146
0.435609,1.799055,27.448988
0.435859,1.805863,27.004135
0.436109,1.81256,26.557616
0.436359,1.819145,26.109458
0.436609,1.825618,25.659689
0.436859,1.831978,25.208336
0.437109,1.838225,24.755427
0.437359,1.844359,24.300991
0.437609,1.850379,23.845054
0.437859,1.856284,23.387646
0.43811,1.862075,22.928795
0.43836,1.867751,22.468529
0.43861,1.873312,22.006876
0.43886,1.878758,21.543865
0.43911,1.884087,21.079524
0.43936,1.8893,20.613882
0.43961,1.894396,20.146968
0.43986,1.899376,19.678811
0.44011,1.904238,19.209439
0.44036,1.908983,18.738882
0.44061,1.91361,18.267168
0.44086,1.918118,17.794327
0.44111,1.922509,17.320387
0.44136,1.926781,16.845379
0.44161,1.930934,16.369331
0.44186,1.934967,15.892273
0.442111,1.938882,15.414234
0.442361,1.942676,14.935244
0.442611,1.946351,14.455332
0.442861,1.949906,13.974528
0.443111,1.95334,13.492861
0.443361,1.956654,13.010362
0.443611,1.959847,12.52706
0.443861,1.962919,12.042985
0.444111,1.96587,11.558166
0.444361,1.968699,11.072634
0.444611,1.971407,10.586419
0.444861,1.973994,10.09955
0.445111,1.976458,9.612058
0.445361,1.978801,9.123973
0.445611,1.981021,8.635325
0.445861,1.98312,8.146144
0.446112,1.985095,7.65646
0.446362,1.986949,7.166304
0.446612,1.98868,6.675705
0.446862,1.990287,6.184694
0.447112,1.991773,5.693302
0.447362,1.993135,5.201558
0.447612,1.994374,4.709494
0.447862,1.99549,4.217138
0.448112,1.996483,3.724523
0.448362,1.997353,3.231677
0.448612,1.998099,2.738632
0.448862,1.998722,2.245418
0.449112,1.999222,1.752066
0.449362,1.999599,1.258605
0.449612,1.999852,0.765067
0.449862,1.999981,0.271481
0.450113,1.999988,-0.222121
0.450363,1.99987,-0.71571
0.450613,1.99963,-1.209254
0.450863,1.999265,-1.702724
0.451113,1.998778,-2.196089
0.451363,1.998167,-2.689318
0.451613,1.997433,-3.182381
0.451863,1.996576,-3.675248
0.452113,1.995595,-4.167888
0.452363,1.994491,-4.660271
0.452613,1.993264,-5.152366
0.452863,1.991914,-5.644143
0.453113,1.990442,-6.135572
0.453363,1.988846,-6.626622
0.453613,1.987127,-7.117263
0.453863,1.985286,-7.607465
0.454114,1.983323,-8.097198
0.454364,1.981237,-8.58643
0.454614,1.979029,-9.075133
0.454864,1.976698,-9.563276
0.455114,1.974246,-10.050829
0.455364,1.971671,-10.537761
0.455614,1.968976,-11.024043
0.455864,1.966158,-11.509644
0.456114,1.963219,-11.994536
0.456364,1.960159,-12.478687
0.456614,1.956979,-12.962067
0.456864,1.953677,-13.444648
0.457114,1.950255,-13.9264
0.457364,1.946712,-14.407291
0.457614,1.943049,-14.887294
0.457864,1.939267,-15.366377
0.458115,1.935364,-15.844513
0.458365,1.931342,-16.32167
0.458615,1.927201,-16.797821
0.458865,1.922941,-17.272934
0.459115,1.918563,-17.746982
0.459365,1.914066,-18.219934
0.459615,1.909451,-18.691762
0.459865,1.904718,-19.162436
0.460115,1.899867,-19.631928
0.460365,1.894899,-20.100208
0.460615,1.889815,-20.567247
0.460865,1.884613,-21.033018
0.461115,1.879296,-21.49749
0.461365,1.873862,-21.960635
0.461615,1.868313,-22.422425
0.461865,1.862648,-22.882832
0.462116,1.856869,-23.341826
0.462366,1.850974,-23.799379
0.462616,1.844966,-24.255464
0.462866,1.838844,-24.710052
0.463116,1.832608,-25.163115
0.463366,1.826259,-25.614624
0.463616,1.819798,-26.064554
0.463866,1.813224,-26.512874
0.464116,1.806538,-26.959558
0.464366,1.799741,-27.404578
0.464616,1.792832,-27.847908
0.464866,1.785813,-28.289518
0.465116,1.778684,-28.729382
0.465366,1.771445,-29.167474
0.465616,1.764097,-29.603765
0.465866,1.75664,-30.03823
0.466117,1.749074,-30.47084
0.466367,1.741401,-30.90157
0.466617,1.73362,-31.330393
0.466867,1.725732,-31.757282
0.467117,1.717737,-32.182212
0.467367,1.709637,-32.605155
0.467617,1.701431,-33.026086
0.467867,1.69312,-33.444979
0.468117,1.684704,-33.861808
0.468367,1.676185,-34.276547
0.468617,1.667562,-34.68917
0.468867,1.658836,-35.099653
0.469117,1.650008,-35.507969
0.469367,1.641078,-35.914094
0.469617,1.632047,-36.318003
0.469867,1.622915,-36.71967
0.470118,1.613682,-37.119071
0.470368,1.604351,-37.516182
0.470618,1.59492,-37.910976
0.470868,1.585391,-38.303432
0.471118,1.575764,-38.693523
0.471368,1.566039,-39.081226
0.471618,1.556218,-39.466518
0.471868,1.546301,-39.849373
0.472118,1.536289,-40.22977
0.472368,1.526181,-40.607683
0.472618,1.51598,-40.983091
0.472868,1.505685,-41.355969
0.473118,1.495297,-41.726295
0.473368,1.484817,-42.094045
0.473618,1.474245,-42.459198
0.473868,1.463582,-42.82173
0.474119,1.452829,-43.18162
0.474369,1.441986,-43.538845
0.474619,1.431054,-43.893382
0.474869,1.420034,-44.245211
0.475119,1.408926,-44.594309
0.475369,1.397732,-44.940655
0.475619,1.386451,-45.284228
0.475869,1.375084,-45.625005
0.476119,1.363633,-45.962967
0.476369,1.352097,-46.298092
0.476619,1.340478,-46.63036
0.476869,1.328776,-46.95975
0.477119,1.316993,-47.286242
0.477369,1.305128,-47.609816
0.477619,1.293182,-47.930452
0.477869,1.281157,-48.248129
0.47812,1.269052,-48.562829
0.47837,1.256869,-48.874531
0.47862,1.244609,-49.183218
0.47887,1.232272,-49.488868
0.47912,1.219859,-49.791465
0.47937,1.20737,-50.090989
0.47962,1.194807,-50.387421
0.47987,1.18217,-50.680744
0.48012,1.169461,-50.970939
0.48037,1.156679,-51.257988
0.48062,1.143826,-51.541874
0.48087,1.130902,-51.822579
0.48112,1.117908,-52.100086
0.48137,1.104846,-52.374377
0.48162,1.091715,-52.645436
0.48187,1.078516,-52.913246
0.482121,1.065252,-53.17779
0.482371,1.051921,-53.439052
0.482621,1.038526,-53.697017
0.482871,1.025066,-53.951667
0.483121,1.011543,-54.202988
0.483371,0.997958,-54.450963
0.483621,0.984311,-54.695579
0.483871,0.970604,-54.936818
0.484121,0.956836,-55.174667
0.484371,0.94301,-55.409111
0.484621,0.929125,-55.640136
0.484871,0.915183,-55.867726
0.485121,0.901185,-56.091869
0.485371,0.887131,-56.31255
0.485621,0.873022,-56.529755
0.485871,0.858859,-56.743472
0.486122,0.844643,-56.953687
0.486372,0.830375,-57.160386
0.486622,0.816056,-57.363559
0.486872,0.801687,-57.563191
0.487122,0.787268,-57.75927
0.487372,0.7728,-57.951785
0.487622,0.758285,-58.140723
0.487872,0.743723,-58.326073
0.488122,0.729115,-58.507823
0.488372,0.714462,-58.685963
0.488622,0.699765,-58.860481
0.488872,0.685024,-59.031366
0.489122,0.670242,-59.198608
0.489372,0.655418,-59.362196
0.489622,0.640554,-59.522121
0.489872,0.62565,-59.678373
0.490123,0.610707,-59.830941
0.490373,0.595727,-59.979817
0.490623,0.58071,-60.124991
0.490873,0.565658,-60.266455
0.491123,0.55057,-60.404199
0.491373,0.535448,-60.538215
0.491623,0.520293,-60.668495
0.491873,0.505107,-60.795031
0.492123,0.489889,-60.917815
0.492373,0.47464,-61.03684
0.492623,0.459363,-61.152097
0.492873,0.444057,-61.26358
0.493123,0.428724,-61.371283
0.493373,0.413364,-61.475198
0.493623,0.397979,-61.575319
0.493873,0.382569,-61.67164
0.494124,0.367136,-61.764154
0.494374,0.35168,-61.852857
0.494624,0.336202,-61.937743
0.494874,0.320703,-62.018806
0.495124,0.305185,-62.096042
0.495374,0.289648,-62.169445
0.495624,0.274093,-62.239011
0.495874,0.258521,-62.304737
0.496124,0.242933,-62.366617
0.496374,0.22733,-62.424648
0.496624,0.211713,-62.478827
0.496874,0.196083,-62.529149
0.497124,0.180441,-62.575613
0.497374,0.164788,-62.618215
0.497624,0.149124,-62.656952
0.497874,0.133452,-62.691822
0.498125,0.117771,-62.722824
0.498375,0.102083,-62.749954
0.498625,0.086389,-62.773212
0.498875,0.070689,-62.792595
0.499125,0.054985,-62.808104
0.499375,0.039277,-62.819736
0.499625,0.023567,-62.827491
0.499875,0.007856,-62.831368
0.500125,-0.007856,-62.831368
0.500375,-0.023567,-62.827491
0.500625,-0.039277,-62.819736
0.500875,-0.054985,-62.808104
0.501125,-0.070689,-62.792595
0.501375,-0.086389,-62.773212
0.501625,-0.102083,-62.749954
0.501875,-0.117771,-62.722824
0.502126,-0.133452,-62.691822
0.502376,-0.149124,-62.656952
0.502626,-0.164788,-62.618215
0.502876,-0.180441,-62.575613
0.503126,-0.196083,-62.529149
0.503376,-0.211713,-62.478827
0.503626,-0.22733,-62.424648
0.503876,-0.242933,-62.366617
0.504126,-0.258521,-62.304737
0.504376,-0.274093,-62.239011
0.504626,-0.289648,-62.169445
0.504876,-0.305185,-62.096042
0.505126,-0.320703,-62.018806
0.505376,-0.336202,-61.937743
0.505626,-0.35168,-61.852857
0.505876,-0.367136,-61.764154
0.506127,-0.382569,-61.67164
0.506377,-0.397979,-61.575319
0.506627,-0.413364,-61.475198
0.506877,-0.428724,-61.371283
0.507127,-0.444057,-61.26358
0.507377,-0.459363,-61.152097
0.507627,-0.47464,-61.03684
0.507877,-0.489889,-60.917815
0.508127,-0.505107,-60.795031
0.508377,-0.520293,-60.668495
0.508627,-0.535448,-60.538215
0.508877,-0.55057,-60.404199
0.509127,-0.565658,-60.266455
0.509377,-0.58071,-60.124991
0.509627,-0.595727,-59.979817
0.509877,-0.610707,-59.830941
0.510128,-0.62565,-59.678373
0.510378,-0.640554,-59.522121
0.510628,-0.655418,-59.362196
0.510878,-0.670242,-59.198608
0.511128,-0.685024,-59.031366
0.511378,-0.699765,-58.860481
0.511628,-0.714462,-58.685963
0.511878,-0.729115,-58.507823
0.512128,-0.743723,-58.326073
0.512378,-0.758285,-58.140723
0.512628,-0.7728,-57.951785
0.512878,-0.787268,-57.75927
0.513128,-0.801687,-57.563191
0.513378,-0.816056,-57.363559
0.513628,-0.830375,-57.160386
0.513878,-0.844643,-56.953687
0.514129,-0.858859,-56.743472
0.514379,-0.873022,-56.529755
0.514629,-0.887131,-56.31255
0.514879,-0.901185,-56.091869
0.515129,-0.915183,-55.867726
0.515379,-0.929125,-55.640136
0.515629,-0.94301,-55.409111
0.515879,-0.956836,-55.174667
0.516129,-0.970604,-54.936818
0.516379,-0.984311,-54.695579
0.516629,-0.997958,-54.450963
0.516879,-1.011543,-54.202988
0.517129,-1.025066,-53.951667
0.517379,-1.038526,-53.697017
0.517629,-1.051921,-53.439052
0.517879,-1.065252,-53.17779
0.51813,-1.078516,-52.913246
0.51838,-1.091715,-52.645436
0.51863,-1.104846,-52.374377
0.51888,-1.117908,-52.100086
0.51913,-1.130902,-51.822579
0.51938,-1.143826,-51.541874
0.51963,-1.156679,-51.257988
0.51988,-1.169461,-50.970939
0.52013,-1.18217,-50.680744
0.52038,-1.194807,-50.387421
0.52063,-1.20737,-50.090989
0.52088,-1.219859,-49.791465
0.52113,-1.232272,-49.488868
0.52138,-1.244609,-49.183218
0.52163,-1.256869,-48.874531
0.52188,-1.269052,-48.562829
0.522131,-1.281157,-48.248129
0.522381,-1.293182,-47.930452
0.522631,-1.305128,-47.609816
0.522881,-1.316993,-47.286242
0.523131,-1.328776,-46.95975
0.523381,-1.340478,-46.63036
0.523631,-1.352097,-46.298092
0.523881,-1.363633,-45.962967
0.524131,-1.375084,-45.625005
0.524381,-1.386451,-45.284228
0.524631,-1.397732,-44.940655
0.524881,-1.408926,-44.594309
0.525131,-1.420034,-44.245211
0.525381,-1.431054,-43.893382
0.525631,-1.441986,-43.538845
0.525881,-1.452829,-43.18162
0.526132,-1.463582,-42.82173
0.526382,-1.474245,-42.459198
0.526632,-1.484817,-42.094045
0.526882,-1.495297,-41.726295
0.527132,-1.505685,-41.355969
0.527382,-1.51598,-40.983091
0.527632,-1.526181,-40.607683
0.527882,-1.536289,-40.22977
0.528132,-1.546301,-39.849373
0.528382,-1.556218,-39.466518
0.528632,-1.566039,-39.081226
0.528882,-1.575764,-38.693523
0.529132,-1.585391,-38.303432
0.529382,-1.59492,-37.910976
0.529632,-1.604351,-37.516182
0.529882,-1.613682,-37.119071
0.530133,-1.622915,-36.71967
0.530383,-1.632047,-36.318003
0.530633,-1.641078,-35.914094
0.530883,-1.650008,-35.507969
0.531133,-1.658836,-35.099653
0.531383,-1.667562,-34.68917
0.531633,-1.676185,-34.276547
0.531883,-1.684704,-33.861808
0.532133,-1.69312,-33.444979
0.532383,-1.701431,-33.026086
0.532633,-1.709637,-32.605155
0.532883,-1.717737,-32.182212
0.533133,-1.725732,-31.757282
0.533383,-1.73362,-31.330393
0.533633,-1.741401,-30.90157
0.533883,-1.749074,-30.47084
0.534134,-1.75664,-30.03823
0.534384,-1.764097,-29.603765
0.534634,-1.771445,-29.167474
0.534884,-1.778684,-28.729382
0.535134,-1.785813,-28.289518
0.535384,-1.792832,-27.847908
0.535634,-1.799741,-27.404578
0.535884,-1.806538,-26.959558
0.536134,-1.813224,-26.512874
0.536384,-1.819798,-26.064554
0.536634,-1.826259,-25.614624
0.536884,-1.832608,-25.163115
0.537134,-1.838844,-24.710052
0.537384,-1.844966,-24.255464
0.537634,-1.850974,-23.799379
0.537884,-1.856869,-23.341826
0.538135,-1.862648,-22.882832
0.538385,-1.868313,-22.422425
0.538635,-1.873862,-21.960635
0.538885,-1.879296,-21.49749
0.539135,-1.884613,-21.033018
0.539385,-1.889815,-20.567247
0.539635,-1.894899,-20.100208
0.539885,-1.899867,-19.631928
0.540135,-1.904718,-19.162436
0.540385,-1.909451,-18.691762
0.540635,-1.914066,-18.219934
0.540885,-1.918563,-17.746982
0.541135,-1.922941,-17.272934
0.541385,-1.927201,-16.797821
0.541635,-1.931342,-16.32167
0.541885,-1.935364,-15.844513
0.542136,-1.939267,-15.366377
0.542386,-1.943049,-14.887294
0.542636,-1.946712,-14.407291
0.542886,-1.950255,-13.9264
0.543136,-1.953677,-13.444648
0.543386,-1.956979,-12.962067
0.543636,-1.960159,-12.478687
0.543886,-1.963219,-11.994536
0.544136,-1.966158,-11.509644
0.544386,-1.968976,-11.024043
0.544636,-1.971671,-10.537761
0.544886,-1.974246,-10.050829
0.545136,-1.976698,-9.563276
0.545386,-1.979029,-9.075133
0.545636,-1.981237,-8.58643
0.545886,-1.983323,-8.097198
0.546137,-1.985286,-7.607465
0.546387,-1.987127,-7.117263
0.546637,-1.988846,-6.626622
0.546887,-1.990442,-6.135572
0.547137,-1.991914,-5.644143
0.547387,-1.993264,-5.152366
0.547637,-1.994491,-4.660271
0.547887,-1.995595,-4.167888
0.548137,-1.996576,-3.675248
0.548387,-1.997433,-3.182381
0.548637,-1.998167,-2.689318
0.548887,-1.998778,-2.196089
0.549137,-1.999265,-1.702724
0.549387,-1.99963,-1.209254
0.549637,-1.99987,-0.71571
0.549887,-1.999988,-0.222121
0.550138,-1.999981,0.271481
0.550388,-1.999852,0.765067
0.550638,-1.999599,1.258605
0.550888,-1.999222,1.752066
0.551138,-1.998722,2.245418
0.551388,-1.998099,2.738632
0.551638,-1.997353,3.231677
0.551888,-1.996483,3.724523
0.552138,-1.99549,4.217138
0.552388,-1.994374,4.709494
0.552638,-1.993135,5.201558
0.552888,-1.991773,5.693302
0.553138,-1.990287,6.184694
0.553388,-1.98868,6.675705
0.553638,-1.986949,7.166304
0.553888,-1.985095,7.65646
0.554139,-1.98312,8.146144
0.554389,-1.981021,8.635325
0.554639,-1.978801,9.123973
0.554889,-1.976458,9.612058
0.555139,-1.973994,10.09955
0.555389,-1.971407,10.586419
0.555639,-1.968699,11.072634
0.555889,-1.96587,11.558166
0.556139,-1.962919,12.042985
0.556389,-1.959847,12.52706
0.556639,-1.956654,13.010362
0.556889,-1.95334,13.492861
0.557139,-1.949906,13.974528
0.557389,-1.946351,14.455332
0.557639,-1.942676,14.935244
0.557889,-1.938882,15.414234
0.55814,-1.934967,15.892273
0.55839,-1.930934,16.369331
0.55864,-1.926781,16.845379
0.55889,-1.922509,17.320387
0.55914,-1.918118,17.794327
0.55939,-1.91361,18.267168
0.55964,-1.908983,18.738882
0.55989,-1.904238,19.209439
0.56014,-1.899376,19.678811
0.56039,-1.894396,20.146968
0.56064,-1.8893,20.613882
0.56089,-1.884087,21.079524
0.56114,-1.878758,21.543865
0.56139,-1.873312,22.006876
0.56164,-1.867751,22.468529
0.56189,-1.862075,22.928795
0.562141,-1.856284,23.387646
0.562391,-1.850379,23.845054
0.562641,-1.844359,24.300991
0.562891,-1.838225,24.755427
0.563141,-1.831978,25.208336
0.563391,-1.825618,25.659689
0.563641,-1.819145,26.109458
0.563891,-1.81256,26.557616
0.564141,-1.805863,27.004135
0.564391,-1.799055,27.448988
0.564641,-1.792136,27.892146
0.564891,-1.785106,28.333583
0.565141,-1.777965,28.773272
0.565391,-1.770715,29.211185
0.565641,-1.763356,29.647294
0.565891,-1.755888,30.081575
0.566142,-1.748312,30.513998
0.566392,-1.740628,30.944539
0.566642,-1.732836,31.37317
0.566892,-1.724937,31.799864
0.567142,-1.716932,32.224596
0.567392,-1.708821,32.647339
0.567642,-1.700605,33.068068
0.567892,-1.692283,33.486755
0.568142,-1.683857,33.903376
0.568392,-1.675327,34.317905
0.568642,-1.666694,34.730315
0.568892,-1.657958,35.140582
0.569142,-1.64912,35.548681
0.569392,-1.640179,35.954585
0.569642,-1.631138,36.358271
0.569892,-1.621996,36.759713
0.570143,-1.612754,37.158886
0.570393,-1.603412,37.555766
0.570643,-1.593971,37.950328
0.570893,-1.584432,38.342548
0.571143,-1.574795,38.732401
0.571393,-1.565061,39.119864
0.571643,-1.555231,39.504913
0.571893,-1.545304,39.887524
0.572143,-1.535282,40.267673
0.572393,-1.525166,40.645337
0.572643,-1.514955,41.020493
0.572893,-1.50465,41.393117
0.573143,-1.494253,41.763186
0.573393,-1.483764,42.130678
0.573643,-1.473183,42.495569
0.573893,-1.462511,42.857839
0.574144,-1.451749,43.217463
0.574394,-1.440897,43.57442
0.574644,-1.429956,43.928687
0.574894,-1.418927,44.280244
0.575144,-1.407811,44.629068
0.575394,-1.396608,44.975137
0.575644,-1.385318,45.318431
0.575894,-1.373943,45.658928
0.576144,-1.362483,45.996608
0.576394,-1.350939,46.331448
0.576644,-1.339312,46.663429
0.576894,-1.327602,46.99253
0.577144,-1.31581,47.318731
0.577394,-1.303937,47.642012
0.577644,-1.291983,47.962353
0.577894,-1.27995,48.279733
0.578145,-1.267837,48.594134
0.578395,-1.255647,48.905536
0.578645,-1.243379,49.21392
0.578895,-1.231034,49.519266
0.579145,-1.218613,49.821556
0.579395,-1.206117,50.120772
0.579645,-1.193547,50.416894
0.579895,-1.180903,50.709905
0.580145,-1.168186,50.999786
0.580395,-1.155397,51.286519
0.580645,-1.142536,51.570088
0.580895,-1.129606,51.850474
0.581145,-1.116605,52.12766
0.581395,-1.103535,52.401628
0.581645,-1.090398,52.672363
0.581895,-1.077193,52.939847
0.582146,-1.063922,53.204064
0.582396,-1.050585,53.464997
0.582646,-1.037183,53.722631
0.582896,-1.023717,53.976949
0.583146,-1.010188,54.227936
0.583396,-0.996596,54.475576
0.583646,-0.982943,54.719855
0.583896,-0.96923,54.960756
0.584146,-0.955456,55.198265
0.584396,-0.941624,55.432368
0.584646,-0.927734,55.663049
0.584896,-0.913786,55.890296
0.585146,-0.899782,56.114093
0.585396,-0.885722,56.334427
0.585646,-0.871608,56.551284
0.585896,-0.85744,56.764651
0.586147,-0.843219,56.974515
0.586397,-0.828946,57.180863
0.586647,-0.814621,57.383681
0.586897,-0.800247,57.582959
0.587147,-0.785823,57.778682
0.587397,-0.771351,57.97084
0.587647,-0.756831,58.15942
0.587897,-0.742264,58.34441
0.588147,-0.727651,58.5258
0.588397,-0.712994,58.703578
0.588647,-0.698293,58.877733
0.588897,-0.683548,59.048254
0.589147,-0.668761,59.215131
0.589397,-0.653933,59.378354
0.589647,-0.639065,59.537912
0.589897,-0.624157,59.693795
0.590148,-0.609211,59.845995
0.590398,-0.594227,59.994501
0.590648,-0.579207,60.139305
0.590898,-0.56415,60.280397
0.591148,-0.549059,60.417768
0.591398,-0.533934,60.551411
0.591648,-0.518776,60.681318
0.591898,-0.503586,60.807479
0.592148,-0.488365,60.929887
0.592398,-0.473114,61.048535
0.592648,-0.457834,61.163415
0.592898,-0.442525,61.274521
0.593148,-0.427189,61.381845
0.593398,-0.411827,61.485381
0.593648,-0.396439,61.585122
0.593898,-0.381027,61.681063
0.594149,-0.365591,61.773196
0.594399,-0.350133,61.861518
0.594649,-0.334653,61.946021
0.594899,-0.319152,62.026702
0.595149,-0.303632,62.103554
0.595399,-0.288093,62.176574
0.595649,-0.272536,62.245757
0.595899,-0.256963,62.311098
0.596149,-0.241373,62.372593
0.596399,-0.225769,62.430239
0.596649,-0.210151,62.484032
0.596899,-0.194519,62.533969
0.597149,-0.178876,62.580047
0.597399,-0.163222,62.622262
0.597649,-0.147558,62.660613
0.597899,-0.131884,62.695097
0.59815,-0.116203,62.725711
0.5984,-0.100514,62.752454
0.59865,-0.084819,62.775324
0.5989,-0.069119,62.79432
0.59915,-0.053414,62.809441
0.5994,-0.037706,62.820686
0.59965,-0.021996,62.828053
0.5999,-0.006285,62.831543
0.60015,0.009427,62.831155
0.6004,0.025138,62.82689
0.60065,0.040848,62.818747
0.6009,0.056555,62.806727
0.60115,0.072259,62.790831
0.6014,0.087958,62.77106
0.60165,0.103652,62.747415
0.6019,0.119339,62.719898
0.602151,0.135019,62.688509
0.602401,0.150691,62.653252
0.602651,0.166354,62.614128
0.602901,0.182006,62.57114
0.603151,0.197647,62.524291
0.603401,0.213275,62.473582
0.603651,0.228891,62.419018
0.603901,0.244492,62.360602
0.604151,0.260079,62.298337
0.604401,0.275649,62.232227
0.604651,0.291202,62.162277
0.604901,0.306738,62.08849
0.605151,0.322254,62.010872
0.605401,0.337751,61.929426
0.605651,0.353226,61.844159
0.605901,0.36868,61.755074
0.606152,0.384111,61.662179
0.606402,0.399518,61.565478
0.606652,0.414901,61.464977
0.606902,0.430258,61.360683
0.607152,0.445589,61.252602
0.607402,0.460892,61.140741
0.607652,0.476167,61.025107
0.607902,0.491412,60.905706
0.608152,0.506627,60.782546
0.608402,0.52181,60.655636
0.608652,0.536962,60.524982
0.608902,0.55208,60.390592
0.609152,0.567164,60.252476
0.609402,0.582214,60.110641
0.609652,0.597227,59.965096
0.609902,0.612203,59.81585
0.610153,0.627142,59.662913
0.610403,0.642042,59.506294
0.610653,0.656902,59.346002
0.610903,0.671722,59.182048
0.611153,0.6865,59.014441
0.611403,0.701236,58.843192
0.611653,0.715929,58.668312
0.611903,0.730578,58.489811
0.612153,0.745181,58.3077
0.612403,0.759738,58.12199
0.612653,0.774249,57.932694
0.612903,0.788712,57.739822
0.613153,0.803126,57.543387
0.613403,0.81749,57.3434
0.613653,0.831804,57.139875
0.613903,0.846067,56.932823
0.614154,0.860278,56.722257
0.614404,0.874435,56.508191
0.614654,0.888538,56.290638
0.614904,0.902587,56.06961
0.615154,0.91658,55.845122
0.615404,0.930516,55.617187
0.615654,0.944395,55.38582
0.615904,0.958216,55.151035
0.616154,0.971977,54.912846
0.616404,0.985679,54.671269
0.616654,0.99932,54.426317
0.616904,1.012899,54.178006
0.617154,1.026415,53.926352
0.617404,1.039868,53.671369
0.617654,1.053257,53.413074
0.617904,1.066581,53.151483
0.618155,1.079839,52.886611
0.618405,1.093031,52.618476
0.618655,1.106155,52.347093
0.618905,1.119211,52.072479
0.619155,1.132197,51.794652
0.619405,1.145114,51.513628
0.619655,1.15796,51.229425
0.619905,1.170735,50.942061
0.620155,1.183437,50.651552
0.620405,1.196067,50.357918
0.620655,1.208622,50.061175
0.620905,1.221103,49.761343
0.621155,1.233509,49.458441
0.621405,1.245839,49.152485
0.621655,1.258091,48.843496
0.621905,1.270266,48.531493
0.622156,1.282363,48.216495
0.622406,1.29438,47.898521
0.622656,1.306318,47.577591
0.622906,1.318175,47.253724
0.623156,1.32995,46.926941
0.623406,1.341644,46.597263
0.623656,1.353255,46.264708
0.623906,1.364782,45.929298
0.624156,1.376225,45.591054
0.624406,1.387583,45.249996
0.624656,1.398855,44.906145
0.624906,1.410041,44.559523
0.625156,1.42114,44.210151
0.625406,1.432152,43.85805
0.625656,1.443075,43.503243
0.625906,1.453908,43.145751
0.626157,1.464653,42.785596
0.626407,1.475306,42.4228
0.626657,1.485869,42.057387
0.626907,1.49634,41.689377
0.627157,1.506719,41.318795
0.627407,1.517004,40.945663
0.627657,1.527196,40.570004
0.627907,1.537294,40.191841
0.628157,1.547297,39.811198
0.628407,1.557205,39.428098
0.628657,1.567016,39.042564
0.628907,1.576731,38.654621
0.629157,1.586348,38.264292
0.629407,1.595867,37.871602
0.629657,1.605288,37.476574
0.629907,1.61461,37.079234
0.630158,1.623832,36.679605
0.630408,1.632954,36.277713
0.630658,1.641976,35.873581
0.630908,1.650895,35.467236
0.631158,1.659713,35.058702
0.631408,1.668429,34.648004
0.631658,1.677042,34.235168
0.631908,1.685551,33.820218
0.632158,1.693956,33.403182
0.632408,1.702256,32.984084
0.632658,1.710452,32.562951
0.632908,1.718542,32.139808
0.633158,1.726525,31.714681
0.633408,1.734403,31.287597
0.633658,1.742173,30.858583
0.633908,1.749836,30.427663
0.634159,1.757391,29.994866
0.634409,1.764837,29.560218
0.634659,1.772174,29.123745
0.634909,1.779402,28.685475
0.635159,1.78652,28.245435
0.635409,1.793528,27.803652
0.635659,1.800426,27.360152
0.635909,1.807212,26.914964
0.636159,1.813886,26.468115
0.636409,1.820449,26.019633
0.636659,1.826899,25.569544
0.636909,1.833237,25.117878
0.637159,1.839461,24.664661
0.637409,1.845572,24.209922
0.637659,1.851569,23.75369
0.637909,1.857452,23.295991
0.63816,1.86322,22.836854
0.63841,1.868873,22.376308
0.63866,1.874411,21.914381
0.63891,1.879833,21.451102
0.63916,1.885139,20.986499
0.63941,1.890328,20.5206
0.63966,1.895401,20.053435
0.63991,1.900358,19.585033
0.64016,1.905196,19.115421
0.64041,1.909918,18.644631
0.64066,1.914521,18.172689
0.64091,1.919006,17.699626
0.64116,1.923373,17.22547
0.64141,1.927621,16.750252
0.64166,1.93175,16.274
0.64191,1.93576,15.796743
0.642161,1.93965,15.318511
0.642411,1.943421,14.839334
0.642661,1.947072,14.359242
0.642911,1.950602,13.878263
0.643161,1.954012,13.396427
0.643411,1.957302,12.913765
0.643661,1.960471,12.430306
0.643911,1.963519,11.946079
0.644161,1.966445,11.461116
0.644411,1.969251,10.975445
0.644661,1.971934,10.489096
0.644911,1.974496,10.002101
0.645161,1.976937,9.514488
0.645411,1.979255,9.026288
0.645661,1.981451,8.537531
0.645911,1.983525,8.048246
0.646162,1.985476,7.558466
0.646412,1.987305,7.068218
0.646662,1.989011,6.577535
0.646912,1.990594,6.086446
0.647162,1.992055,5.59498
0.647412,1.993392,5.10317
0.647662,1.994607,4.611045
0.647912,1.995699,4.118635
0.648162,1.996667,3.625971
0.648412,1.997512,3.133083
0.648662,1.998234,2.640002
0.648912,1.998832,2.146758
0.649162,1.999307,1.653381
0.649412,1.999659,1.159903
0.649662,1.999888,0.666352
0.649912,1.999992,0.172761
0.650163,1.999974,-0.320841
0.650413,1.999832,-0.814423
0.650663,1.999567,-1.307955
0.650913,1.999178,-1.801406
0.651163,1.998666,-2.294746
0.651413,1.99803,-2.787945
0.651663,1.997271,-3.280971
0.651913,1.996389,-3.773795
0.652163,1.995384,-4.266386
0.652413,1.994256,-4.758714
0.652663,1.993004,-5.250748
0.652913,1.99163,-5.742458
0.653163,1.990132,-6.233813
0.653413,1.988512,-6.724784
0.653663,1.986769,-7.21534
0.653913,1.984903,-7.70545
0.654164,1.982915,-8.195085
0.654414,1.980805,-8.684214
0.654664,1.978572,-9.172808
0.654914,1.976217,-9.660835
0.655164,1.973741,-10.148266
0.655414,1.971142,-10.63507
0.655664,1.968422,-11.121219
0.655914,1.96558,-11.60668
0.656164,1.962617,-12.091426
0.656414,1.959533,-12.575425
0.656664,1.956328,-13.058649
0.656914,1.953002,-13.541066
0.657164,1.949556,-14.022648
0.657414,1.945989,-14.503364
0.657664,1.942302,-14.983185
0.657914,1.938496,-15.462081
0.658165,1.934569,-15.940024
0.658415,1.930524,-16.416982
0.658665,1.926359,-16.892927
0.658915,1.922075,-17.36783
0.659165,1.917673,-17.841661
0.659415,1.913152,-18.314391
0.659665,1.908514,-18.78599
0.659915,1.903757,-19.25643
0.660165,1.898883,-19.725682
0.660415,1.893892,-20.193716
0.660665,1.888784,-20.660504
0.660915,1.883559,-21.126017
0.661165,1.878218,-21.590226
0.661415,1.872761,-22.053103
0.661665,1.867189,-22.514618
0.661915,1.861501,-22.974744
0.662166,1.855699,-23.433453
0.662416,1.849782,-23.890715
0.662666,1.843751,-24.346502
0.662916,1.837606,-24.800787
0.663166,1.831347,-25.253542
0.663416,1.824976,-25.704738
0.663666,1.818492,-26.154347
0.663916,1.811896,-26.602343
0.664166,1.805187,-27.048696
0.664416,1.798368,-27.49338
0.664666,1.791437,-27.936368
0.664916,1.784396,-28.377631
0.665166,1.777245,-28.817143
0.665416,1.769984,-29.254877
0.665666,1.762614,-29.690805
0.665916,1.755135,-30.124901
0.666167,1.747548,-30.557138
0.666417,1.739853,-30.987488
0.666667,1.732051,-31.415927
0.666917,1.724141,-31.842426
0.667167,1.716126,-32.26696
0.667417,1.708004,-32.689503
0.667667,1.699777,-33.110029
0.667917,1.691445,-33.528511
0.668167,1.683009,-33.944923
0.668417,1.674469,-34.359241
0.668667,1.665825,-34.771439
0.668917,1.657079,-35.18149
0.669167,1.64823,-35.58937
0.669417,1.63928,-35.995054
0.669667,1.630228,-36.398517
0.669917,1.621076,-36.799733
0.670168,1.611824,-37.198677
0.670418,1.602472,-37.595327
0.670668,1.593022,-37.989655
0.670918,1.583473,-38.38164
0.671168,1.573826,-38.771255
0.671418,1.564083,-39.158478
0.671668,1.554242,-39.543284
0.671918,1.544306,-39.92565
0.672168,1.534275,-40.305552
0.672418,1.524149,-40.682966
0.672668,1.513929,-41.057869
0.672918,1.503615,-41.430239
0.673168,1.493208,-41.800051
0.673418,1.48271,-42.167284
0.673668,1.47212,-42.531915
0.673918,1.461439,-42.89392
0.674169,1.450668,-43.253279
0.674419,1.439807,-43.609968
0.674669,1.428857,-43.963965
0.674919,1.41782,-44.31525
0.675169,1.406694,-44.663799
0.675419,1.395482,-45.009592
0.675669,1.384184,-45.352607
0.675919,1.372801,-45.692823
0.676169,1.361332,-46.03022
0.676419,1.34978,-46.364775
0.676669,1.338144,-46.696469
0.676919,1.326426,-47.025281
0.677169,1.314626,-47.351191
0.677419,1.302745,-47.674179
0.677669,1.290783,-47.994224
0.677919,1.278742,-48.311308
0.67817,1.266622,-48.62541
0.67842,1.254424,-48.93651
0.67867,1.242148,-49.244591
0.67892,1.229795,-49.549633
0.67917,1.217367,-49.851616
0.67942,1.204864,-50.150523
0.67967,1.192286,-50.446335
0.67992,1.179634,-50.739034
0.68017,1.16691,-51.028601
0.68042,1.154114,-51.315019
0.68067,1.141247,-51.59827
0.68092,1.128309,-51.878337
0.68117,1.115301,-52.155202
0.68142,1.102225,-52.428848
0.68167,1.08908,-52.699258
0.68192,1.075869,-52.966416
0.682171,1.062591,-53.230305
0.682421,1.049247,-53.490909
0.682671,1.035839,-53.748212
0.682921,1.022367,-54.002198
0.683171,1.008831,-54.252851
0.683421,0.995234,-54.500156
0.683671,0.981575,-54.744097
0.683921,0.967855,-54.98466
0.684171,0.954076,-55.221829
0.684421,0.940238,-55.45559
0.684671,0.926341,-55.685929
0.684921,0.912388,-55.912831
0.685171,0.898378,-56.136282
0.685421,0.884313,-56.356269
0.685671,0.870193,-56.572778
0.685921,0.85602,-56.785795
0.686172,0.841794,-56.995308
0.686422,0.827515,-57.201303
0.686672,0.813186,-57.403769
0.686922,0.798807,-57.602691
0.687172,0.784378,-57.798058
0.687422,0.769901,-57.989859
0.687672,0.755376,-58.17808
0.687922,0.740805,-58.362711
0.688172,0.726188,-58.54374
0.688422,0.711526,-58.721157
0.688672,0.69682,-58.894949
0.688922,0.682071,-59.065106
0.689172,0.66728,-59.231618
0.689422,0.652448,-59.394475
0.689672,0.637576,-59.553666
0.689922,0.622664,-59.709181
0.690173,0.607714,-59.861012
0.690423,0.592727,-60.009148
0.690673,0.577703,-60.153581
0.690923,0.562643,-60.294301
0.691173,0.547548,-60.431301
0.691423,0.53242,-60.56457
0.691673,0.517259,-60.694102
0.691923,0.502066,-60.819888
0.692173,0.486841,-60.941921
0.692423,0.471587,-61.060193
0.692673,0.456304,-61.174696
0.692923,0.440993,-61.285424
0.693173,0.425654,-61.392369
0.693423,0.410289,-61.495526
0.693673,0.394899,-61.594887
0.693923,0.379484,-61.690447
0.694174,0.364046,-61.7822
0.694424,0.348586,-61.87014
0.694674,0.333104,-61.954262
0.694924,0.317601,-62.03456
0.695174,0.302079,-62.111029
0.695424,0.286538,-62.183665
0.695674,0.27098,-62.252464
0.695924,0.255404,-62.31742
0.696174,0.239814,-62.378531
0.696424,0.224208,-62.435792
0.696674,0.208588,-62.4892
0.696924,0.192956,-62.538751
0.697174,0.177311,-62.584442
0.697424,0.161656,-62.626271
0.697674,0.145991,-62.664236
0.697924,0.130316,-62.698332
0.698175,0.114634,-62.728559
0.698425,0.098945,-62.754915
0.698675,0.083249,-62.777398
0.698925,0.067548,-62.796007
0.699175,0.051843,-62.81074
0.699425,0.036135,-62.821597
0.699675,0.020425,-62.828576
0.699925,0.004714,-62.831679
0.700175,-0.010998,-62.830903
0.700425,-0.026709,-62.82625
0.700675,-0.042419,-62.817719
0.700925,-0.058126,-62.805312
0.701175,-0.073829,-62.789028
0.701425,-0.089528,-62.76887
0.701675,-0.105221,-62.744838
0.701925,-0.120908,-62.716933
0.702176,-0.136587,-62.685158
0.702426,-0.152258,-62.649514
0.702676,-0.167919,-62.610003
0.702926,-0.18357,-62.566629
0.703176,-0.19921,-62.519393
0.703426,-0.214838,-62.468299
0.703676,-0.230452,-62.41335
0.703926,-0.246052,-62.354549
0.704176,-0.261637,-62.291899
0.704426,-0.277205,-62.225405
0.704676,-0.292757,-62.155071
0.704926,-0.30829,-62.080901
0.705176,-0.323805,-62.002899
0.705426,-0.339299,-61.921071
0.705676,-0.354773,-61.835422
0.705926,-0.370224,-61.745956
0.706177,-0.385653,-61.65268
0.706427,-0.401058,-61.555599
0.706677,-0.416438,-61.454718
0.706927,-0.431793,-61.350045
0.707177,-0.44712,-61.241586
0.707427,-0.462421,-61.129347
0.707677,-0.477692,-61.013336
0.707927,-0.492935,-60.893559
0.708177,-0.508147,-60.770024
0.708427,-0.523327,-60.642739
0.708677,-0.538475,-60.511711
0.708927,-0.55359,-60.376948
0.709177,-0.568671,-60.238459
0.709427,-0.583717,-60.096253
0.709677,-0.598726,-59.950338
0.709927,-0.613699,-59.800722
0.710178,-0.628634,-59.647417
0.710428,-0.64353,-59.49043
0.710678,-0.658386,-59.329771
0.710928,-0.673202,-59.165451
0.711178,-0.687976,-58.99748
0.711428,-0.702708,-58.825867
0.711678,-0.717396,-58.650624
0.711928,-0.73204,-58.471762
0.712178,-0.746639,-58.289291
0.712428,-0.761192,-58.103222
0.712678,-0.775697,-57.913567
0.712928,-0.790155,-57.720339
0.713178,-0.804564,-57.523548
0.713428,-0.818924,-57.323207
0.713678,-0.833233,-57.119328
0.713928,-0.847491,-56.911924
0.714179,-0.861696,-56.701008
0.714429,-0.875848,-56.486593
0.714679,-0.889946,-56.268691
0.714929,-0.903989,-56.047317
0.715179,-0.917976,-55.822483
0.715429,-0.931907,-55.594205
0.715679,-0.94578,-55.362496
0.715929,-0.959595,-55.127369
0.716179,-0.97335,-54.888841
0.716429,-0.987046,-54.646925
0.716679,-1.00068,-54.401637
0.716929,-1.014253,-54.152991
0.717179,-1.027763,-53.901003
0.717429,-1.04121,-53.645688
0.717679,-1.054593,-53.387063
0.717929,-1.06791,-53.125143
0.71818,-1.081161,-52.859944
0.71843,-1.094346,-52.591483
0.71868,-1.107464,-52.319777
0.71893,-1.120512,-52.044841
0.71918,-1.133492,-51.766693
0.71943,-1.146402,-51.485351
0.71968,-1.159241,-51.200831
0.71993,-1.172009,-50.913151
0.72018,-1.184704,-50.622329
0.72043,-1.197326,-50.328383
0.72068,-1.209874,-50.031331
0.72093,-1.222347,-49.731191
0.72118,-1.234745,-49.427982
0.72143,-1.247067,-49.121722
0.72168,-1.259312,-48.812431
0.72193,-1.271479,-48.500128
0.722181,-1.283568,-48.184831
0.722431,-1.295578,-47.86656
0.722681,-1.307507,-47.545336
0.722931,-1.319356,-47.221177
0.723181,-1.331123,-46.894104
0.723431,-1.342809,-46.564136
0.723681,-1.354411,-46.231295
0.723931,-1.36593,-45.895601
0.724181,-1.377364,-45.557074
0.724431,-1.388714,-45.215736
0.724681,-1.399978,-44.871607
0.724931,-1.411155,-44.524709
0.725181,-1.422245,-44.175063
0.725431,-1.433248,-43.822691
0.725681,-1.444162,-43.467614
0.725931,-1.454987,-43.109855
0.726182,-1.465722,-42.749435
0.726432,-1.476367,-42.386376
0.726682,-1.48692,-42.020702
0.726932,-1.497382,-41.652435
0.727182,-1.507751,-41.281597
0.727432,-1.518028,-40.908211
0.727682,-1.528211,-40.5323
0.727932,-1.538299,-40.153888
0.728182,-1.548292,-39.772998
0.728432,-1.55819,-39.389653
0.728682,-1.567992,-39.003878
0.728932,-1.577697,-38.615695
0.729182,-1.587304,-38.225129
0.729432,-1.596814,-37.832204
0.729682,-1.606225,-37.436944
0.729932,-1.615537,-37.039374
0.730183,-1.624749,-36.639517
0.730433,-1.633861,-36.2374
0.730683,-1.642872,-35.833046
0.730933,-1.651782,-35.426481
0.731183,-1.66059,-35.017729
0.731433,-1.669295,-34.606816
0.731683,-1.677897,-34.193767
0.731933,-1.686396,-33.778608
0.732183,-1.69479,-33.361365
0.732433,-1.703081,-32.942062
0.732683,-1.711265,-32.520727
0.732933,-1.719345,-32.097384
0.733183,-1.727318,-31.672061
0.733433,-1.735185,-31.244782
0.733683,-1.742944,-30.815576
0.733933,-1.750596,-30.384468
0.734184,-1.75814,-29.951484
0.734434,-1.765575,-29.516652
0.734684,-1.772902,-29.079999
0.734934,-1.780119,-28.641551
0.735184,-1.787226,-28.201335
0.735434,-1.794223,-27.759378
0.735684,-1.801109,-27.315709
0.735934,-1.807884,-26.870354
0.736184,-1.814548,-26.42334
0.736434,-1.821099,-25.974695
0.736684,-1.827538,-25.524448
0.736934,-1.833864,-25.072625
0.737184,-1.840077,-24.619255
0.737434,-1.846177,-24.164366
0.737684,-1.852162,-23.707985
0.737934,-1.858034,-23.250141
0.738185,-1.86379,-22.790862
0.738435,-1.869432,-22.330177
0.738685,-1.874958,-21.868114
0.738935,-1.880368,-21.404701
0.739185,-1.885663,-20.939967
0.739435,-1.890841,-20.47394
0.739685,-1.895902,-20.00665
0.739935,-1.900847,-19.538125
0.740185,-1.905674,-19.068395
0.740435,-1.910383,-18.597488
0.740685,-1.914975,-18.125433
0.740935,-1.919448,-17.652259
0.741185,-1.923803,-17.177996
0.741435,-1.928039,-16.702673
0.741685,-1.932156,-16.226319
0.741935,-1.936154,-15.748963
0.742186,-1.940033,-15.270636
0.742436,-1.943791,-14.791366
0.742686,-1.94743,-14.311183
0.742936,-1.950949,-13.830117
0.743186,-1.954347,-13.348198
0.743436,-1.957624,-12.865454
0.743686,-1.960781,-12.381917
0.743936,-1.963817,-11.897616
0.744186,-1.966731,-11.41258
0.744436,-1.969524,-10.92684
0.744686,-1.972196,-10.440426
0.744936,-1.974746,-9.953367
0.745186,-1.977174,-9.465694
0.745436,-1.97948,-8.977437
0.745686,-1.981664,-8.488625
0.745936,-1.983725,-7.99929
0.746187,-1.985664,-7.509461
0.746437,-1.987481,-7.019169
0.746687,-1.989175,-6.528444
0.746937,-1.990746,-6.037315
0.747187,-1.992194,-5.545815
0.747437,-1.993519,-5.053971
0.747687,-1.994722,-4.561816
0.747937,-1.995801,-4.06938
0.748187,-1.996757,-3.576692
0.748437,-1.99759,-3.083783
0.748687,-1.998299,-2.590684
0.748937,-1.998885,-2.097426
0.749187,-1.999348,-1.604037
0.749437,-1.999688,-1.11055
0.749687,-1.999904,-0.616995
0.749937,-1.999996,-0.123401
0.750188,-1.999965,0.370201
0.750438,-1.999811,0.863779
0.750688,-1.999533,1.357304
0.750938,-1.999132,1.850746
0.751188,-1.998608,2.344073
0.751438,-1.99796,2.837256
0.751688,-1.997189,3.330263
0.751938,-1.996294,3.823065
0.752188,-1.995277,4.315631
0.752438,-1.994136,4.807931
0.752688,-1.992872,5.299934
0.752938,-1.991485,5.79161
0.753188,-1.989976,6.282928
0.753438,-1.988343,6.773859
0.753688,-1.986588,7.264371
0.753938,-1.98471,7.754436
0.754189,-1.98271,8.244021
0.754439,-1.980587,8.733098
0.754689,-1.978342,9.221636
0.754939,-1.975975,9.709605
0.755189,-1.973486,10.196975
0.755439,-1.970875,10.683715
0.755689,-1.968143,11.169796
0.755939,-1.965289,11.655188
0.756189,-1.962314,12.13986
0.756439,-1.959218,12.623783
0.756689,-1.956001,13.106927
0.756939,-1.952663,13.589262
0.757189,-1.949204,14.070759
0.757439,-1.945626,14.551387
0.757689,-1.941927,15.031117
0.757939,-1.938108,15.509919
0.75819,-1.93417,15.987764
0.75844,-1.930113,16.464623
0.75869,-1.925936,16.940465
0.75894,-1.92164,17.415262
0.75919,-1.917226,17.888984
0.75944,-1.912694,18.361602
0.75969,-1.908043,18.833087
0.75994,-1.903275,19.303409
0.76019,-1.898389,19.77254
0.76044,-1.893386,20.240451
0.76069,-1.888267,20.707113
0.76094,-1.88303,21.172497
0.76119,-1.877678,21.636574
0.76144,-1.872209,22.099316
0.76169,-1.866625,22.560694
0.76194,-1.860926,23.020679
0.762191,-1.855112,23.479244
0.762441,-1.849184,23.93636
0.762691,-1.843141,24.391999
0.762941,-1.836985,24.846132
0.763191,-1.830715,25.298732
0.763441,-1.824333,25.74977
0.763691,-1.817837,26.19922
0.763941,-1.81123,26.647052
0.764191,-1.804511,27.09324
0.764441,-1.79768,27.537756
0.764691,-1.790738,27.980572
0.764941,-1.783686,28.421662
0.765191,-1.776524,28.860997
0.765441,-1.769252,29.298552
0.765691,-1.761871,29.734298
0.765941,-1.754382,30.168209
0.766192,-1.746784,30.600258
0.766442,-1.739078,31.030419
0.766692,-1.731265,31.458664
0.766942,-1.723345,31.884968
0.767192,-1.715318,32.309305
0.767442,-1.707186,32.731647
0.767692,-1.698949,33.151969
0.767942,-1.690606,33.570245
0.768192,-1.682159,33.98645
0.768442,-1.673609,34.400557
0.768692,-1.664955,34.812541
0.768942,-1.656198,35.222376
0.769192,-1.64734,35.630038
0.769442,-1.638379,36.035501
0.769692,-1.629318,36.43874
0.769942,-1.620155,36.83973
0.770193,-1.610893,37.238446
0.770443,-1.601532,37.634864
0.770693,-1.592071,38.02896
0.770943,-1.582513,38.420708
0.771193,-1.572856,38.810086
0.771443,-1.563103,39.197068
0.771693,-1.553253,39.581631
0.771943,-1.543307,39.963751
0.772193,-1.533267,40.343405
0.772443,-1.523131,40.72057
0.772693,-1.512901,41.095221
0.772943,-1.502578,41.467335
0.773193,-1.492163,41.836891
0.773443,-1.481655,42.203865
0.773693,-1.471056,42.568234
0.773943,-1.460366,42.929976
0.774194,-1.449586,43.289068
0.774444,-1.438716,43.645489
0.774694,-1.427758,43.999216
0.774944,-1.416711,44.350228
0.775194,-1.405577,44.698503
0.775444,-1.394356,45.044019
0.775694,-1.38305,45.386755
0.775944,-1.371658,45.72669
0.776194,-1.360181,46.063803
0.776444,-1.34862,46.398074
0.776694,-1.336976,46.72948
0.776944,-1.32525,47.058003
0.777194,-1.313442,47.383622
0.777444,-1.301552,47.706316
0.777694,-1.289583,48.026066
0.777944,-1.277534,48.342852
0.778195,-1.265406,48.656655
0.778445,-1.253199,48.967455
0.778695,-1.240916,49.275232
0.778945,-1.228556,49.579969
0.779195,-1.21612,49.881646
0.779445,-1.203609,50.180244
0.779695,-1.191024,50.475746
0.779945,-1.178365,50.768132
0.780195,-1.165634,51.057385
0.780445,-1.15283,51.343487
0.780695,-1.139956,51.62642
0.780945,-1.127011,51.906167
0.781195,-1.113997,52.182711
0.781445,-1.100913,52.456035
0.781695,-1.087762,52.726121
0.781945,-1.074544,52.992952
0.782196,-1.061259,53.256514
0.782446,-1.047909,53.516789
0.782696,-1.034495,53.77376
0.782946,-1.021016,54.027414
0.783196,-1.007474,54.277732
0.783446,-0.993871,54.524701
0.783696,-0.980206,54.768306
0.783946,-0.96648,55.00853
0.784196,-0.952695,55.245359
0.784446,-0.938851,55.478778
0.784696,-0.924949,55.708774
0.784946,-0.91099,55.935332
0.785196,-0.896974,56.158437
0.785446,-0.882904,56.378077
0.785696,-0.868778,56.594237
0.785946,-0.8546,56.806905
0.786197,-0.840368,57.016066
0.786447,-0.826085,57.221709
0.786697,-0.811751,57.42382
0.786947,-0.797366,57.622388
0.787197,-0.782932,57.817399
0.787447,-0.76845,58.008842
0.787697,-0.753921,58.196705
0.787947,-0.739345,58.380977
0.788197,-0.724724,58.561645
0.788447,-0.710057,58.738699
0.788697,-0.695347,58.912128
0.788947,-0.680594,59.081921
0.789197,-0.665799,59.248068
0.789447,-0.650963,59.410559
0.789697,-0.636087,59.569383
0.789947,-0.621171,59.72453
0.790198,-0.606217,59.875992
0.790448,-0.591226,60.023758
0.790698,-0.576198,60.16782
0.790948,-0.561135,60.308169
0.791198,-0.546037,60.444796
0.791448,-0.530905,60.577692
0.791698,-0.515741,60.70685
0.791948,-0.500545,60.832261
0.792198,-0.485317,60.953918
0.792448,-0.47006,61.071813
0.792698,-0.454774,61.185939
0.792948,-0.43946,61.296289
0.793198,-0.424119,61.402855
0.793448,-0.408751,61.505633
0.793698,-0.393358,61.604614
0.793948,-0.377941,61.699794
0.794199,-0.362501,61.791166
0.794449,-0.347038,61.878724
0.794699,-0.331554,61.962463
0.794949,-0.31605,62.042379
0.795199,-0.300526,62.118465
0.795449,-0.284983,62.190718
0.795699,-0.269423,62.259132
0.795949,-0.253846,62.323705
0.796199,-0.238254,62.384431
0.796449,-0.222646,62.441306
0.796699,-0.207025,62.494328
0.796949,-0.191392,62.543494
0.797199,-0.175746,62.588799
0.797449,-0.16009,62.630242
0.797699,-0.144424,62.667819
0.797949,-0.128748,62.701529
0.7982,-0.113065,62.731369
0.79845,-0.097375,62.757338
0.7987,-0.081679,62.779434
0.79895,-0.065978,62.797655
0.7992,-0.050273,62.812
0.79945,-0.034564,62.822469
0.7997,-0.018854,62.829061
0.79995,-0.003142,62.831776
0.8002,0.012569,62.830612
0.80045,0.02828,62.825571
0.8007,0.04399,62.816653
0.80095,0.059696,62.803858
0.8012,0.075399,62.787187
0.80145,0.091097,62.766641
0.8017,0.10679,62.742221
0.80195,0.122476,62.71393
0.802201,0.138155,62.681767
0.802451,0.153824,62.645737
0.802701,0.169485,62.60584
0.802951,0.185135,62.562079
0.803201,0.200773,62.514458
0.803451,0.2164,62.462978
0.803701,0.232012,62.407643
0.803951,0.247611,62.348457
0.804201,0.263194,62.285423
0.804451,0.278761,62.218545
0.804701,0.294311,62.147827
0.804951,0.309842,62.073273
0.805201,0.325355,61.994889
0.805451,0.340847,61.912678
0.805701,0.356319,61.826647
0.805951,0.371768,61.7368
0.806202,0.387195,61.643143
0.806452,0.402597,61.545681
0.806702,0.417975,61.444422
0.806952,0.433327,61.33937
0.807202,0.448652,61.230532
0.807452,0.463949,61.117916
0.807702,0.479218,61.001527
0.807952,0.494457,60.881374
0.808202,0.509666,60.757464
0.808452,0.524843,60.629804
0.808702,0.539988,60.498402
0.808952,0.5551,60.363267
0.809202,0.570177,60.224406
0.809452,0.585219,60.081828
0.809702,0.600225,59.935542
0.809952,0.615194,59.785558
0.810203,0.630125,59.631883
0.810453,0.645017,59.474529
0.810703,0.65987,59.313504
0.810953,0.674681,59.148818
0.811203,0.689451,58.980482
0.811453,0.704178,58.808506
0.811703,0.718862,58.632901
0.811953,0.733502,58.453677
0.812203,0.748096,58.270845
0.812453,0.762644,58.084418
0.812703,0.777145,57.894405
0.812953,0.791598,57.70082
0.813203,0.806003,57.503673
0.813453,0.820357,57.302978
0.813703,0.834661,57.098746
0.813953,0.848913,56.890991
0.814204,0.863113,56.679724
0.814454,0.87726,56.464959
0.814704,0.891353,56.24671
0.814954,0.90539,56.024989
0.815204,0.919372,55.79981
0.815454,0.933297,55.571188
0.815704,0.947164,55.339136
0.815954,0.960973,55.103669
0.816204,0.974723,54.864802
0.816454,0.988412,54.622548
0.816704,1.00204,54.376923
0.816954,1.015607,54.127942
0.817204,1.029111,53.875621
0.817454,1.042551,53.619975
0.817704,1.055927,53.361019
0.817954,1.069238,53.09877
0.818205,1.082483,52.833245
0.818455,1.095661,52.564458
0.818705,1.108771,52.292428
0.818955,1.121814,52.01717
0.819205,1.134786,51.738702
0.819455,1.147689,51.457041
0.819705,1.160521,51.172205
0.819955,1.173281,50.88421
0.820205,1.185969,50.593075
0.820455,1.198584,50.298817
0.820705,1.211125,50.001456
0.820955,1.223591,49.701008
0.821205,1.235981,49.397493
0.821455,1.248295,49.090929
0.821705,1.260532,48.781336
0.821955,1.272692,48.468733
0.822206,1.284773,48.153137
0.822456,1.296774,47.834571
0.822706,1.308696,47.513052
0.822956,1.320536,47.1886
0.823206,1.332296,46.861237
0.823456,1.343973,46.530981
0.823706,1.355567,46.197854
0.823956,1.367077,45.861875
0.824206,1.378503,45.523067
0.824456,1.389844,45.181448
0.824706,1.401099,44.837042
0.824956,1.412268,44.489868
0.825206,1.42335,44.139948
0.825456,1.434343,43.787304
0.825706,1.445248,43.431958
0.825956,1.456064,43.073932
0.826207,1.466791,42.713247
0.826457,1.477426,42.349926
0.826707,1.487971,41.983992
0.826957,1.498423,41.615466
0.827207,1.508783,41.244372
0.827457,1.51905,40.870733
0.827707,1.529224,40.494571
0.827957,1.539302,40.11591
0.828207,1.549286,39.734774
0.828457,1.559175,39.351185
0.828707,1.568967,38.965167
0.828957,1.578662,38.576745
0.829207,1.58826,38.185942
0.829457,1.597759,37.792783
0.829707,1.607161,37.39729
0.829957,1.616463,36.99949
0.830208,1.625665,36.599407
0.830458,1.634767,36.197065
0.830708,1.643768,35.792488
0.830958,1.652667,35.385703
0.831208,1.661465,34.976734
0.831458,1.67016,34.565607
0.831708,1.678752,34.152346
0.831958,1.68724,33.736977
0.832208,1.695624,33.319527
0.832458,1.703904,32.90002
0.832708,1.712078,32.478482
0.832958,1.720147,32.05494
0.833208,1.728109,31.62942
0.833458,1.735965,31.201948
0.833708,1.743714,30.77255
0.833958,1.751355,30.341253
0.834209,1.758888,29.908084
0.834459,1.766313,29.473069
0.834709,1.773629,29.036234
0.834959,1.780835,28.597608
0.835209,1.787931,28.157217
0.835459,1.794917,27.715088
0.835709,1.801792,27.271249
0.835959,1.808555,26.825726
0.836209,1.815208,26.378548
0.836459,1.821748,25.929742
0.836709,1.828176,25.479336
0.836959,1.834491,25.027358
0.837209,1.840692,24.573834
0.837459,1.84678,24.118795
0.837709,1.852755,23.662266
0.837959,1.858614,23.204278
0.83821,1.86436,22.744857
0.83846,1.86999,22.284032
0.83871,1.875504,21.821833
0.83896,1.880903,21.358286
0.83921,1.886186,20.893422
0.83946,1.891352,20.427268
0.83971,1.896402,19.959853
0.83996,1.901335,19.491206
0.84021,1.90615,19.021357
0.84046,1.910848,18.550333
0.84071,1.915427,18.078165
0.84096,1.919889,17.604881
0.84121,1.924232,17.130511
0.84146,1.928456,16.655083
0.84171,1.932561,16.178628
0.84196,1.936547,15.701174
0.842211,1.940414,15.222751
0.842461,1.944161,14.743388
0.842711,1.947787,14.263116
0.842961,1.951294,13.781963
0.843211,1.95468,13.29996
0.843461,1.957946,12.817136
0.843711,1.96109,12.333521
0.843961,1.964114,11.849145
0.844211,1.967016,11.364037
0.844461,1.969797,10.878228
0.844711,1.972457,10.391748
0.844961,1.974994,9.904627
0.845211,1.97741,9.416894
0.845461,1.979704,8.92858
0.845711,1.981875,8.439715
0.845961,1.983925,7.950329
0.846212,1.985852,7.460453
0.846462,1.987656,6.970116
0.846712,1.989337,6.479349
0.846962,1.990896,5.988182
0.847212,1.992332,5.496645
0.847462,1.993645,5.004769
0.847712,1.994835,4.512585
0.847962,1.995902,4.020122
0.848212,1.996846,3.52741
0.848462,1.997666,3.034481
0.848712,1.998363,2.541365
0.848962,1.998937,2.048092
0.849212,1.999388,1.554693
0.849462,1.999715,1.061197
0.849712,1.999918,0.567636
0.849962,1.999999,0.074041
0.850213,1.999955,-0.41956
0.850463,1.999789,-0.913135
0.850713,1.999499,-1.406653
0.850963,1.999085,-1.900084
0.851213,1.998548,-2.393398
0.851463,1.997888,-2.886565
0.851713,1.997105,-3.379553
0.851963,1.996198,-3.872333
0.852213,1.995168,-4.364874
0.852463,1.994015,-4.857145
0.852713,1.992739,-5.349117
0.852963,1.99134,-5.840758
0.853213,1.989818,-6.332039
0.853463,1.988173,-6.822929
0.853713,1.986406,-7.313398
0.853963,1.984516,-7.803416
0.854214,1.982503,-8.292952
0.854464,1.980368,-8.781977
0.854714,1.978111,-9.270459
0.854964,1.975732,-9.75837
0.855214,1.973231,-10.245678
0.855464,1.970608,-10.732353
0.855714,1.967863,-11.218367
0.855964,1.964997,-11.703688
0.856214,1.96201,-12.188287
0.856464,1.958902,-12.672133
0.856714,1.955672,-13.155197
0.856964,1.952322,-13.63745
0.857214,1.948852,-14.118861
0.857464,1.945261,-14.599401
0.857714,1.941551,-15.079039
0.857964,1.93772,-15.557747
0.858215,1.93377,-16.035495
0.858465,1.9297,-16.512253
0.858715,1.925512,-16.987992
0.858965,1.921204,-17.462683
0.859215,1.916778,-17.936296
0.859465,1.912234,-18.408802
0.859715,1.907572,-18.880172
0.859965,1.902792,-19.350376
0.860215,1.897894,-19.819387
0.860465,1.89288,-20.287174
0.860715,1.887748,-20.753709
0.860965,1.8825,-21.218964
0.861215,1.877136,-21.682909
0.861465,1.871656,-22.145516
0.861715,1.866061,-22.606756
0.861965,1.86035,-23.0666
0.862216,1.854525,-23.525022
0.862466,1.848585,-23.981991
0.862716,1.842531,-24.43748
0.862966,1.836363,-24.891462
0.863216,1.830082,-25.343906
0.863466,1.823688,-25.794787
0.863716,1.817182,-26.244076
0.863966,1.810563,-26.691746
0.864216,1.803832,-27.137767
0.864466,1.796991,-27.582115
0.864716,1.790038,-28.024759
0.864966,1.782975,-28.465675
0.865216,1.775802,-28.904833
0.865466,1.768519,-29.342208
0.865716,1.761127,-29.777772
0.865966,1.753627,-30.211498
0.866217,1.746018,-30.643359
0.866467,1.738301,-31.07333
0.866717,1.730477,-31.501382
0.866967,1.722547,-31.927491
0.867217,1.71451,-32.351629
0.867467,1.706367,-32.77377
0.867717,1.698119,-33.193889
0.867967,1.689766,-33.61196
0.868217,1.681309,-34.027955
0.868467,1.672748,-34.441851
0.868717,1.664084,-34.853622
0.868967,1.655317,-35.263241
0.869217,1.646448,-35.670684
0.869467,1.637478,-36.075925
0.869717,1.628406,-36.47894
0.869967,1.619234,-36.879704
0.870218,1.609962,-37.278192
0.870468,1.60059,-37.674379
0.870718,1.59112,-38.068241
0.870968,1.581551,-38.459753
0.871218,1.571885,-38.848892
0.871468,1.562122,-39.235634
0.871718,1.552263,-39.619953
0.871968,1.542308,-40.001828
0.872218,1.532257,-40.381234
0.872468,1.522112,-40.758148
0.872718,1.511873,-41.132547
0.872968,1.501541,-41.504407
0.873218,1.491116,-41.873705
0.873468,1.480599,-42.240419
0.873718,1.469991,-42.604527
0.873968,1.459292,-42.966005
0.874219,1.448503,-43.324831
0.874469,1.437624,-43.680983
0.874719,1.426657,-44.03444
0.874969,1.415602,-44.385179
0.875219,1.404459,-44.733179
0.875469,1.39323,-45.078418
0.875719,1.381914,-45.420875
0.875969,1.370514,-45.760529
0.876219,1.359029,-46.097359
0.876469,1.34746,-46.431344
0.876719,1.335807,-46.762463
0.876969,1.324073,-47.090696
0.877219,1.312256,-47.416023
0.877469,1.300359,-47.738424
0.877719,1.288381,-48.057879
0.877969,1.276324,-48.374367
0.87822,1.264188,-48.68787
0.87847,1.251975,-48.998369
0.87872,1.239683,-49.305843
0.87897,1.227316,-49.610275
0.87922,1.214872,-49.911644
0.87947,1.202354,-50.209934
0.87972,1.189761,-50.505125
0.87997,1.177095,-50.797198
0.88022,1.164357,-51.086137
0.88047,1.151546,-51.371923
0.88072,1.138665,-51.654539
0.88097,1.125713,-51.933966
0.88122,1.112691,-52.210189
0.88147,1.099601,-52.483189
0.88172,1.086443,-52.75295
0.88197,1.073219,-53.019456
0.882221,1.059927,-53.28269
0.882471,1.046571,-53.542635
0.882721,1.03315,-53.799275
0.882971,1.019665,-54.052596
0.883221,1.006117,-54.30258
0.883471,0.992507,-54.549214
0.883721,0.978836,-54.79248
0.883971,0.965104,-55.032365
0.884221,0.951313,-55.268854
0.884471,0.937463,-55.501932
0.884721,0.923555,-55.731585
0.884971,0.909591,-55.957798
0.885221,0.89557,-56.180557
0.885471,0.881494,-56.39985
0.885721,0.867363,-56.615661
0.885971,0.853179,-56.827979
0.886222,0.838942,-57.036789
0.886472,0.824654,-57.242079
0.886722,0.810314,-57.443837
0.886972,0.795925,-57.642049
0.887222,0.781486,-57.836704
0.887472,0.767,-58.02779
0.887722,0.752466,-58.215294
0.887972,0.737885,-58.399206
0.888222,0.723259,-58.579513
0.888472,0.708588,-58.756205
0.888722,0.693874,-58.929271
0.888972,0.679116,-59.0987
0.889222,0.664317,-59.264482
0.889472,0.649477,-59.426606
0.889722,0.634597,-59.585063
0.889972,0.619677,-59.739842
0.890223,0.60472,-59.890935
0.890473,0.589725,-60.038331
0.890723,0.574693,-60.182022
0.890973,0.559627,-60.321999
0.891223,0.544525,-60.458253
0.891473,0.52939,-60.590776
0.891723,0.514223,-60.719559
0.891973,0.499023,-60.844596
0.892223,0.483793,-60.965877
0.892473,0.468533,-61.083395
0.892723,0.453244,-61.197144
0.892973,0.437927,-61.307116
0.893223,0.422583,-61.413304
0.893473,0.407213,-61.515702
0.893723,0.391818,-61.614304
0.893973,0.376398,-61.709103
0.894224,0.360956,-61.800093
0.894474,0.345491,-61.88727
0.894724,0.330005,-61.970627
0.894974,0.314498,-62.05016
0.895224,0.298972,-62.125863
0.895474,0.283428,-62.197732
0.895724,0.267866,-62.265763
0.895974,0.252288,-62.32995
0.896224,0.236694,-62.390291
0.896474,0.221085,-62.446782
0.896724,0.205463,-62.499419
0.896974,0.189828,-62.548198
0.897224,0.174181,-62.593117
0.897474,0.158524,-62.634174
0.897724,0.142856,-62.671364
0.897974,0.12718,-62.704687
0.898225,0.111497,-62.73414
0.898475,0.095806,-62.759722
0.898725,0.080109,-62.78143
0.898975,0.064408,-62.799264
0.899225,0.048702,-62.813222
0.899475,0.032993,-62.823303
0.899725,0.017283,-62.829507
0.899975,0.001571,-62.831834
0.900225,-0.014141,-62.830283
0.900475,-0.029851,-62.824854
0.900725,-0.045561,-62.815548
0.900975,-0.061267,-62.802365
0.901225,-0.076969,-62.785307
0.901475,-0.092667,-62.764373
0.901725,-0.108359,-62.739566
0.901975,-0.124044,-62.710888
0.902226,-0.139722,-62.678338
0.902476,-0.155391,-62.641921
0.902726,-0.17105,-62.601638
0.902976,-0.186699,-62.557491
0.903226,-0.202337,-62.509483
0.903476,-0.217962,-62.457618
0.903726,-0.233573,-62.401898
0.903976,-0.24917,-62.342326
0.904226,-0.264752,-62.278908
0.904476,-0.280317,-62.211645
0.904726,-0.295865,-62.140544
0.904976,-0.311395,-62.065607
0.905226,-0.326905,-61.98684
0.905476,-0.342395,-61.904247
0.905726,-0.357865,-61.817834
0.905976,-0.373312,-61.727606
0.906227,-0.388736,-61.633568
0.906477,-0.404136,-61.535726
0.906727,-0.419511,-61.434087
0.906977,-0.43486,-61.328656
0.907227,-0.450183,-61.21944
0.907477,-0.465477,-61.106447
0.907727,-0.480743,-60.989681
0.907977,-0.49598,-60.869152
0.908227,-0.511185,-60.744867
0.908477,-0.526359,-60.616832
0.908727,-0.541501,-60.485057
0.908977,-0.556609,-60.349548
0.909227,-0.571683,-60.210315
0.909477,-0.586721,-60.067366
0.909727,-0.601724,-59.92071
0.909977,-0.616689,-59.770356
0.910228,-0.631616,-59.616313
0.910478,-0.646504,-59.458591
0.910728,-0.661353,-59.2972
0.910978,-0.67616,-59.132149
0.911228,-0.690926,-58.963448
0.911478,-0.705649,-58.791109
0.911728,-0.720328,-58.615141
0.911978,-0.734963,-58.435556
0.912228,-0.749553,-58.252364
0.912478,-0.764097,-58.065578
0.912728,-0.778593,-57.875207
0.912978,-0.793041,-57.681265
0.913228,-0.80744,-57.483763
0.913478,-0.82179,-57.282714
0.913728,-0.836089,-57.078129
0.913978,-0.850336,-56.870022
0.914229,-0.86453,-56.658405
0.914479,-0.878672,-56.443291
0.914729,-0.892759,-56.224694
0.914979,-0.906791,-56.002626
0.915229,-0.920767,-55.777103
0.915479,-0.934686,-55.548137
0.915729,-0.948548,-55.315743
0.915979,-0.962351,-55.079935
0.916229,-0.976094,-54.840728
0.916479,-0.989778,-54.598137
0.916729,-1.0034,-54.352176
0.916979,-1.01696,-54.10286
0.917229,-1.030458,-53.850206
0.917479,-1.043892,-53.594228
0.917729,-1.057261,-53.334942
0.917979,-1.070566,-53.072365
0.91823,-1.083804,-52.806513
0.91848,-1.096975,-52.537401
0.91873,-1.110079,-52.265047
0.91898,-1.123114,-51.989468
0.91923,-1.13608,-51.71068
0.91948,-1.148975,-51.4287
0.91973,-1.1618,-51.143547
0.91998,-1.174553,-50.855238
0.92023,-1.187234,-50.563789
0.92048,-1.199841,-50.269221
0.92073,-1.212375,-49.971549
0.92098,-1.224833,-49.670794
0.92123,-1.237216,-49.366974
0.92148,-1.249523,-49.060106
0.92173,-1.261752,-48.750211
0.92198,-1.273903,-48.437307
0.922231,-1.285976,-48.121414
0.922481,-1.29797,-47.802551
0.922731,-1.309883,-47.480738
0.922981,-1.321716,-47.155995
0.923231,-1.333467,-46.828341
0.923481,-1.345136,-46.497797
0.923731,-1.356722,-46.164384
0.923981,-1.368224,-45.828122
0.924231,-1.379641,-45.489031
0.924481,-1.390973,-45.147133
0.924731,-1.40222,-44.802448
0.924981,-1.41338,-44.454999
0.925231,-1.424453,-44.104806
0.925481,-1.435438,-43.751891
0.925731,-1.446334,-43.396276
0.925981,-1.457141,-43.037983
0.926232,-1.467858,-42.677033
0.926482,-1.478485,-42.31345
0.926732,-1.48902,-41.947255
0.926982,-1.499463,-41.578472
0.927232,-1.509814,-41.207122
0.927482,-1.520072,-40.83323
0.927732,-1.530236,-40.456817
0.927982,-1.540305,-40.077908
0.928232,-1.550279,-39.696525
0.928482,-1.560158,-39.312692
0.928732,-1.569941,-38.926433
0.928982,-1.579626,-38.537772
0.929232,-1.589214,-38.146732
0.929482,-1.598704,-37.753338
0.929732,-1.608095,-37.357614
0.929982,-1.617387,-36.959584
0.930233,-1.626579,-36.559274
0.930483,-1.635671,-36.156707
0.930733,-1.644662,-35.751909
0.930983,-1.653552,-35.344904
0.931233,-1.662339,-34.935718
0.931483,-1.671024,-34.524376
0.931733,-1.679605,-34.110903
0.931983,-1.688083,-33.695326
0.932233,-1.696457,-33.277668
0.932483,-1.704726,-32.857957
0.932733,-1.71289,-32.436218
0.932983,-1.720948,-32.012477
0.933233,-1.7289,-31.58676
0.933483,-1.736745,-31.159095
0.933733,-1.744483,-30.729506
0.933983,-1.752114,-30.29802
0.934234,-1.759636,-29.864665
0.934484,-1.767049,-29.429467
0.934734,-1.774354,-28.992452
0.934984,-1.781549,-28.553648
0.935234,-1.788634,-28.113082
0.935484,-1.795609,-27.670781
0.935734,-1.802473,-27.226772
0.935984,-1.809226,-26.781083
0.936234,-1.815867,-26.333741
0.936484,-1.822396,-25.884773
0.936734,-1.828812,-25.434209
0.936984,-1.835116,-24.982074
0.937234,-1.841306,-24.528398
0.937484,-1.847383,-24.073208
0.937734,-1.853346,-23.616533
0.937984,-1.859194,-23.158399
0.938235,-1.864928,-22.698837
0.938485,-1.870546,-22.237874
0.938735,-1.876049,-21.775538
0.938985,-1.881437,-21.311859
0.939235,-1.886708,-20.846864
0.939485,-1.891863,-20.380582
0.939735,-1.896901,-19.913043
0.939985,-1.901822,-19.444275
0.940235,-1.906625,-18.974307
0.940485,-1.911311,-18.503168
0.940735,-1.915879,-18.030886
0.940985,-1.920329,-17.557493
0.941235,-1.92466,-17.083015
0.941485,-1.928872,-16.607483
0.941735,-1.932965,-16.130927
0.941985,-1.936939,-15.653374
0.942236,-1.940794,-15.174856
0.942486,-1.944529,-14.695401
0.942736,-1.948143,-14.21504
0.942986,-1.951638,-13.733801
0.943236,-1.955012,-13.251714
0.943486,-1.958265,-12.768809
0.943736,-1.961398,-12.285117
0.943986,-1.964409,-11.800666
0.944236,-1.9673,-11.315487
0.944486,-1.970069,-10.82961
0.944736,-1.972716,-10.343064
0.944986,-1.975241,-9.85588
0.945236,-1.977645,-9.368088
0.945486,-1.979926,-8.879718
0.945736,-1.982086,-8.390799
0.945986,-1.984123,-7.901363
0.946237,-1.986037,-7.411439
0.946487,-1.987829,-6.921058
0.946737,-1.989499,-6.430249
0.946987,-1.991045,-5.939044
0.947237,-1.992469,-5.447472
0.947487,-1.99377,-4.955564
0.947737,-1.994947,-4.46335
0.947987,-1.996002,-3.970861
0.948237,-1.996933,-3.478127
0.948487,-1.997741,-2.985178
0.948737,-1.998426,-2.492044
0.948987,-1.998988,-1.998757
0.949237,-1.999426,-1.505347
0.949487,-1.999741,-1.011844
0.949737,-1.999932,-0.518278
0.949987,-2.0,-0.02468
0.950238,-1.999944,0.468919
0.950488,-1.999765,0.962489
0.950738,-1.999463,1.456
0.950988,-1.999037,1.949421
0.951238,-1.998488,2.442722
0.951488,-1.997816,2.935872
0.951738,-1.99702,3.428841
0.951988,-1.996101,3.921598
0.952238,-1.995058,4.414113
0.952488,-1.993893,4.906356
0.952738,-1.992605,5.398296
0.952988,-1.991193,5.889903
0.953238,-1.989659,6.381146
0.953488,-1.988002,6.871996
0.953738,-1.986222,7.362421
0.953988,-1.98432,7.852392
0.954239,-1.982295,8.341878
0.954489,-1.980148,8.83085
0.954739,-1.977879,9.319277
0.954989,-1.975487,9.807128
0.955239,-1.972974,10.294374
0.955489,-1.970339,10.780985
0.955739,-1.967582,11.266931
0.955989,-1.964704,11.752181
0.956239,-1.961705,12.236706
0.956489,-1.958584,12.720475
0.956739,-1.955343,13.20346
0.956989,-1.951981,13.68563
0.957239,-1.948498,14.166955
0.957489,-1.944896,14.647405
0.957739,-1.941173,15.126952
0.957989,-1.93733,15.605566
0.95824,-1.933368,16.083216
0.95849,-1.929287,16.559873
0.95874,-1.925086,17.035509
0.95899,-1.920767,17.510093
0.95924,-1.916329,17.983597
0.95949,-1.911773,18.45599
0.95974,-1.907099,18.927245
0.95999,-1.902307,19.397332
0.96024,-1.897398,19.866221
0.96049,-1.892372,20.333884
0.96074,-1.887229,20.800293
0.96099,-1.881969,21.265418
0.96124,-1.876593,21.72923
0.96149,-1.871102,22.191701
0.96174,-1.865495,22.652803
0.96199,-1.859773,23.112507
0.962241,-1.853936,23.570784
0.962491,-1.847984,24.027607
0.962741,-1.841919,24.482947
0.962991,-1.83574,24.936776
0.963241,-1.829448,25.389065
0.963491,-1.823042,25.839788
0.963741,-1.816525,26.288917
0.963991,-1.809895,26.736422
0.964241,-1.803153,27.182278
0.964491,-1.7963,27.626456
0.964741,-1.789337,28.068929
0.964991,-1.782263,28.50967
0.965241,-1.775079,28.948652
0.965491,-1.767785,29.385846
0.965741,-1.760382,29.821228
0.965991,-1.752871,30.254768
0.966242,-1.745251,30.686442
0.966492,-1.737524,31.116222
0.966742,-1.729689,31.544081
0.966992,-1.721748,31.969994
0.967242,-1.7137,32.393933
0.967492,-1.705547,32.815874
0.967742,-1.697289,33.235789
0.967992,-1.688925,33.653653
0.968242,-1.680458,34.06944
0.968492,-1.671886,34.483124
0.968742,-1.663212,34.894681
0.968992,-1.654435,35.304083
0.969242,-1.645556,35.711307
0.969492,-1.636575,36.116327
0.969742,-1.627493,36.519118
0.969992,-1.618311,36.919656
0.970243,-1.609029,37.317914
0.970493,-1.599648,37.71387
0.970743,-1.590167,38.107498
0.970993,-1.580589,38.498774
0.971243,-1.570913,38.887675
0.971493,-1.561141,39.274175
0.971743,-1.551272,39.658251
0.971993,-1.541307,40.03988
0.972243,-1.531247,40.419038
0.972493,-1.521093,40.795702
0.972743,-1.510844,41.169847
0.972993,-1.500503,41.541452
0.973243,-1.490068,41.910493
0.973493,-1.479542,42.276948
0.973743,-1.468925,42.640793
0.973993,-1.458217,43.002007
0.974244,-1.447419,43.360567
0.974494,-1.436531,43.716451
0.974744,-1.425555,44.069637
0.974994,-1.414491,44.420103
0.975244,-1.40334,44.767827
0.975494,-1.392102,45.112789
0.975744,-1.380778,45.454967
0.975994,-1.369369,45.794339
0.976244,-1.357875,46.130886
0.976494,-1.346298,46.464585
0.976744,-1.334638,46.795416
0.976994,-1.322895,47.12336
0.977244,-1.31107,47.448395
0.977494,-1.299165,47.770502
0.977744,-1.287179,48.089661
0.977994,-1.275114,48.405852
0.978245,-1.262971,48.719056
0.978495,-1.250749,49.029253
0.978745,-1.23845,49.336424
0.978995,-1.226075,49.64055
0.979245,-1.213624,49.941612
0.979495,-1.201098,50.239593
0.979745,-1.188498,50.534473
0.979995,-1.175825,50.826234
0.980245,-1.163079,51.114858
0.980495,-1.150261,51.400328
0.980745,-1.137372,51.682625
0.980995,-1.124414,51.961733
0.981245,-1.111385,52.237634
0.981495,-1.098289,52.510311
0.981745,-1.085124,52.779748
0.981995,-1.071892,53.045927
0.982246,-1.058595,53.308832
0.982496,-1.045232,53.568448
0.982746,-1.031804,53.824757
0.982996,-1.018313,54.077745
0.983246,-1.004759,54.327395
0.983496,-0.991143,54.573692
0.983746,-0.977465,54.816621
0.983996,-0.963728,55.056167
0.984246,-0.949931,55.292316
0.984496,-0.936075,55.525052
0.984746,-0.922161,55.754361
0.984996,-0.908191,55.980229
0.985246,-0.894165,56.202643
0.985496,-0.880083,56.421588
0.985746,-0.865947,56.63705
0.985996,-0.851758,56.849018
0.986247,-0.837516,57.057477
0.986497,-0.823222,57.262414
0.986747,-0.808878,57.463818
0.986997,-0.794483,57.661675
0.987247,-0.78004,57.855974
0.987497,-0.765548,58.046702
0.987747,-0.75101,58.233847
0.987997,-0.736424,58.417399
0.988247,-0.721794,58.597345
0.988497,-0.707119,58.773675
0.988747,-0.6924,58.946378
0.988997,-0.677638,59.115443
0.989247,-0.662835,59.280859
0.989497,-0.647991,59.442617
0.989747,-0.633107,59.600707
0.989997,-0.618183,59.755118
0.990248,-0.603222,59.905841
0.990498,-0.588223,60.052867
0.990748,-0.573188,60.196187
0.990998,-0.558118,60.335792
0.991248,-0.543013,60.471674
0.991498,-0.527875,60.603823
0.991748,-0.512704,60.732232
0.991998,-0.497502,60.856893
0.992248,-0.482268,60.977798
0.992498,-0.467005,61.09494
0.992748,-0.451714,61.208311
0.992998,-0.436394,61.317905
0.993248,-0.421047,61.423714
0.993498,-0.405675,61.525733
0.993748,-0.390277,61.623955
0.993998,-0.374855,61.718373
0.994249,-0.35941,61.808983
0.994499,-0.343943,61.895778
0.994749,-0.328455,61.978753
0.994999,-0.312947,62.057903
0.995249,-0.297419,62.133223
0.995499,-0.281872,62.204708
0.995749,-0.266309,62.272354
0.995999,-0.250729,62.336158
0.996249,-0.235133,62.396114
0.996499,-0.219523,62.452219
0.996749,-0.2039,62.50447
0.996999,-0.188264,62.552864
0.997249,-0.172616,62.597397
0.997499,-0.156957,62.638067
0.997749,-0.141289,62.674871
0.997999,-0.125612,62.707807
0.99825,-0.109928,62.736873
0.9985,-0.094236,62.762067
0.99875,-0.078539,62.783388
0.999,-0.062837,62.800834
0.99925,-0.047131,62.814404
0.9995,-0.031422,62.824098
0.99975,-0.015712,62.829914
1.0,-0.0,62.831853
