f_Hz,Z_cat_Ohm,Z_dog_Ohm,BP_cat,BP_dog
100.0,62.203535,62.203539,0.00016,0.000369
101.63,61.183177,61.183181,0.000163,0.000376
103.27,60.194782,60.194786,0.000165,0.000382
104.9,59.236856,59.23686,0.000168,0.000388
106.54,58.307998,58.308002,0.000171,0.000394
108.17,57.40689,57.406894,0.000173,0.0004
109.8,56.532293,56.532297,0.000176,0.000407
111.44,55.683042,55.683046,0.000179,0.000413
113.07,54.858038,54.858042,0.000181,0.000419
114.7,54.056244,54.056248,0.000184,0.000425
116.34,53.276683,53.276687,0.000187,0.000431
117.97,52.518431,52.518435,0.000189,0.000438
119.61,51.780614,51.780619,0.000192,0.000444
121.24,51.062407,51.062412,0.000195,0.00045
122.87,50.363027,50.363032,0.000197,0.000456
124.51,49.681734,49.681738,0.0002,0.000463
126.14,49.017823,49.017827,0.000203,0.000469
127.78,48.370629,48.370633,0.000206,0.000475
129.41,47.739517,47.739522,0.000208,0.000481
131.04,47.123888,47.123893,0.000211,0.000488
132.68,46.523168,46.523173,0.000214,0.000494
134.31,45.936814,45.936819,0.000216,0.0005
135.95,45.364308,45.364312,0.000219,0.000507
137.58,44.805155,44.80516,0.000222,0.000513
139.21,44.258887,44.258892,0.000225,0.000519
140.85,43.725054,43.725059,0.000227,0.000526
142.48,43.203229,43.203234,0.00023,0.000532
144.11,42.693004,42.693009,0.000233,0.000538
145.75,42.193988,42.193993,0.000236,0.000545
147.38,41.705809,41.705814,0.000238,0.000551
149.02,41.228109,41.228114,0.000241,0.000557
150.65,40.760549,40.760554,0.000244,0.000564
152.28,40.302801,40.302807,0.000247,0.00057
153.92,39.854554,39.854559,0.00025,0.000577
155.55,39.415508,39.415513,0.000252,0.000583
157.19,38.985375,38.985381,0.000255,0.00059
158.82,38.563882,38.563887,0.000258,0.000596
160.45,38.150763,38.150769,0.000261,0.000602
162.09,37.745766,37.745772,0.000263,0.000609
163.72,37.348648,37.348654,0.000266,0.000615
165.36,36.959174,36.95918,0.000269,0.000622
166.99,36.577122,36.577128,0.000272,0.000628
168.62,36.202274,36.20228,0.000275,0.000635
170.26,35.834423,35.834429,0.000277,0.000641
171.89,35.473371,35.473377,0.00028,0.000648
173.52,35.118924,35.11893,0.000283,0.000654
175.16,34.770899,34.770905,0.000286,0.000661
176.79,34.429116,34.429122,0.000289,0.000668
178.43,34.093405,34.093411,0.000292,0.000674
180.06,33.7636,33.763607,0.000295,0.000681
181.69,33.439542,33.439549,0.000297,0.000687
183.33,33.121078,33.121084,0.0003,0.000694
184.96,32.808058,32.808065,0.000303,0.000701
186.6,32.50034,32.500347,0.000306,0.000707
188.23,32.197787,32.197793,0.000309,0.000714
189.86,31.900263,31.90027,0.000312,0.00072
191.5,31.607642,31.607649,0.000315,0.000727
193.13,31.319798,31.319805,0.000317,0.000734
194.76,31.036611,31.036618,0.00032,0.00074
196.4,30.757965,30.757972,0.000323,0.000747
198.03,30.483748,30.483755,0.000326,0.000754
199.67,30.213851,30.213858,0.000329,0.000761
201.3,29.948168,29.948175,0.000332,0.000767
202.93,29.686598,29.686605,0.000335,0.000774
204.57,29.429043,29.42905,0.000338,0.000781
206.2,29.175406,29.175413,0.000341,0.000788
207.84,28.925596,28.925603,0.000344,0.000795
209.47,28.679522,28.67953,0.000347,0.000801
211.1,28.437099,28.437107,0.00035,0.000808
212.74,28.198242,28.19825,0.000353,0.000815
214.37,27.96287,27.962877,0.000356,0.000822
216.01,27.730902,27.73091,0.000359,0.000829
217.64,27.502264,27.502272,0.000362,0.000836
219.27,27.27688,27.276888,0.000365,0.000843
220.91,27.054678,27.054686,0.000368,0.000849
222.54,26.835588,26.835596,0.000371,0.000856
224.17,26.619542,26.61955,0.000374,0.000863
225.81,26.406474,26.406482,0.000377,0.00087
227.44,26.19632,26.196328,0.00038,0.000877
229.08,25.989017,25.989025,0.000383,0.000884
230.71,25.784505,25.784513,0.000386,0.000891
232.34,25.582725,25.582733,0.000389,0.000898
233.98,25.383619,25.383628,0.000392,0.000905
235.61,25.187133,25.187142,0.000395,0.000912
237.25,24.993212,24.99322,0.000398,0.00092
238.88,24.801803,24.801811,0.000401,0.000927
240.51,24.612855,24.612863,0.000404,0.000934
242.15,24.426318,24.426327,0.000407,0.000941
243.78,24.242144,24.242153,0.00041,0.000948
245.42,24.060286,24.060295,0.000413,0.000955
247.05,23.880697,23.880706,0.000416,0.000962
248.68,23.703334,23.703343,0.00042,0.00097
250.32,23.528151,23.52816,0.000423,0.000977
251.95,23.355108,23.355117,0.000426,0.000984
253.58,23.184162,23.184172,0.000429,0.000991
255.22,23.015274,23.015283,0.000432,0.000999
256.85,22.848403,22.848413,0.000435,0.001006
258.49,22.683513,22.683522,0.000438,0.001013
260.12,22.520565,22.520574,0.000442,0.00102
261.75,22.359523,22.359532,0.000445,0.001028
263.39,22.200351,22.200361,0.000448,0.001035
265.02,22.043016,22.043026,0.000451,0.001043
266.66,21.887483,21.887493,0.000454,0.00105
268.29,21.733719,21.733729,0.000458,0.001057
269.92,21.581692,21.581702,0.000461,0.001065
271.56,21.431372,21.431382,0.000464,0.001072
273.19,21.282726,21.282736,0.000467,0.00108
274.82,21.135726,21.135736,0.00047,0.001087
276.46,20.990342,20.990353,0.000474,0.001095
278.09,20.846546,20.846557,0.000477,0.001102
279.73,20.70431,20.70432,0.00048,0.00111
281.36,20.563607,20.563617,0.000484,0.001118
282.99,20.424409,20.42442,0.000487,0.001125
284.63,20.286692,20.286703,0.00049,0.001133
286.26,20.15043,20.150441,0.000493,0.001141
287.9,20.015598,20.015609,0.000497,0.001148
289.53,19.882172,19.882182,0.0005,0.001156
291.16,19.750128,19.750139,0.000503,0.001164
292.8,19.619443,19.619454,0.000507,0.001171
294.43,19.490094,19.490105,0.00051,0.001179
296.07,19.36206,19.362071,0.000514,0.001187
297.7,19.235319,19.23533,0.000517,0.001195
299.33,19.109849,19.109861,0.00052,0.001203
300.97,18.98563,18.985642,0.000524,0.001211
302.6,18.862642,18.862653,0.000527,0.001218
304.23,18.740864,18.740876,0.000531,0.001226
305.87,18.620278,18.620289,0.000534,0.001234
307.5,18.500864,18.500876,0.000537,0.001242
309.14,18.382604,18.382615,0.000541,0.00125
310.77,18.265479,18.265491,0.000544,0.001258
312.4,18.149472,18.149484,0.000548,0.001266
314.04,18.034566,18.034577,0.000551,0.001274
315.67,17.920742,17.920754,0.000555,0.001282
317.31,17.807985,17.807997,0.000558,0.001291
318.94,17.696278,17.696291,0.000562,0.001299
320.57,17.585606,17.585618,0.000565,0.001307
322.21,17.475951,17.475963,0.000569,0.001315
323.84,17.3673,17.367312,0.000573,0.001323
325.48,17.259636,17.259648,0.000576,0.001332
327.11,17.152945,17.152957,0.00058,0.00134
328.74,17.047213,17.047225,0.000583,0.001348
330.38,16.942425,16.942437,0.000587,0.001356
332.01,16.838567,16.83858,0.000591,0.001365
333.64,16.735626,16.735638,0.000594,0.001373
335.28,16.633588,16.633601,0.000598,0.001382
336.91,16.53244,16.532453,0.000601,0.00139
338.55,16.432169,16.432183,0.000605,0.001399
340.18,16.332764,16.332777,0.000609,0.001407
341.81,16.23421,16.234223,0.000613,0.001416
343.45,16.136496,16.136509,0.000616,0.001424
345.08,16.03961,16.039624,0.00062,0.001433
346.72,15.943541,15.943555,0.000624,0.001441
348.35,15.848277,15.84829,0.000627,0.00145
349.98,15.753806,15.75382,0.000631,0.001459
351.62,15.660118,15.660131,0.000635,0.001468
353.25,15.567201,15.567215,0.000639,0.001476
354.88,15.475046,15.47506,0.000643,0.001485
356.52,15.383641,15.383655,0.000646,0.001494
358.15,15.292976,15.29299,0.00065,0.001503
359.79,15.203042,15.203056,0.000654,0.001512
361.42,15.113828,15.113842,0.000658,0.001521
363.05,15.025324,15.025339,0.000662,0.00153
364.69,14.937522,14.937536,0.000666,0.001539
366.32,14.850411,14.850426,0.00067,0.001548
367.96,14.763983,14.763997,0.000674,0.001557
369.59,14.678228,14.678243,0.000677,0.001566
371.22,14.593137,14.593152,0.000681,0.001575
372.86,14.508703,14.508718,0.000685,0.001584
374.49,14.424915,14.42493,0.000689,0.001593
376.13,14.341767,14.341782,0.000693,0.001602
377.76,14.259248,14.259263,0.000697,0.001612
379.39,14.177352,14.177368,0.000701,0.001621
381.03,14.096071,14.096086,0.000705,0.00163
382.66,14.015396,14.015411,0.00071,0.00164
384.29,13.935319,13.935335,0.000714,0.001649
385.93,13.855834,13.855849,0.000718,0.001659
387.56,13.776932,13.776948,0.000722,0.001668
389.2,13.698607,13.698622,0.000726,0.001678
390.83,13.62085,13.620866,0.00073,0.001687
392.46,13.543656,13.543672,0.000734,0.001697
394.1,13.467016,13.467032,0.000738,0.001707
395.73,13.390925,13.390941,0.000743,0.001716
397.37,13.315375,13.315391,0.000747,0.001726
399.0,13.240359,13.240375,0.000751,0.001736
400.63,13.165872,13.165888,0.000755,0.001746
402.27,13.091906,13.091923,0.00076,0.001755
403.9,13.018456,13.018472,0.000764,0.001765
405.54,12.945515,12.945531,0.000768,0.001775
407.17,12.873077,12.873093,0.000772,0.001785
408.8,12.801136,12.801152,0.000777,0.001795
410.44,12.729685,12.729702,0.000781,0.001805
412.07,12.658721,12.658737,0.000786,0.001816
413.7,12.588235,12.588252,0.00079,0.001826
415.34,12.518223,12.518241,0.000794,0.001836
416.97,12.44868,12.448697,0.000799,0.001846
418.61,12.379599,12.379616,0.000803,0.001856
420.24,12.310976,12.310993,0.000808,0.001867
421.87,12.242804,12.242822,0.000812,0.001877
423.51,12.17508,12.175097,0.000817,0.001888
425.14,12.107797,12.107815,0.000821,0.001898
426.78,12.040951,12.040968,0.000826,0.001909
428.41,11.974536,11.974554,0.00083,0.001919
430.04,11.908548,11.908566,0.000835,0.00193
431.68,11.842981,11.842999,0.00084,0.001941
433.31,11.777832,11.77785,0.000844,0.001951
434.94,11.713095,11.713113,0.000849,0.001962
436.58,11.648766,11.648784,0.000854,0.001973
438.21,11.58484,11.584858,0.000858,0.001984
439.85,11.521312,11.521331,0.000863,0.001995
441.48,11.458179,11.458198,0.000868,0.002006
443.11,11.395436,11.395455,0.000873,0.002017
444.75,11.333078,11.333097,0.000877,0.002028
446.38,11.271102,11.271121,0.000882,0.002039
448.02,11.209502,11.209522,0.000887,0.00205
449.65,11.148276,11.148296,0.000892,0.002061
451.28,11.087419,11.087439,0.000897,0.002073
452.92,11.026927,11.026946,0.000902,0.002084
454.55,10.966796,10.966815,0.000907,0.002096
456.19,10.907022,10.907042,0.000912,0.002107
457.82,10.847601,10.847621,0.000917,0.002119
459.45,10.788531,10.78855,0.000922,0.00213
461.09,10.729806,10.729826,0.000927,0.002142
462.72,10.671423,10.671443,0.000932,0.002154
464.35,10.613379,10.613399,0.000937,0.002165
465.99,10.555669,10.55569,0.000942,0.002177
467.62,10.498292,10.498312,0.000947,0.002189
469.26,10.441242,10.441263,0.000952,0.002201
470.89,10.384517,10.384538,0.000958,0.002213
472.52,10.328114,10.328134,0.000963,0.002225
474.16,10.272028,10.272049,0.000968,0.002237
475.79,10.216257,10.216278,0.000973,0.00225
477.43,10.160798,10.160819,0.000979,0.002262
479.06,10.105646,10.105668,0.000984,0.002274
480.69,10.0508,10.050822,0.000989,0.002287
482.33,9.996256,9.996278,0.000995,0.002299
483.96,9.942011,9.942033,0.001,0.002312
485.6,9.888062,9.888084,0.001006,0.002324
487.23,9.834406,9.834428,0.001011,0.002337
488.86,9.78104,9.781062,0.001017,0.00235
490.5,9.727961,9.727983,0.001022,0.002362
492.13,9.675166,9.675188,0.001028,0.002375
493.76,9.622653,9.622675,0.001033,0.002388
495.4,9.570418,9.570441,0.001039,0.002401
497.03,9.51846,9.518482,0.001045,0.002414
498.67,9.466774,9.466797,0.00105,0.002428
500.3,9.415359,9.415382,0.001056,0.002441
501.93,9.364212,9.364235,0.001062,0.002454
503.57,9.31333,9.313354,0.001068,0.002468
505.2,9.262711,9.262735,0.001074,0.002481
506.84,9.212353,9.212376,0.001079,0.002495
508.47,9.162251,9.162275,0.001085,0.002508
510.1,9.112405,9.112429,0.001091,0.002522
511.74,9.062812,9.062836,0.001097,0.002536
513.37,9.013469,9.013493,0.001103,0.00255
515.01,8.964374,8.964398,0.001109,0.002564
516.64,8.915525,8.915549,0.001115,0.002578
518.27,8.866919,8.866943,0.001121,0.002592
519.91,8.818554,8.818578,0.001128,0.002606
521.54,8.770427,8.770452,0.001134,0.00262
523.17,8.722537,8.722562,0.00114,0.002635
524.81,8.674882,8.674907,0.001146,0.002649
526.44,8.627458,8.627483,0.001153,0.002664
528.08,8.580265,8.58029,0.001159,0.002678
529.71,8.533299,8.533324,0.001165,0.002693
531.34,8.486559,8.486584,0.001172,0.002708
532.98,8.440042,8.440068,0.001178,0.002723
534.61,8.393747,8.393773,0.001185,0.002738
536.25,8.347672,8.347698,0.001191,0.002753
537.88,8.301814,8.30184,0.001198,0.002768
539.51,8.256172,8.256198,0.001204,0.002784
541.15,8.210743,8.210769,0.001211,0.002799
542.78,8.165526,8.165552,0.001218,0.002815
544.41,8.120519,8.120545,0.001225,0.00283
546.05,8.07572,8.075746,0.001231,0.002846
547.68,8.031127,8.031153,0.001238,0.002862
549.32,7.986738,7.986764,0.001245,0.002878
550.95,7.942551,7.942578,0.001252,0.002894
552.58,7.898565,7.898592,0.001259,0.00291
554.22,7.854778,7.854805,0.001266,0.002926
555.85,7.811188,7.811215,0.001273,0.002942
557.49,7.767793,7.767821,0.00128,0.002959
559.12,7.724592,7.72462,0.001287,0.002975
560.75,7.681583,7.68161,0.001295,0.002992
562.39,7.638764,7.638792,0.001302,0.003009
564.02,7.596133,7.596161,0.001309,0.003025
565.66,7.55369,7.553718,0.001316,0.003042
567.29,7.511432,7.51146,0.001324,0.00306
568.92,7.469357,7.469386,0.001331,0.003077
570.56,7.427465,7.427494,0.001339,0.003094
572.19,7.385754,7.385783,0.001346,0.003112
573.82,7.344221,7.34425,0.001354,0.003129
575.46,7.302866,7.302896,0.001362,0.003147
577.09,7.261688,7.261717,0.001369,0.003165
578.73,7.220683,7.220713,0.001377,0.003183
580.36,7.179852,7.179882,0.001385,0.003201
581.99,7.139192,7.139222,0.001393,0.003219
583.63,7.098703,7.098733,0.001401,0.003237
585.26,7.058382,7.058413,0.001409,0.003256
586.9,7.018229,7.018259,0.001417,0.003275
588.53,6.978242,6.978272,0.001425,0.003293
590.16,6.938419,6.93845,0.001433,0.003312
591.8,6.898759,6.89879,0.001441,0.003331
593.43,6.859261,6.859293,0.00145,0.003351
595.07,6.819924,6.819956,0.001458,0.00337
596.7,6.780746,6.780778,0.001466,0.003389
598.33,6.741726,6.741758,0.001475,0.003409
599.97,6.702862,6.702894,0.001484,0.003429
601.6,6.664154,6.664186,0.001492,0.003449
603.23,6.6256,6.625632,0.001501,0.003469
604.87,6.587199,6.587231,0.00151,0.003489
606.5,6.548949,6.548982,0.001518,0.003509
608.14,6.51085,6.510883,0.001527,0.00353
609.77,6.4729,6.472933,0.001536,0.00355
611.4,6.435097,6.435131,0.001545,0.003571
613.04,6.397442,6.397476,0.001554,0.003592
614.67,6.359932,6.359966,0.001564,0.003614
616.31,6.322567,6.322601,0.001573,0.003635
617.94,6.285345,6.285379,0.001582,0.003656
619.57,6.248265,6.248299,0.001591,0.003678
621.21,6.211326,6.211361,0.001601,0.0037
622.84,6.174527,6.174562,0.00161,0.003722
624.47,6.137867,6.137902,0.00162,0.003744
626.11,6.101345,6.10138,0.00163,0.003767
627.74,6.064959,6.064995,0.00164,0.003789
629.38,6.028709,6.028745,0.001649,0.003812
631.01,5.992594,5.99263,0.001659,0.003835
632.64,5.956612,5.956648,0.001669,0.003858
634.28,5.920762,5.920799,0.00168,0.003882
635.91,5.885044,5.885081,0.00169,0.003905
637.55,5.849457,5.849494,0.0017,0.003929
639.18,5.813999,5.814036,0.00171,0.003953
640.81,5.778669,5.778706,0.001721,0.003977
642.45,5.743467,5.743505,0.001731,0.004001
644.08,5.708392,5.708429,0.001742,0.004026
645.72,5.673442,5.673479,0.001753,0.004051
647.35,5.638616,5.638654,0.001764,0.004076
648.98,5.603914,5.603953,0.001774,0.004101
650.62,5.569335,5.569374,0.001785,0.004127
652.25,5.534878,5.534917,0.001797,0.004152
653.88,5.500542,5.500581,0.001808,0.004178
655.52,5.466325,5.466365,0.001819,0.004204
657.15,5.432228,5.432268,0.001831,0.004231
658.79,5.398249,5.398289,0.001842,0.004257
660.42,5.364387,5.364427,0.001854,0.004284
662.05,5.330642,5.330682,0.001865,0.004311
663.69,5.297013,5.297053,0.001877,0.004339
665.32,5.263498,5.263538,0.001889,0.004366
666.96,5.230097,5.230138,0.001901,0.004394
668.59,5.196809,5.19685,0.001913,0.004422
670.22,5.163633,5.163675,0.001926,0.004451
671.86,5.130569,5.130611,0.001938,0.004479
673.49,5.097615,5.097657,0.001951,0.004508
675.13,5.064772,5.064814,0.001963,0.004538
676.76,5.032037,5.032079,0.001976,0.004567
678.39,4.99941,4.999453,0.001989,0.004597
680.03,4.966891,4.966934,0.002002,0.004627
681.66,4.934479,4.934522,0.002015,0.004657
683.29,4.902172,4.902216,0.002028,0.004688
684.93,4.869971,4.870015,0.002042,0.004719
686.56,4.837874,4.837918,0.002055,0.00475
688.2,4.805881,4.805925,0.002069,0.004782
689.83,4.77399,4.774035,0.002083,0.004814
691.46,4.742202,4.742247,0.002097,0.004846
693.1,4.710515,4.710561,0.002111,0.004879
694.73,4.67893,4.678975,0.002125,0.004912
696.37,4.647444,4.64749,0.00214,0.004945
698.0,4.616057,4.616104,0.002154,0.004979
699.63,4.584769,4.584816,0.002169,0.005013
701.27,4.553579,4.553626,0.002184,0.005047
702.9,4.522487,4.522534,0.002199,0.005082
704.53,4.491491,4.491538,0.002214,0.005117
706.17,4.46059,4.460639,0.002229,0.005152
707.8,4.429786,4.429834,0.002245,0.005188
709.44,4.399075,4.399124,0.00226,0.005224
711.07,4.368459,4.368508,0.002276,0.005261
712.7,4.337936,4.337985,0.002292,0.005298
714.34,4.307506,4.307555,0.002309,0.005335
715.97,4.277167,4.277218,0.002325,0.005373
717.61,4.24692,4.246971,0.002341,0.005411
719.24,4.216764,4.216815,0.002358,0.00545
720.87,4.186698,4.18675,0.002375,0.005489
722.51,4.156722,4.156774,0.002392,0.005529
724.14,4.126835,4.126887,0.00241,0.005569
725.78,4.097035,4.097088,0.002427,0.005609
727.41,4.067324,4.067377,0.002445,0.00565
729.04,4.0377,4.037753,0.002463,0.005692
730.68,4.008162,4.008216,0.002481,0.005734
732.31,3.978711,3.978765,0.002499,0.005776
733.94,3.949344,3.949399,0.002518,0.005819
735.58,3.920063,3.920118,0.002537,0.005863
737.21,3.890866,3.890921,0.002556,0.005907
738.85,3.861753,3.861808,0.002575,0.005951
740.48,3.832723,3.832779,0.002594,0.005996
742.11,3.803775,3.803831,0.002614,0.006042
743.75,3.77491,3.774966,0.002634,0.006088
745.38,3.746126,3.746183,0.002654,0.006135
747.02,3.717423,3.71748,0.002675,0.006182
748.65,3.6888,3.688859,0.002696,0.00623
750.28,3.660258,3.660316,0.002717,0.006279
751.92,3.631795,3.631854,0.002738,0.006328
753.55,3.603411,3.60347,0.00276,0.006378
755.19,3.575105,3.575165,0.002781,0.006428
756.82,3.546877,3.546938,0.002804,0.006479
758.45,3.518727,3.518788,0.002826,0.006531
760.09,3.490653,3.490715,0.002849,0.006584
761.72,3.462656,3.462718,0.002872,0.006637
763.35,3.434735,3.434797,0.002895,0.006691
764.99,3.406889,3.406952,0.002919,0.006746
766.62,3.379118,3.379181,0.002943,0.006801
768.26,3.351422,3.351486,0.002967,0.006857
769.89,3.323799,3.323864,0.002992,0.006914
771.52,3.29625,3.296315,0.003017,0.006972
773.16,3.268774,3.26884,0.003042,0.007031
774.79,3.241371,3.241437,0.003068,0.00709
776.43,3.21404,3.214107,0.003094,0.00715
778.06,3.18678,3.186848,0.00312,0.007212
779.69,3.159592,3.15966,0.003147,0.007274
781.33,3.132474,3.132543,0.003174,0.007337
782.96,3.105427,3.105496,0.003202,0.0074
784.59,3.07845,3.07852,0.00323,0.007465
786.23,3.051542,3.051613,0.003259,0.007531
787.86,3.024703,3.024774,0.003288,0.007598
789.5,2.997933,2.998005,0.003317,0.007666
791.13,2.971231,2.971303,0.003347,0.007735
792.76,2.944597,2.94467,0.003377,0.007805
794.4,2.91803,2.918104,0.003408,0.007876
796.03,2.89153,2.891604,0.003439,0.007948
797.67,2.865096,2.865171,0.003471,0.008021
799.3,2.838729,2.838805,0.003503,0.008096
800.93,2.812427,2.812504,0.003536,0.008171
802.57,2.786191,2.786268,0.003569,0.008248
804.2,2.760019,2.760097,0.003603,0.008327
805.84,2.733912,2.733991,0.003637,0.008406
807.47,2.707869,2.707949,0.003672,0.008487
809.1,2.68189,2.68197,0.003708,0.008569
810.74,2.655974,2.656055,0.003744,0.008653
812.37,2.630122,2.630203,0.003781,0.008738
814.0,2.604331,2.604414,0.003818,0.008824
815.64,2.578603,2.578686,0.003856,0.008912
817.27,2.552937,2.553021,0.003895,0.009002
818.91,2.527332,2.527417,0.003935,0.009093
820.54,2.501788,2.501874,0.003975,0.009186
822.17,2.476305,2.476392,0.004016,0.00928
823.81,2.450883,2.45097,0.004057,0.009377
825.44,2.42552,2.425608,0.0041,0.009475
827.08,2.400217,2.400306,0.004143,0.009575
828.71,2.374973,2.375064,0.004187,0.009676
830.34,2.349789,2.34988,0.004232,0.00978
831.98,2.324662,2.324755,0.004278,0.009886
833.61,2.299594,2.299688,0.004324,0.009994
835.25,2.274585,2.274679,0.004372,0.010103
836.88,2.249632,2.249728,0.00442,0.010216
838.51,2.224737,2.224833,0.00447,0.01033
840.15,2.199899,2.199996,0.00452,0.010446
841.78,2.175117,2.175216,0.004572,0.010565
843.41,2.150392,2.150491,0.004624,0.010687
845.05,2.125722,2.125823,0.004678,0.010811
846.68,2.101108,2.10121,0.004733,0.010938
848.32,2.07655,2.076653,0.004789,0.011067
849.95,2.052046,2.05215,0.004846,0.011199
851.58,2.027597,2.027703,0.004904,0.011334
853.22,2.003202,2.003309,0.004964,0.011472
854.85,1.978861,1.97897,0.005025,0.011613
856.49,1.954574,1.954684,0.005088,0.011757
858.12,1.930341,1.930452,0.005151,0.011905
859.75,1.90616,1.906273,0.005217,0.012056
861.39,1.882033,1.882147,0.005284,0.012211
863.02,1.857957,1.858073,0.005352,0.012369
864.65,1.833934,1.834051,0.005422,0.012531
866.29,1.809963,1.810082,0.005494,0.012697
867.92,1.786044,1.786164,0.005568,0.012867
869.56,1.762176,1.762297,0.005643,0.013041
871.19,1.738358,1.738482,0.00572,0.01322
872.82,1.714592,1.714717,0.0058,0.013403
874.46,1.690876,1.691003,0.005881,0.013591
876.09,1.66721,1.667339,0.005964,0.013784
877.73,1.643594,1.643725,0.00605,0.013982
879.36,1.620028,1.620161,0.006138,0.014185
880.99,1.596511,1.596646,0.006229,0.014394
882.63,1.573043,1.57318,0.006321,0.014609
884.26,1.549624,1.549763,0.006417,0.014829
885.9,1.526254,1.526394,0.006515,0.015056
887.53,1.502932,1.503074,0.006616,0.01529
889.16,1.479657,1.479802,0.00672,0.015531
890.8,1.456431,1.456578,0.006828,0.015778
892.43,1.433252,1.433402,0.006938,0.016033
894.06,1.41012,1.410272,0.007052,0.016296
895.7,1.387035,1.38719,0.007169,0.016567
897.33,1.363997,1.364154,0.00729,0.016847
898.97,1.341005,1.341165,0.007415,0.017136
900.6,1.31806,1.318222,0.007544,0.017434
902.23,1.29516,1.295326,0.007678,0.017742
903.87,1.272306,1.272475,0.007816,0.018061
905.5,1.249498,1.24967,0.007958,0.018391
907.14,1.226735,1.226909,0.008106,0.018732
908.77,1.204016,1.204195,0.008259,0.019085
910.4,1.181343,1.181524,0.008417,0.019451
912.04,1.158714,1.158899,0.008582,0.019831
913.67,1.136129,1.136318,0.008752,0.020225
915.31,1.113588,1.113781,0.00893,0.020634
916.94,1.091091,1.091288,0.009114,0.02106
918.57,1.068638,1.068838,0.009305,0.021502
920.21,1.046227,1.046432,0.009505,0.021962
921.84,1.02386,1.02407,0.009712,0.022442
923.47,1.001536,1.00175,0.009929,0.022942
925.11,0.979254,0.979474,0.010155,0.023464
926.74,0.957015,0.95724,0.010391,0.024009
928.38,0.934818,0.935048,0.010637,0.024579
930.01,0.912663,0.912899,0.010896,0.025175
931.64,0.89055,0.890791,0.011166,0.0258
933.28,0.868478,0.868726,0.01145,0.026455
934.91,0.846448,0.846702,0.011748,0.027143
936.55,0.824459,0.824719,0.012061,0.027867
938.18,0.802511,0.802778,0.012391,0.028628
939.81,0.780603,0.780878,0.012739,0.029431
941.45,0.758736,0.759019,0.013106,0.030279
943.08,0.736909,0.7372,0.013494,0.031175
944.71,0.715122,0.715422,0.013905,0.032124
946.35,0.693375,0.693685,0.014341,0.033131
947.98,0.671668,0.671988,0.014805,0.0342
949.62,0.650001,0.650331,0.015298,0.035339
951.25,0.628372,0.628714,0.015825,0.036554
952.88,0.606783,0.607137,0.016388,0.037853
954.52,0.585233,0.5856,0.016991,0.039245
956.15,0.563722,0.564102,0.01764,0.040741
957.79,0.542249,0.542645,0.018338,0.042352
959.42,0.520814,0.521226,0.019093,0.044092
961.05,0.499418,0.499848,0.019911,0.045978
962.69,0.47806,0.478509,0.020801,0.048029
964.32,0.45674,0.45721,0.021772,0.050266
965.96,0.435458,0.435951,0.022836,0.052717
967.59,0.414213,0.414731,0.024007,0.055415
969.22,0.393006,0.393552,0.025302,0.058397
970.86,0.371837,0.372414,0.026743,0.061711
972.49,0.350705,0.351316,0.028354,0.065417
974.12,0.32961,0.330261,0.030169,0.069588
975.76,0.308553,0.309248,0.032228,0.074316
977.39,0.287533,0.288278,0.034584,0.079722
979.03,0.26655,0.267354,0.037306,0.085961
980.66,0.245606,0.246478,0.040487,0.093242
982.29,0.224699,0.225653,0.044254,0.101847
983.93,0.203832,0.204882,0.048785,0.112173
985.56,0.183004,0.184173,0.054337,0.124786
987.2,0.162217,0.163535,0.0613,0.140534
988.83,0.141474,0.142983,0.070288,0.160733
990.46,0.12078,0.122544,0.082331,0.187542
992.1,0.100142,0.102263,0.099299,0.224737
993.73,0.079577,0.08223,0.124961,0.279487
995.37,0.059125,0.06265,0.168185,0.366831
997.0,0.038911,0.044084,0.255553,0.521326
998.63,0.019575,0.028504,0.507981,0.80627
1000.27,0.009944,0.022982,1.0,1.0
1001.9,0.025632,0.032959,0.387946,0.69729
1003.53,0.045315,0.049828,0.219438,0.461234
1005.17,0.065454,0.068655,0.151923,0.334748
1006.8,0.085704,0.088173,0.116027,0.260649
1008.44,0.105983,0.107989,0.093826,0.212819
1010.07,0.12626,0.127949,0.078757,0.179619
1011.7,0.146524,0.147982,0.067866,0.155304
1013.34,0.166767,0.16805,0.059628,0.136758
1014.97,0.186986,0.188131,0.05318,0.12216
1016.61,0.207179,0.208212,0.047997,0.110378
1018.24,0.227343,0.228285,0.04374,0.100673
1019.87,0.247479,0.248345,0.040181,0.092541
1021.51,0.267586,0.268387,0.037162,0.085631
1023.14,0.287663,0.288408,0.034568,0.079686
1024.77,0.30771,0.308407,0.032316,0.074519
1026.41,0.327727,0.328382,0.030342,0.069986
1028.04,0.347715,0.348331,0.028598,0.065978
1029.68,0.367672,0.368255,0.027046,0.062408
1031.31,0.387599,0.388152,0.025655,0.059209
1032.94,0.407496,0.408023,0.024403,0.056326
1034.58,0.427364,0.427865,0.023268,0.053713
1036.21,0.447201,0.447681,0.022236,0.051336
1037.85,0.467009,0.467468,0.021293,0.049163
1039.48,0.486787,0.487228,0.020428,0.047169
1041.11,0.506535,0.506959,0.019631,0.045333
1042.75,0.526254,0.526662,0.018896,0.043637
1044.38,0.545944,0.546337,0.018214,0.042066
1046.02,0.565604,0.565984,0.017581,0.040606
1047.65,0.585236,0.585602,0.016991,0.039245
1049.28,0.604838,0.605193,0.016441,0.037975
1050.92,0.624412,0.624755,0.015925,0.036786
1052.55,0.643956,0.644289,0.015442,0.035671
1054.18,0.663472,0.663796,0.014988,0.034622
1055.82,0.68296,0.683274,0.01456,0.033635
1057.45,0.702419,0.702724,0.014157,0.032704
1059.09,0.72185,0.722147,0.013776,0.031825
1060.72,0.741252,0.741542,0.013415,0.030992
1062.35,0.760627,0.760909,0.013073,0.030204
1063.99,0.779974,0.780249,0.012749,0.029455
1065.62,0.799293,0.799561,0.012441,0.028743
1067.26,0.818584,0.818846,0.012148,0.028066
1068.89,0.837848,0.838104,0.011868,0.027422
1070.52,0.857085,0.857335,0.011602,0.026806
1072.16,0.876294,0.876539,0.011348,0.026219
1073.79,0.895476,0.895715,0.011105,0.025658
1075.43,0.91463,0.914865,0.010872,0.025121
1077.06,0.933758,0.933988,0.010649,0.024606
1078.69,0.95286,0.953085,0.010436,0.024113
1080.33,0.971934,0.972155,0.010231,0.02364
1081.96,0.990982,0.991198,0.010034,0.023186
1083.59,1.010003,1.010216,0.009845,0.02275
1085.23,1.028998,1.029207,0.009664,0.02233
1086.86,1.047967,1.048172,0.009489,0.021926
1088.5,1.06691,1.067111,0.00932,0.021537
1090.13,1.085827,1.086025,0.009158,0.021162
1091.76,1.104718,1.104912,0.009001,0.0208
1093.4,1.123583,1.123774,0.00885,0.020451
1095.03,1.142423,1.14261,0.008704,0.020114
1096.67,1.161237,1.161421,0.008563,0.019788
1098.3,1.180025,1.180207,0.008427,0.019473
1099.93,1.198788,1.198967,0.008295,0.019168
1101.57,1.217527,1.217703,0.008167,0.018873
1103.2,1.23624,1.236413,0.008044,0.018588
1104.83,1.254928,1.255099,0.007924,0.018311
1106.47,1.273591,1.273759,0.007808,0.018043
1108.1,1.292229,1.292395,0.007695,0.017783
1109.74,1.310843,1.311007,0.007586,0.01753
1111.37,1.329432,1.329594,0.00748,0.017285
1113.0,1.347997,1.348156,0.007377,0.017047
1114.64,1.366538,1.366695,0.007277,0.016816
1116.27,1.385054,1.385209,0.007179,0.016591
1117.91,1.403546,1.403699,0.007085,0.016373
1119.54,1.422014,1.422165,0.006993,0.01616
1121.17,1.440459,1.440608,0.006903,0.015953
1122.81,1.458879,1.459026,0.006816,0.015752
1124.44,1.477276,1.477421,0.006731,0.015556
1126.08,1.495649,1.495793,0.006649,0.015365
1127.71,1.513999,1.514141,0.006568,0.015178
1129.34,1.532325,1.532466,0.006489,0.014997
1130.98,1.550629,1.550767,0.006413,0.01482
1132.61,1.568909,1.569045,0.006338,0.014647
1134.24,1.587165,1.587301,0.006265,0.014479
1135.88,1.605399,1.605533,0.006194,0.014314
1137.51,1.62361,1.623742,0.006125,0.014154
1139.15,1.641798,1.641929,0.006057,0.013997
1140.78,1.659964,1.660093,0.00599,0.013844
1142.41,1.678107,1.678235,0.005926,0.013694
1144.05,1.696227,1.696354,0.005862,0.013548
1145.68,1.714325,1.71445,0.0058,0.013405
1147.32,1.732401,1.732525,0.00574,0.013265
1148.95,1.750454,1.750577,0.005681,0.013128
1150.58,1.768486,1.768607,0.005623,0.012994
1152.22,1.786495,1.786615,0.005566,0.012864
1153.85,1.804483,1.804602,0.005511,0.012735
1155.49,1.822448,1.822566,0.005456,0.01261
1157.12,1.840392,1.840509,0.005403,0.012487
1158.75,1.858314,1.85843,0.005351,0.012366
1160.39,1.876215,1.876329,0.0053,0.012248
1162.02,1.894094,1.894208,0.00525,0.012133
1163.65,1.911952,1.912064,0.005201,0.01202
1165.29,1.929789,1.9299,0.005153,0.011908
1166.92,1.947604,1.947714,0.005106,0.0118
1168.56,1.965398,1.965507,0.00506,0.011693
1170.19,1.983171,1.98328,0.005014,0.011588
1171.82,2.000924,2.001031,0.00497,0.011485
1173.46,2.018655,2.018762,0.004926,0.011384
1175.09,2.036366,2.036471,0.004883,0.011285
1176.73,2.054056,2.05416,0.004841,0.011188
1178.36,2.071725,2.071829,0.0048,0.011093
1179.99,2.089374,2.089477,0.004759,0.010999
1181.63,2.107003,2.107105,0.004719,0.010907
1183.26,2.124611,2.124712,0.00468,0.010817
1184.89,2.142199,2.142299,0.004642,0.010728
1186.53,2.159767,2.159866,0.004604,0.010641
1188.16,2.177314,2.177413,0.004567,0.010555
1189.8,2.194842,2.19494,0.004531,0.010471
1191.43,2.21235,2.212447,0.004495,0.010388
1193.06,2.229838,2.229934,0.004459,0.010306
1194.7,2.247306,2.247402,0.004425,0.010226
1196.33,2.264755,2.264849,0.004391,0.010147
1197.97,2.282184,2.282278,0.004357,0.01007
1199.6,2.299593,2.299686,0.004324,0.009994
1201.23,2.316983,2.317076,0.004292,0.009919
1202.87,2.334354,2.334446,0.00426,0.009845
1204.5,2.351705,2.351796,0.004228,0.009772
1206.14,2.369037,2.369128,0.004197,0.009701
1207.77,2.38635,2.38644,0.004167,0.00963
1209.4,2.403644,2.403734,0.004137,0.009561
1211.04,2.420919,2.421008,0.004108,0.009493
1212.67,2.438176,2.438264,0.004078,0.009426
1214.3,2.455413,2.4555,0.00405,0.009359
1215.94,2.472632,2.472718,0.004022,0.009294
1217.57,2.489832,2.489918,0.003994,0.00923
1219.21,2.507013,2.507099,0.003966,0.009167
1220.84,2.524176,2.524261,0.003939,0.009105
1222.47,2.54132,2.541405,0.003913,0.009043
1224.11,2.558446,2.55853,0.003887,0.008983
1225.74,2.575554,2.575638,0.003861,0.008923
1227.38,2.592644,2.592727,0.003835,0.008864
1229.01,2.609715,2.609798,0.00381,0.008806
1230.64,2.626769,2.62685,0.003786,0.008749
1232.28,2.643804,2.643885,0.003761,0.008693
1233.91,2.660822,2.660902,0.003737,0.008637
1235.55,2.677821,2.677901,0.003713,0.008582
1237.18,2.694803,2.694883,0.00369,0.008528
1238.81,2.711767,2.711846,0.003667,0.008475
1240.45,2.728714,2.728792,0.003644,0.008422
1242.08,2.745642,2.745721,0.003622,0.00837
1243.71,2.762554,2.762631,0.0036,0.008319
1245.35,2.779448,2.779525,0.003578,0.008268
1246.98,2.796324,2.796401,0.003556,0.008218
1248.62,2.813184,2.81326,0.003535,0.008169
1250.25,2.830026,2.830101,0.003514,0.008121
1251.88,2.846851,2.846926,0.003493,0.008073
1253.52,2.863658,2.863733,0.003472,0.008025
1255.15,2.880449,2.880524,0.003452,0.007978
1256.79,2.897223,2.897297,0.003432,0.007932
1258.42,2.91398,2.914053,0.003412,0.007887
1260.05,2.93072,2.930793,0.003393,0.007842
1261.69,2.947443,2.947516,0.003374,0.007797
1263.32,2.96415,2.964222,0.003355,0.007753
1264.95,2.98084,2.980912,0.003336,0.00771
1266.59,2.997513,2.997585,0.003317,0.007667
1268.22,3.01417,3.014241,0.003299,0.007625
1269.86,3.03081,3.030881,0.003281,0.007583
1271.49,3.047434,3.047505,0.003263,0.007541
1273.12,3.064042,3.064112,0.003245,0.0075
1274.76,3.080634,3.080703,0.003228,0.00746
1276.39,3.097209,3.097278,0.003211,0.00742
1278.03,3.113768,3.113837,0.003194,0.007381
1279.66,3.130311,3.13038,0.003177,0.007342
1281.29,3.146838,3.146906,0.00316,0.007303
1282.93,3.163349,3.163417,0.003143,0.007265
1284.56,3.179844,3.179912,0.003127,0.007227
1286.2,3.196324,3.196391,0.003111,0.00719
1287.83,3.212787,3.212854,0.003095,0.007153
1289.46,3.229235,3.229302,0.003079,0.007117
1291.1,3.245668,3.245734,0.003064,0.007081
1292.73,3.262084,3.26215,0.003048,0.007045
1294.36,3.278486,3.278551,0.003033,0.00701
1296.0,3.294871,3.294936,0.003018,0.006975
1297.63,3.311242,3.311306,0.003003,0.006941
1299.27,3.327597,3.327661,0.002988,0.006906
1300.9,3.343936,3.344,0.002974,0.006873
1302.53,3.360261,3.360324,0.002959,0.006839
1304.17,3.37657,3.376633,0.002945,0.006806
1305.8,3.392864,3.392927,0.002931,0.006774
1307.44,3.409143,3.409206,0.002917,0.006741
1309.07,3.425407,3.42547,0.002903,0.006709
1310.7,3.441656,3.441718,0.002889,0.006678
1312.34,3.45789,3.457952,0.002876,0.006646
1313.97,3.47411,3.474171,0.002862,0.006615
1315.61,3.490314,3.490376,0.002849,0.006584
1317.24,3.506504,3.506565,0.002836,0.006554
1318.87,3.522679,3.52274,0.002823,0.006524
1320.51,3.53884,3.5389,0.00281,0.006494
1322.14,3.554986,3.555046,0.002797,0.006465
1323.77,3.571117,3.571177,0.002785,0.006435
1325.41,3.587234,3.587294,0.002772,0.006407
1327.04,3.603337,3.603396,0.00276,0.006378
1328.68,3.619425,3.619484,0.002747,0.00635
1330.31,3.635499,3.635558,0.002735,0.006321
1331.94,3.651558,3.651617,0.002723,0.006294
1333.58,3.667604,3.667662,0.002711,0.006266
1335.21,3.683635,3.683693,0.002699,0.006239
1336.85,3.699652,3.69971,0.002688,0.006212
1338.48,3.715656,3.715713,0.002676,0.006185
1340.11,3.731645,3.731702,0.002665,0.006159
1341.75,3.74762,3.747677,0.002653,0.006132
1343.38,3.763581,3.763638,0.002642,0.006106
1345.02,3.779529,3.779586,0.002631,0.006081
1346.65,3.795463,3.795519,0.00262,0.006055
1348.28,3.811383,3.811439,0.002609,0.00603
1349.92,3.827289,3.827345,0.002598,0.006005
1351.55,3.843182,3.843238,0.002587,0.00598
1353.18,3.859061,3.859117,0.002577,0.005955
1354.82,3.874926,3.874982,0.002566,0.005931
1356.45,3.890779,3.890834,0.002556,0.005907
1358.09,3.906617,3.906672,0.002545,0.005883
1359.72,3.922442,3.922497,0.002535,0.005859
1361.35,3.938254,3.938309,0.002525,0.005836
1362.99,3.954053,3.954107,0.002515,0.005812
1364.62,3.969838,3.969892,0.002505,0.005789
1366.26,3.98561,3.985664,0.002495,0.005766
1367.89,4.001369,4.001423,0.002485,0.005743
1369.52,4.017115,4.017169,0.002475,0.005721
1371.16,4.032848,4.032901,0.002466,0.005699
1372.79,4.048568,4.048621,0.002456,0.005677
1374.42,4.064275,4.064328,0.002447,0.005655
1376.06,4.079969,4.080021,0.002437,0.005633
1377.69,4.09565,4.095702,0.002428,0.005611
1379.33,4.111318,4.11137,0.002419,0.00559
1380.96,4.126974,4.127026,0.002409,0.005569
1382.59,4.142616,4.142668,0.0024,0.005548
1384.23,4.158246,4.158298,0.002391,0.005527
1385.86,4.173864,4.173915,0.002382,0.005506
1387.5,4.189468,4.18952,0.002374,0.005486
1389.13,4.205061,4.205112,0.002365,0.005465
1390.76,4.22064,4.220691,0.002356,0.005445
1392.4,4.236208,4.236258,0.002347,0.005425
1394.03,4.251762,4.251813,0.002339,0.005405
1395.67,4.267305,4.267355,0.00233,0.005386
1397.3,4.282835,4.282885,0.002322,0.005366
1398.93,4.298353,4.298403,0.002313,0.005347
1400.57,4.313858,4.313908,0.002305,0.005327
1402.2,4.329351,4.329401,0.002297,0.005308
1403.83,4.344833,4.344882,0.002289,0.005289
1405.47,4.360302,4.360351,0.002281,0.005271
1407.1,4.375759,4.375808,0.002273,0.005252
1408.74,4.391204,4.391252,0.002265,0.005234
1410.37,4.406636,4.406685,0.002257,0.005215
1412.0,4.422057,4.422106,0.002249,0.005197
1413.64,4.437466,4.437515,0.002241,0.005179
1415.27,4.452864,4.452912,0.002233,0.005161
1416.91,4.468249,4.468297,0.002225,0.005143
1418.54,4.483622,4.48367,0.002218,0.005126
1420.17,4.498984,4.499032,0.00221,0.005108
1421.81,4.514334,4.514382,0.002203,0.005091
1423.44,4.529673,4.52972,0.002195,0.005074
1425.08,4.544999,4.545047,0.002188,0.005057
1426.71,4.560315,4.560362,0.002181,0.00504
1428.34,4.575618,4.575665,0.002173,0.005023
1429.98,4.59091,4.590957,0.002166,0.005006
1431.61,4.606191,4.606238,0.002159,0.004989
1433.24,4.62146,4.621507,0.002152,0.004973
1434.88,4.636718,4.636764,0.002145,0.004957
1436.51,4.651964,4.652011,0.002138,0.00494
1438.15,4.6672,4.667246,0.002131,0.004924
1439.78,4.682423,4.682469,0.002124,0.004908
1441.41,4.697636,4.697682,0.002117,0.004892
1443.05,4.712837,4.712883,0.00211,0.004876
1444.68,4.728028,4.728073,0.002103,0.004861
1446.32,4.743207,4.743252,0.002096,0.004845
1447.95,4.758375,4.75842,0.00209,0.00483
1449.58,4.773532,4.773577,0.002083,0.004814
1451.22,4.788678,4.788723,0.002077,0.004799
1452.85,4.803813,4.803857,0.00207,0.004784
1454.48,4.818937,4.818981,0.002064,0.004769
1456.12,4.83405,4.834094,0.002057,0.004754
1457.75,4.849152,4.849197,0.002051,0.004739
1459.39,4.864244,4.864288,0.002044,0.004725
1461.02,4.879324,4.879368,0.002038,0.00471
1462.65,4.894394,4.894438,0.002032,0.004696
1464.29,4.909454,4.909497,0.002025,0.004681
1465.92,4.924502,4.924546,0.002019,0.004667
1467.56,4.93954,4.939583,0.002013,0.004653
1469.19,4.954567,4.95461,0.002007,0.004639
1470.82,4.969584,4.969627,0.002001,0.004625
1472.46,4.98459,4.984633,0.001995,0.004611
1474.09,4.999586,4.999628,0.001989,0.004597
1475.73,5.014571,5.014614,0.001983,0.004583
1477.36,5.029545,5.029588,0.001977,0.004569
1478.99,5.04451,5.044552,0.001971,0.004556
1480.63,5.059464,5.059506,0.001965,0.004542
1482.26,5.074407,5.07445,0.00196,0.004529
1483.89,5.089341,5.089383,0.001954,0.004516
1485.53,5.104264,5.104306,0.001948,0.004503
1487.16,5.119176,5.119218,0.001942,0.004489
1488.8,5.134079,5.134121,0.001937,0.004476
1490.43,5.148971,5.149013,0.001931,0.004463
1492.06,5.163854,5.163895,0.001926,0.004451
1493.7,5.178726,5.178767,0.00192,0.004438
1495.33,5.193588,5.193629,0.001915,0.004425
1496.97,5.20844,5.208481,0.001909,0.004412
1498.6,5.223282,5.223323,0.001904,0.0044
1500.23,5.238114,5.238155,0.001898,0.004387
1501.87,5.252937,5.252977,0.001893,0.004375
1503.5,5.267749,5.26779,0.001888,0.004363
1505.14,5.282551,5.282592,0.001882,0.004351
1506.77,5.297344,5.297384,0.001877,0.004338
1508.4,5.312127,5.312167,0.001872,0.004326
1510.04,5.3269,5.32694,0.001867,0.004314
1511.67,5.341663,5.341703,0.001862,0.004302
1513.3,5.356417,5.356457,0.001856,0.004291
1514.94,5.37116,5.3712,0.001851,0.004279
1516.57,5.385895,5.385934,0.001846,0.004267
1518.21,5.400619,5.400659,0.001841,0.004255
1519.84,5.415334,5.415374,0.001836,0.004244
1521.47,5.43004,5.430079,0.001831,0.004232
1523.11,5.444736,5.444775,0.001826,0.004221
1524.74,5.459422,5.459461,0.001821,0.00421
1526.38,5.474099,5.474138,0.001817,0.004198
1528.01,5.488767,5.488806,0.001812,0.004187
1529.64,5.503425,5.503464,0.001807,0.004176
1531.28,5.518074,5.518112,0.001802,0.004165
1532.91,5.532713,5.532752,0.001797,0.004154
1534.54,5.547343,5.547382,0.001793,0.004143
1536.18,5.561964,5.562003,0.001788,0.004132
1537.81,5.576576,5.576614,0.001783,0.004121
1539.45,5.591178,5.591216,0.001779,0.00411
1541.08,5.605771,5.605809,0.001774,0.0041
1542.71,5.620355,5.620393,0.001769,0.004089
1544.35,5.63493,5.634968,0.001765,0.004078
1545.98,5.649496,5.649534,0.00176,0.004068
1547.62,5.664052,5.66409,0.001756,0.004058
1549.25,5.6786,5.678638,0.001751,0.004047
1550.88,5.693139,5.693176,0.001747,0.004037
1552.52,5.707668,5.707706,0.001742,0.004027
1554.15,5.722189,5.722226,0.001738,0.004016
1555.79,5.736701,5.736738,0.001733,0.004006
1557.42,5.751203,5.751241,0.001729,0.003996
1559.05,5.765697,5.765735,0.001725,0.003986
1560.69,5.780182,5.780219,0.00172,0.003976
1562.32,5.794659,5.794696,0.001716,0.003966
1563.95,5.809126,5.809163,0.001712,0.003956
1565.59,5.823585,5.823622,0.001708,0.003946
1567.22,5.838035,5.838071,0.001703,0.003937
1568.86,5.852476,5.852513,0.001699,0.003927
1570.49,5.866908,5.866945,0.001695,0.003917
1572.12,5.881332,5.881369,0.001691,0.003908
1573.76,5.895748,5.895784,0.001687,0.003898
1575.39,5.910154,5.91019,0.001683,0.003889
1577.03,5.924552,5.924588,0.001678,0.003879
1578.66,5.938942,5.938978,0.001674,0.00387
1580.29,5.953323,5.953359,0.00167,0.00386
1581.93,5.967695,5.967731,0.001666,0.003851
1583.56,5.982059,5.982095,0.001662,0.003842
1585.2,5.996415,5.99645,0.001658,0.003833
1586.83,6.010762,6.010798,0.001654,0.003823
1588.46,6.025101,6.025136,0.00165,0.003814
1590.1,6.039431,6.039466,0.001647,0.003805
1591.73,6.053753,6.053788,0.001643,0.003796
1593.36,6.068067,6.068102,0.001639,0.003787
1595.0,6.082372,6.082407,0.001635,0.003778
1596.63,6.096669,6.096704,0.001631,0.00377
1598.27,6.110958,6.110993,0.001627,0.003761
1599.9,6.125239,6.125274,0.001623,0.003752
1601.53,6.139511,6.139546,0.00162,0.003743
1603.17,6.153776,6.15381,0.001616,0.003735
1604.8,6.168032,6.168067,0.001612,0.003726
1606.44,6.18228,6.182315,0.001608,0.003717
1608.07,6.19652,6.196554,0.001605,0.003709
1609.7,6.210752,6.210786,0.001601,0.0037
1611.34,6.224976,6.22501,0.001597,0.003692
1612.97,6.239191,6.239226,0.001594,0.003683
1614.6,6.253399,6.253434,0.00159,0.003675
1616.24,6.267599,6.267633,0.001587,0.003667
1617.87,6.281791,6.281825,0.001583,0.003659
1619.51,6.295975,6.296009,0.001579,0.00365
1621.14,6.310151,6.310185,0.001576,0.003642
1622.77,6.324319,6.324353,0.001572,0.003634
1624.41,6.33848,6.338514,0.001569,0.003626
1626.04,6.352632,6.352666,0.001565,0.003618
1627.68,6.366777,6.366811,0.001562,0.00361
1629.31,6.380914,6.380948,0.001558,0.003602
1630.94,6.395043,6.395077,0.001555,0.003594
1632.58,6.409165,6.409198,0.001552,0.003586
1634.21,6.423279,6.423312,0.001548,0.003578
1635.85,6.437385,6.437418,0.001545,0.00357
1637.48,6.451483,6.451516,0.001541,0.003562
1639.11,6.465574,6.465607,0.001538,0.003555
1640.75,6.479657,6.47969,0.001535,0.003547
1642.38,6.493733,6.493766,0.001531,0.003539
1644.01,6.507801,6.507834,0.001528,0.003531
1645.65,6.521861,6.521894,0.001525,0.003524
1647.28,6.535914,6.535947,0.001521,0.003516
1648.92,6.54996,6.549992,0.001518,0.003509
1650.55,6.563998,6.56403,0.001515,0.003501
1652.18,6.578028,6.578061,0.001512,0.003494
1653.82,6.592051,6.592084,0.001508,0.003486
1655.45,6.606067,6.606099,0.001505,0.003479
1657.09,6.620075,6.620107,0.001502,0.003472
1658.72,6.634076,6.634108,0.001499,0.003464
1660.35,6.648069,6.648102,0.001496,0.003457
1661.99,6.662056,6.662088,0.001493,0.00345
1663.62,6.676034,6.676067,0.001489,0.003442
1665.26,6.690006,6.690038,0.001486,0.003435
1666.89,6.70397,6.704002,0.001483,0.003428
1668.52,6.717927,6.717959,0.00148,0.003421
1670.16,6.731877,6.731909,0.001477,0.003414
1671.79,6.74582,6.745852,0.001474,0.003407
1673.42,6.759755,6.759787,0.001471,0.0034
1675.06,6.773684,6.773715,0.001468,0.003393
1676.69,6.787605,6.787637,0.001465,0.003386
1678.33,6.801519,6.801551,0.001462,0.003379
1679.96,6.815426,6.815457,0.001459,0.003372
1681.59,6.829326,6.829357,0.001456,0.003365
1683.23,6.843219,6.84325,0.001453,0.003358
1684.86,6.857105,6.857136,0.00145,0.003352
1686.5,6.870983,6.871015,0.001447,0.003345
1688.13,6.884855,6.884886,0.001444,0.003338
1689.76,6.89872,6.898751,0.001441,0.003331
1691.4,6.912578,6.912609,0.001439,0.003325
1693.03,6.926429,6.92646,0.001436,0.003318
1694.66,6.940273,6.940304,0.001433,0.003311
1696.3,6.95411,6.954141,0.00143,0.003305
1697.93,6.96794,6.967971,0.001427,0.003298
1699.57,6.981764,6.981794,0.001424,0.003292
1701.2,6.99558,6.995611,0.001421,0.003285
1702.83,7.00939,7.009421,0.001419,0.003279
1704.47,7.023193,7.023224,0.001416,0.003272
1706.1,7.036989,7.03702,0.001413,0.003266
1707.74,7.050779,7.050809,0.00141,0.00326
1709.37,7.064561,7.064592,0.001408,0.003253
1711.0,7.078337,7.078368,0.001405,0.003247
1712.64,7.092107,7.092137,0.001402,0.003241
1714.27,7.105869,7.105899,0.001399,0.003234
1715.91,7.119625,7.119655,0.001397,0.003228
1717.54,7.133374,7.133405,0.001394,0.003222
1719.17,7.147117,7.147147,0.001391,0.003216
1720.81,7.160853,7.160883,0.001389,0.003209
1722.44,7.174583,7.174613,0.001386,0.003203
1724.07,7.188306,7.188336,0.001383,0.003197
1725.71,7.202022,7.202052,0.001381,0.003191
1727.34,7.215732,7.215762,0.001378,0.003185
1728.98,7.229435,7.229465,0.001375,0.003179
1730.61,7.243132,7.243162,0.001373,0.003173
1732.24,7.256823,7.256852,0.00137,0.003167
1733.88,7.270507,7.270536,0.001368,0.003161
1735.51,7.284184,7.284214,0.001365,0.003155
1737.15,7.297855,7.297885,0.001363,0.003149
1738.78,7.31152,7.311549,0.00136,0.003143
1740.41,7.325178,7.325207,0.001358,0.003137
1742.05,7.33883,7.338859,0.001355,0.003132
1743.68,7.352476,7.352505,0.001352,0.003126
1745.32,7.366115,7.366144,0.00135,0.00312
1746.95,7.379748,7.379777,0.001347,0.003114
1748.58,7.393375,7.393404,0.001345,0.003108
1750.22,7.406995,7.407024,0.001343,0.003103
1751.85,7.420609,7.420638,0.00134,0.003097
1753.48,7.434217,7.434246,0.001338,0.003091
1755.12,7.447819,7.447848,0.001335,0.003086
1756.75,7.461414,7.461443,0.001333,0.00308
1758.39,7.475004,7.475032,0.00133,0.003075
1760.02,7.488587,7.488615,0.001328,0.003069
1761.65,7.502164,7.502192,0.001325,0.003063
1763.29,7.515734,7.515763,0.001323,0.003058
1764.92,7.529299,7.529328,0.001321,0.003052
1766.56,7.542858,7.542886,0.001318,0.003047
1768.19,7.55641,7.556439,0.001316,0.003041
1769.82,7.569957,7.569985,0.001314,0.003036
1771.46,7.583497,7.583525,0.001311,0.003031
1773.09,7.597031,7.59706,0.001309,0.003025
1774.72,7.61056,7.610588,0.001307,0.00302
1776.36,7.624082,7.62411,0.001304,0.003014
1777.99,7.637599,7.637627,0.001302,0.003009
1779.63,7.651109,7.651137,0.0013,0.003004
1781.26,7.664613,7.664641,0.001297,0.002998
1782.89,7.678112,7.67814,0.001295,0.002993
1784.53,7.691604,7.691632,0.001293,0.002988
1786.16,7.705091,7.705119,0.001291,0.002983
1787.8,7.718572,7.7186,0.001288,0.002978
1789.43,7.732047,7.732075,0.001286,0.002972
1791.06,7.745516,7.745544,0.001284,0.002967
1792.7,7.758979,7.759007,0.001282,0.002962
1794.33,7.772437,7.772464,0.001279,0.002957
1795.97,7.785888,7.785916,0.001277,0.002952
1797.6,7.799334,7.799362,0.001275,0.002947
1799.23,7.812774,7.812802,0.001273,0.002942
1800.87,7.826208,7.826236,0.001271,0.002937
1802.5,7.839637,7.839664,0.001268,0.002932
1804.13,7.85306,7.853087,0.001266,0.002927
1805.77,7.866477,7.866504,0.001264,0.002922
1807.4,7.879888,7.879915,0.001262,0.002917
1809.04,7.893294,7.893321,0.00126,0.002912
1810.67,7.906694,7.906721,0.001258,0.002907
1812.3,7.920088,7.920115,0.001256,0.002902
1813.94,7.933477,7.933504,0.001253,0.002897
1815.57,7.94686,7.946887,0.001251,0.002892
1817.21,7.960238,7.960265,0.001249,0.002887
1818.84,7.97361,7.973637,0.001247,0.002882
1820.47,7.986976,7.987003,0.001245,0.002877
1822.11,8.000337,8.000364,0.001243,0.002873
1823.74,8.013692,8.013719,0.001241,0.002868
1825.38,8.027042,8.027069,0.001239,0.002863
1827.01,8.040386,8.040413,0.001237,0.002858
1828.64,8.053725,8.053751,0.001235,0.002854
1830.28,8.067058,8.067085,0.001233,0.002849
1831.91,8.080386,8.080412,0.001231,0.002844
1833.54,8.093708,8.093735,0.001229,0.002839
1835.18,8.107025,8.107051,0.001227,0.002835
1836.81,8.120336,8.120363,0.001225,0.00283
1838.45,8.133642,8.133669,0.001223,0.002826
1840.08,8.146943,8.146969,0.001221,0.002821
1841.71,8.160238,8.160265,0.001219,0.002816
1843.35,8.173528,8.173554,0.001217,0.002812
1844.98,8.186813,8.186839,0.001215,0.002807
1846.62,8.200092,8.200118,0.001213,0.002803
1848.25,8.213366,8.213392,0.001211,0.002798
1849.88,8.226634,8.22666,0.001209,0.002794
1851.52,8.239897,8.239923,0.001207,0.002789
1853.15,8.253155,8.253181,0.001205,0.002785
1854.78,8.266408,8.266434,0.001203,0.00278
1856.42,8.279655,8.279681,0.001201,0.002776
1858.05,8.292898,8.292924,0.001199,0.002771
1859.69,8.306135,8.30616,0.001197,0.002767
1861.32,8.319366,8.319392,0.001195,0.002762
1862.95,8.332593,8.332619,0.001193,0.002758
1864.59,8.345814,8.34584,0.001191,0.002754
1866.22,8.35903,8.359056,0.00119,0.002749
1867.86,8.372241,8.372267,0.001188,0.002745
1869.49,8.385447,8.385473,0.001186,0.002741
1871.12,8.398648,8.398673,0.001184,0.002736
1872.76,8.411844,8.411869,0.001182,0.002732
1874.39,8.425034,8.425059,0.00118,0.002728
1876.03,8.438219,8.438245,0.001178,0.002724
1877.66,8.4514,8.451425,0.001177,0.002719
1879.29,8.464575,8.4646,0.001175,0.002715
1880.93,8.477745,8.47777,0.001173,0.002711
1882.56,8.49091,8.490936,0.001171,0.002707
1884.19,8.50407,8.504096,0.001169,0.002702
1885.83,8.517226,8.517251,0.001168,0.002698
1887.46,8.530376,8.530401,0.001166,0.002694
1889.1,8.543521,8.543546,0.001164,0.00269
1890.73,8.556661,8.556686,0.001162,0.002686
1892.36,8.569796,8.569821,0.00116,0.002682
1894.0,8.582926,8.582951,0.001159,0.002678
1895.63,8.596052,8.596077,0.001157,0.002674
1897.27,8.609172,8.609197,0.001155,0.002669
1898.9,8.622287,8.622312,0.001153,0.002665
1900.53,8.635398,8.635423,0.001152,0.002661
1902.17,8.648504,8.648528,0.00115,0.002657
1903.8,8.661604,8.661629,0.001148,0.002653
1905.44,8.6747,8.674725,0.001146,0.002649
1907.07,8.687791,8.687816,0.001145,0.002645
1908.7,8.700878,8.700902,0.001143,0.002641
1910.34,8.713959,8.713984,0.001141,0.002637
1911.97,8.727036,8.72706,0.001139,0.002633
1913.6,8.740108,8.740132,0.001138,0.002629
1915.24,8.753175,8.753199,0.001136,0.002626
1916.87,8.766237,8.766261,0.001134,0.002622
1918.51,8.779294,8.779319,0.001133,0.002618
1920.14,8.792347,8.792371,0.001131,0.002614
1921.77,8.805395,8.805419,0.001129,0.00261
1923.41,8.818438,8.818463,0.001128,0.002606
1925.04,8.831477,8.831501,0.001126,0.002602
1926.68,8.844511,8.844535,0.001124,0.002598
1928.31,8.85754,8.857564,0.001123,0.002595
1929.94,8.870564,8.870589,0.001121,0.002591
1931.58,8.883584,8.883608,0.001119,0.002587
1933.21,8.896599,8.896623,0.001118,0.002583
1934.84,8.90961,8.909634,0.001116,0.002579
1936.48,8.922616,8.92264,0.001114,0.002576
1938.11,8.935617,8.935641,0.001113,0.002572
1939.75,8.948614,8.948638,0.001111,0.002568
1941.38,8.961606,8.96163,0.00111,0.002565
1943.01,8.974593,8.974617,0.001108,0.002561
1944.65,8.987576,8.9876,0.001106,0.002557
1946.28,9.000554,9.000578,0.001105,0.002553
1947.92,9.013528,9.013552,0.001103,0.00255
1949.55,9.026498,9.026521,0.001102,0.002546
1951.18,9.039462,9.039486,0.0011,0.002542
1952.82,9.052422,9.052446,0.001098,0.002539
1954.45,9.065378,9.065402,0.001097,0.002535
1956.09,9.078329,9.078353,0.001095,0.002532
1957.72,9.091276,9.0913,0.001094,0.002528
1959.35,9.104218,9.104242,0.001092,0.002524
1960.99,9.117156,9.11718,0.001091,0.002521
1962.62,9.13009,9.130113,0.001089,0.002517
1964.25,9.143018,9.143042,0.001088,0.002514
1965.89,9.155943,9.155966,0.001086,0.00251
1967.52,9.168863,9.168886,0.001085,0.002507
1969.16,9.181779,9.181802,0.001083,0.002503
1970.79,9.19469,9.194713,0.001081,0.002499
1972.42,9.207597,9.20762,0.00108,0.002496
1974.06,9.220499,9.220523,0.001078,0.002492
1975.69,9.233398,9.233421,0.001077,0.002489
1977.33,9.246291,9.246315,0.001075,0.002486
1978.96,9.259181,9.259204,0.001074,0.002482
1980.59,9.272066,9.272089,0.001072,0.002479
1982.23,9.284947,9.28497,0.001071,0.002475
1983.86,9.297823,9.297846,0.001069,0.002472
1985.5,9.310696,9.310719,0.001068,0.002468
1987.13,9.323563,9.323586,0.001067,0.002465
1988.76,9.336427,9.33645,0.001065,0.002462
1990.4,9.349287,9.349309,0.001064,0.002458
1992.03,9.362142,9.362165,0.001062,0.002455
1993.66,9.374993,9.375015,0.001061,0.002451
1995.3,9.387839,9.387862,0.001059,0.002448
1996.93,9.400682,9.400704,0.001058,0.002445
1998.57,9.41352,9.413543,0.001056,0.002441
2000.2,9.426354,9.426377,0.001055,0.002438
2001.83,9.439184,9.439206,0.001053,0.002435
2003.47,9.452009,9.452032,0.001052,0.002431
2005.1,9.464831,9.464854,0.001051,0.002428
2006.74,9.477648,9.477671,0.001049,0.002425
2008.37,9.490461,9.490484,0.001048,0.002422
2010.0,9.50327,9.503293,0.001046,0.002418
2011.64,9.516075,9.516098,0.001045,0.002415
2013.27,9.528876,9.528899,0.001044,0.002412
2014.9,9.541673,9.541695,0.001042,0.002409
2016.54,9.554465,9.554488,0.001041,0.002405
2018.17,9.567254,9.567276,0.001039,0.002402
2019.81,9.580038,9.580061,0.001038,0.002399
2021.44,9.592818,9.592841,0.001037,0.002396
2023.07,9.605595,9.605617,0.001035,0.002393
2024.71,9.618367,9.618389,0.001034,0.002389
2026.34,9.631135,9.631157,0.001032,0.002386
2027.98,9.643899,9.643921,0.001031,0.002383
2029.61,9.656659,9.656682,0.00103,0.00238
2031.24,9.669415,9.669438,0.001028,0.002377
2032.88,9.682168,9.68219,0.001027,0.002374
2034.51,9.694916,9.694938,0.001026,0.002371
2036.15,9.70766,9.707682,0.001024,0.002367
2037.78,9.7204,9.720422,0.001023,0.002364
2039.41,9.733136,9.733158,0.001022,0.002361
2041.05,9.745868,9.74589,0.00102,0.002358
2042.68,9.758597,9.758619,0.001019,0.002355
2044.31,9.771321,9.771343,0.001018,0.002352
2045.95,9.784041,9.784063,0.001016,0.002349
2047.58,9.796758,9.79678,0.001015,0.002346
2049.22,9.80947,9.809492,0.001014,0.002343
2050.85,9.822179,9.822201,0.001012,0.00234
2052.48,9.834884,9.834906,0.001011,0.002337
2054.12,9.847585,9.847607,0.00101,0.002334
2055.75,9.860282,9.860304,0.001008,0.002331
2057.39,9.872975,9.872997,0.001007,0.002328
2059.02,9.885664,9.885686,0.001006,0.002325
2060.65,9.89835,9.898372,0.001005,0.002322
2062.29,9.911032,9.911053,0.001003,0.002319
2063.92,9.923709,9.923731,0.001002,0.002316
2065.56,9.936383,9.936405,0.001001,0.002313
2067.19,9.949054,9.949075,0.000999,0.00231
2068.82,9.96172,9.961742,0.000998,0.002307
2070.46,9.974383,9.974404,0.000997,0.002304
2072.09,9.987042,9.987063,0.000996,0.002301
2073.72,9.999697,9.999718,0.000994,0.002298
2075.36,10.012348,10.012369,0.000993,0.002295
2076.99,10.024996,10.025017,0.000992,0.002292
2078.63,10.037639,10.037661,0.000991,0.00229
2080.26,10.050279,10.050301,0.000989,0.002287
2081.89,10.062916,10.062937,0.000988,0.002284
2083.53,10.075548,10.07557,0.000987,0.002281
2085.16,10.088177,10.088199,0.000986,0.002278
2086.8,10.100803,10.100824,0.000984,0.002275
2088.43,10.113424,10.113445,0.000983,0.002272
2090.06,10.126042,10.126063,0.000982,0.00227
2091.7,10.138656,10.138677,0.000981,0.002267
2093.33,10.151267,10.151288,0.00098,0.002264
2094.96,10.163874,10.163895,0.000978,0.002261
2096.6,10.176477,10.176498,0.000977,0.002258
2098.23,10.189076,10.189097,0.000976,0.002256
2099.87,10.201672,10.201693,0.000975,0.002253
2101.5,10.214265,10.214286,0.000974,0.00225
2103.13,10.226853,10.226874,0.000972,0.002247
2104.77,10.239438,10.239459,0.000971,0.002244
2106.4,10.25202,10.252041,0.00097,0.002242
2108.04,10.264598,10.264619,0.000969,0.002239
2109.67,10.277172,10.277193,0.000968,0.002236
2111.3,10.289743,10.289764,0.000966,0.002233
2112.94,10.30231,10.302331,0.000965,0.002231
2114.57,10.314874,10.314895,0.000964,0.002228
2116.21,10.327434,10.327455,0.000963,0.002225
2117.84,10.33999,10.340011,0.000962,0.002223
2119.47,10.352543,10.352564,0.000961,0.00222
2121.11,10.365093,10.365114,0.000959,0.002217
2122.74,10.377639,10.37766,0.000958,0.002215
2124.37,10.390181,10.390202,0.000957,0.002212
2126.01,10.40272,10.402741,0.000956,0.002209
2127.64,10.415256,10.415276,0.000955,0.002207
2129.28,10.427788,10.427808,0.000954,0.002204
2130.91,10.440316,10.440337,0.000952,0.002201
2132.54,10.452841,10.452862,0.000951,0.002199
2134.18,10.465363,10.465384,0.00095,0.002196
2135.81,10.477881,10.477902,0.000949,0.002193
2137.45,10.490396,10.490416,0.000948,0.002191
2139.08,10.502907,10.502928,0.000947,0.002188
2140.71,10.515415,10.515435,0.000946,0.002186
2142.35,10.527919,10.52794,0.000945,0.002183
2143.98,10.54042,10.540441,0.000943,0.00218
2145.62,10.552918,10.552938,0.000942,0.002178
2147.25,10.565412,10.565433,0.000941,0.002175
2148.88,10.577903,10.577923,0.00094,0.002173
2150.52,10.590391,10.590411,0.000939,0.00217
2152.15,10.602875,10.602895,0.000938,0.002168
2153.78,10.615355,10.615376,0.000937,0.002165
2155.42,10.627833,10.627853,0.000936,0.002162
2157.05,10.640307,10.640327,0.000935,0.00216
2158.69,10.652777,10.652797,0.000933,0.002157
2160.32,10.665245,10.665265,0.000932,0.002155
2161.95,10.677709,10.677729,0.000931,0.002152
2163.59,10.690169,10.690189,0.00093,0.00215
2165.22,10.702627,10.702647,0.000929,0.002147
2166.86,10.715081,10.715101,0.000928,0.002145
2168.49,10.727531,10.727551,0.000927,0.002142
2170.12,10.739979,10.739999,0.000926,0.00214
2171.76,10.752423,10.752443,0.000925,0.002137
2173.39,10.764864,10.764884,0.000924,0.002135
2175.03,10.777302,10.777322,0.000923,0.002132
2176.66,10.789736,10.789756,0.000922,0.00213
2178.29,10.802167,10.802187,0.000921,0.002128
2179.93,10.814595,10.814615,0.000919,0.002125
2181.56,10.82702,10.827039,0.000918,0.002123
2183.19,10.839441,10.839461,0.000917,0.00212
2184.83,10.851859,10.851879,0.000916,0.002118
2186.46,10.864274,10.864294,0.000915,0.002115
2188.1,10.876686,10.876706,0.000914,0.002113
2189.73,10.889095,10.889114,0.000913,0.002111
2191.36,10.9015,10.90152,0.000912,0.002108
2193.0,10.913902,10.913922,0.000911,0.002106
2194.63,10.926301,10.926321,0.00091,0.002103
2196.27,10.938697,10.938717,0.000909,0.002101
2197.9,10.95109,10.951109,0.000908,0.002099
2199.53,10.963479,10.963499,0.000907,0.002096
2201.17,10.975865,10.975885,0.000906,0.002094
2202.8,10.988249,10.988268,0.000905,0.002092
2204.43,11.000629,11.000648,0.000904,0.002089
2206.07,11.013006,11.013025,0.000903,0.002087
2207.7,11.025379,11.025399,0.000902,0.002084
2209.34,11.03775,11.03777,0.000901,0.002082
2210.97,11.050118,11.050137,0.0009,0.00208
2212.6,11.062482,11.062502,0.000899,0.002077
2214.24,11.074844,11.074863,0.000898,0.002075
2215.87,11.087202,11.087221,0.000897,0.002073
2217.51,11.099557,11.099576,0.000896,0.002071
2219.14,11.111909,11.111928,0.000895,0.002068
2220.77,11.124258,11.124277,0.000894,0.002066
2222.41,11.136604,11.136623,0.000893,0.002064
2224.04,11.148947,11.148966,0.000892,0.002061
2225.68,11.161287,11.161306,0.000891,0.002059
2227.31,11.173624,11.173643,0.00089,0.002057
2228.94,11.185958,11.185977,0.000889,0.002055
2230.58,11.198288,11.198308,0.000888,0.002052
2232.21,11.210616,11.210635,0.000887,0.00205
2233.84,11.222941,11.22296,0.000886,0.002048
2235.48,11.235263,11.235282,0.000885,0.002046
2237.11,11.247581,11.2476,0.000884,0.002043
2238.75,11.259897,11.259916,0.000883,0.002041
2240.38,11.27221,11.272229,0.000882,0.002039
2242.01,11.28452,11.284539,0.000881,0.002037
2243.65,11.296826,11.296845,0.00088,0.002034
2245.28,11.30913,11.309149,0.000879,0.002032
2246.92,11.321431,11.32145,0.000878,0.00203
2248.55,11.333729,11.333748,0.000877,0.002028
2250.18,11.346024,11.346043,0.000876,0.002026
2251.82,11.358316,11.358335,0.000875,0.002023
2253.45,11.370605,11.370624,0.000875,0.002021
2255.09,11.382891,11.38291,0.000874,0.002019
2256.72,11.395174,11.395193,0.000873,0.002017
2258.35,11.407455,11.407473,0.000872,0.002015
2259.99,11.419732,11.419751,0.000871,0.002012
2261.62,11.432006,11.432025,0.00087,0.00201
2263.25,11.444278,11.444297,0.000869,0.002008
2264.89,11.456547,11.456565,0.000868,0.002006
2266.52,11.468812,11.468831,0.000867,0.002004
2268.16,11.481075,11.481094,0.000866,0.002002
2269.79,11.493335,11.493354,0.000865,0.002
2271.42,11.505592,11.505611,0.000864,0.001997
2273.06,11.517847,11.517865,0.000863,0.001995
2274.69,11.530098,11.530117,0.000862,0.001993
2276.33,11.542347,11.542365,0.000862,0.001991
2277.96,11.554593,11.554611,0.000861,0.001989
2279.59,11.566835,11.566854,0.00086,0.001987
2281.23,11.579076,11.579094,0.000859,0.001985
2282.86,11.591313,11.591331,0.000858,0.001983
2284.49,11.603547,11.603566,0.000857,0.001981
2286.13,11.615779,11.615797,0.000856,0.001979
2287.76,11.628008,11.628026,0.000855,0.001976
2289.4,11.640234,11.640252,0.000854,0.001974
2291.03,11.652457,11.652475,0.000853,0.001972
2292.66,11.664677,11.664696,0.000852,0.00197
2294.3,11.676895,11.676913,0.000852,0.001968
2295.93,11.68911,11.689128,0.000851,0.001966
2297.57,11.701322,11.70134,0.00085,0.001964
2299.2,11.713531,11.71355,0.000849,0.001962
2300.83,11.725738,11.725756,0.000848,0.00196
2302.47,11.737942,11.73796,0.000847,0.001958
2304.1,11.750143,11.750161,0.000846,0.001956
2305.74,11.762341,11.762359,0.000845,0.001954
2307.37,11.774537,11.774555,0.000845,0.001952
2309.0,11.786729,11.786748,0.000844,0.00195
2310.64,11.798919,11.798938,0.000843,0.001948
2312.27,11.811107,11.811125,0.000842,0.001946
2313.9,11.823292,11.82331,0.000841,0.001944
2315.54,11.835474,11.835492,0.00084,0.001942
2317.17,11.847653,11.847671,0.000839,0.00194
2318.81,11.859829,11.859848,0.000838,0.001938
2320.44,11.872003,11.872021,0.000838,0.001936
2322.07,11.884175,11.884193,0.000837,0.001934
2323.71,11.896343,11.896361,0.000836,0.001932
2325.34,11.908509,11.908527,0.000835,0.00193
2326.98,11.920672,11.92069,0.000834,0.001928
2328.61,11.932833,11.932851,0.000833,0.001926
2330.24,11.94499,11.945008,0.000832,0.001924
2331.88,11.957146,11.957164,0.000832,0.001922
2333.51,11.969298,11.969316,0.000831,0.00192
2335.15,11.981448,11.981466,0.00083,0.001918
2336.78,11.993596,11.993613,0.000829,0.001916
2338.41,12.00574,12.005758,0.000828,0.001914
2340.05,12.017882,12.0179,0.000827,0.001912
2341.68,12.030022,12.030039,0.000827,0.00191
2343.31,12.042158,12.042176,0.000826,0.001908
2344.95,12.054293,12.05431,0.000825,0.001907
2346.58,12.066424,12.066442,0.000824,0.001905
2348.22,12.078553,12.078571,0.000823,0.001903
2349.85,12.09068,12.090697,0.000822,0.001901
2351.48,12.102804,12.102821,0.000822,0.001899
2353.12,12.114925,12.114943,0.000821,0.001897
2354.75,12.127043,12.127061,0.00082,0.001895
2356.39,12.13916,12.139177,0.000819,0.001893
2358.02,12.151273,12.151291,0.000818,0.001891
2359.65,12.163384,12.163402,0.000818,0.001889
2361.29,12.175493,12.17551,0.000817,0.001888
2362.92,12.187598,12.187616,0.000816,0.001886
2364.55,12.199702,12.199719,0.000815,0.001884
2366.19,12.211803,12.21182,0.000814,0.001882
2367.82,12.223901,12.223918,0.000813,0.00188
2369.46,12.235997,12.236014,0.000813,0.001878
2371.09,12.24809,12.248107,0.000812,0.001876
2372.72,12.260181,12.260198,0.000811,0.001875
2374.36,12.272269,12.272286,0.00081,0.001873
2375.99,12.284354,12.284372,0.000809,0.001871
2377.63,12.296438,12.296455,0.000809,0.001869
2379.26,12.308518,12.308536,0.000808,0.001867
2380.89,12.320596,12.320614,0.000807,0.001865
2382.53,12.332672,12.33269,0.000806,0.001864
2384.16,12.344745,12.344763,0.000806,0.001862
2385.8,12.356816,12.356834,0.000805,0.00186
2387.43,12.368884,12.368902,0.000804,0.001858
2389.06,12.38095,12.380968,0.000803,0.001856
2390.7,12.393014,12.393031,0.000802,0.001854
2392.33,12.405075,12.405092,0.000802,0.001853
2393.96,12.417133,12.41715,0.000801,0.001851
2395.6,12.429189,12.429206,0.0008,0.001849
2397.23,12.441243,12.44126,0.000799,0.001847
2398.87,12.453294,12.453311,0.000798,0.001845
2400.5,12.465342,12.46536,0.000798,0.001844
2402.13,12.477389,12.477406,0.000797,0.001842
2403.77,12.489433,12.48945,0.000796,0.00184
2405.4,12.501474,12.501491,0.000795,0.001838
2407.04,12.513513,12.51353,0.000795,0.001837
2408.67,12.52555,12.525567,0.000794,0.001835
2410.3,12.537584,12.537601,0.000793,0.001833
2411.94,12.549616,12.549633,0.000792,0.001831
2413.57,12.561645,12.561662,0.000792,0.00183
2415.21,12.573672,12.573689,0.000791,0.001828
2416.84,12.585697,12.585714,0.00079,0.001826
2418.47,12.597719,12.597736,0.000789,0.001824
2420.11,12.609739,12.609756,0.000789,0.001823
2421.74,12.621757,12.621774,0.000788,0.001821
2423.37,12.633772,12.633789,0.000787,0.001819
2425.01,12.645785,12.645802,0.000786,0.001817
2426.64,12.657795,12.657812,0.000786,0.001816
2428.28,12.669804,12.66982,0.000785,0.001814
2429.91,12.681809,12.681826,0.000784,0.001812
2431.54,12.693813,12.69383,0.000783,0.00181
2433.18,12.705814,12.705831,0.000783,0.001809
2434.81,12.717813,12.71783,0.000782,0.001807
2436.45,12.729809,12.729826,0.000781,0.001805
2438.08,12.741803,12.74182,0.00078,0.001804
2439.71,12.753795,12.753812,0.00078,0.001802
2441.35,12.765785,12.765802,0.000779,0.0018
2442.98,12.777772,12.777789,0.000778,0.001799
2444.61,12.789757,12.789774,0.000777,0.001797
2446.25,12.80174,12.801756,0.000777,0.001795
2447.88,12.81372,12.813737,0.000776,0.001794
2449.52,12.825698,12.825715,0.000775,0.001792
2451.15,12.837674,12.83769,0.000775,0.00179
2452.78,12.849647,12.849664,0.000774,0.001789
2454.42,12.861618,12.861635,0.000773,0.001787
2456.05,12.873587,12.873604,0.000772,0.001785
2457.69,12.885554,12.885571,0.000772,0.001784
2459.32,12.897518,12.897535,0.000771,0.001782
2460.95,12.909481,12.909497,0.00077,0.00178
2462.59,12.921441,12.921457,0.00077,0.001779
2464.22,12.933398,12.933415,0.000769,0.001777
2465.86,12.945354,12.94537,0.000768,0.001775
2467.49,12.957307,12.957323,0.000767,0.001774
2469.12,12.969258,12.969274,0.000767,0.001772
2470.76,12.981207,12.981223,0.000766,0.00177
2472.39,12.993153,12.99317,0.000765,0.001769
2474.02,13.005097,13.005114,0.000765,0.001767
2475.66,13.017039,13.017056,0.000764,0.001766
2477.29,13.028979,13.028996,0.000763,0.001764
2478.93,13.040917,13.040933,0.000763,0.001762
2480.56,13.052852,13.052869,0.000762,0.001761
2482.19,13.064786,13.064802,0.000761,0.001759
2483.83,13.076717,13.076733,0.00076,0.001757
2485.46,13.088646,13.088662,0.00076,0.001756
2487.1,13.100572,13.100589,0.000759,0.001754
2488.73,13.112497,13.112513,0.000758,0.001753
2490.36,13.124419,13.124435,0.000758,0.001751
2492.0,13.136339,13.136356,0.000757,0.00175
2493.63,13.148257,13.148274,0.000756,0.001748
2495.27,13.160173,13.160189,0.000756,0.001746
2496.9,13.172087,13.172103,0.000755,0.001745
2498.53,13.183998,13.184015,0.000754,0.001743
2500.17,13.195908,13.195924,0.000754,0.001742
2501.8,13.207815,13.207831,0.000753,0.00174
2503.43,13.21972,13.219736,0.000752,0.001738
2505.07,13.231623,13.231639,0.000752,0.001737
2506.7,13.243524,13.24354,0.000751,0.001735
2508.34,13.255422,13.255439,0.00075,0.001734
2509.97,13.267319,13.267335,0.00075,0.001732
2511.6,13.279213,13.279229,0.000749,0.001731
2513.24,13.291106,13.291122,0.000748,0.001729
2514.87,13.302996,13.303012,0.000747,0.001728
2516.51,13.314884,13.3149,0.000747,0.001726
2518.14,13.32677,13.326786,0.000746,0.001725
2519.77,13.338654,13.33867,0.000745,0.001723
2521.41,13.350536,13.350552,0.000745,0.001721
2523.04,13.362415,13.362431,0.000744,0.00172
2524.67,13.374293,13.374309,0.000744,0.001718
2526.31,13.386168,13.386184,0.000743,0.001717
2527.94,13.398042,13.398058,0.000742,0.001715
2529.58,13.409913,13.409929,0.000742,0.001714
2531.21,13.421782,13.421798,0.000741,0.001712
2532.84,13.43365,13.433666,0.00074,0.001711
2534.48,13.445515,13.445531,0.00074,0.001709
2536.11,13.457378,13.457394,0.000739,0.001708
2537.75,13.469239,13.469255,0.000738,0.001706
2539.38,13.481098,13.481114,0.000738,0.001705
2541.01,13.492955,13.492971,0.000737,0.001703
2542.65,13.50481,13.504826,0.000736,0.001702
2544.28,13.516663,13.516678,0.000736,0.0017
2545.92,13.528513,13.528529,0.000735,0.001699
2547.55,13.540362,13.540378,0.000734,0.001697
2549.18,13.552209,13.552225,0.000734,0.001696
2550.82,13.564054,13.564069,0.000733,0.001694
2552.45,13.575896,13.575912,0.000732,0.001693
2554.08,13.587737,13.587753,0.000732,0.001691
2555.72,13.599576,13.599591,0.000731,0.00169
2557.35,13.611412,13.611428,0.000731,0.001688
2558.99,13.623247,13.623263,0.00073,0.001687
2560.62,13.63508,13.635095,0.000729,0.001686
2562.25,13.64691,13.646926,0.000729,0.001684
2563.89,13.658739,13.658755,0.000728,0.001683
2565.52,13.670566,13.670581,0.000727,0.001681
2567.16,13.68239,13.682406,0.000727,0.00168
2568.79,13.694213,13.694229,0.000726,0.001678
2570.42,13.706034,13.706049,0.000726,0.001677
2572.06,13.717853,13.717868,0.000725,0.001675
2573.69,13.729669,13.729685,0.000724,0.001674
2575.33,13.741484,13.7415,0.000724,0.001672
2576.96,13.753297,13.753313,0.000723,0.001671
2578.59,13.765108,13.765123,0.000722,0.00167
2580.23,13.776917,13.776932,0.000722,0.001668
2581.86,13.788724,13.788739,0.000721,0.001667
2583.49,13.800529,13.800544,0.000721,0.001665
2585.13,13.812332,13.812347,0.00072,0.001664
2586.76,13.824133,13.824149,0.000719,0.001662
2588.4,13.835932,13.835948,0.000719,0.001661
2590.03,13.84773,13.847745,0.000718,0.00166
2591.66,13.859525,13.85954,0.000717,0.001658
2593.3,13.871318,13.871334,0.000717,0.001657
2594.93,13.88311,13.883125,0.000716,0.001655
2596.57,13.894899,13.894915,0.000716,0.001654
2598.2,13.906687,13.906702,0.000715,0.001653
2599.83,13.918473,13.918488,0.000714,0.001651
2601.47,13.930257,13.930272,0.000714,0.00165
2603.1,13.942038,13.942054,0.000713,0.001648
2604.73,13.953818,13.953834,0.000713,0.001647
2606.37,13.965597,13.965612,0.000712,0.001646
2608.0,13.977373,13.977388,0.000711,0.001644
2609.64,13.989147,13.989163,0.000711,0.001643
2611.27,14.00092,14.000935,0.00071,0.001641
2612.9,14.01269,14.012705,0.00071,0.00164
2614.54,14.024459,14.024474,0.000709,0.001639
2616.17,14.036226,14.036241,0.000708,0.001637
2617.81,14.047991,14.048006,0.000708,0.001636
2619.44,14.059754,14.059769,0.000707,0.001635
2621.07,14.071515,14.07153,0.000707,0.001633
2622.71,14.083274,14.083289,0.000706,0.001632
2624.34,14.095032,14.095047,0.000705,0.001631
2625.98,14.106787,14.106803,0.000705,0.001629
2627.61,14.118541,14.118556,0.000704,0.001628
2629.24,14.130293,14.130308,0.000704,0.001626
2630.88,14.142043,14.142058,0.000703,0.001625
2632.51,14.153791,14.153806,0.000703,0.001624
2634.14,14.165538,14.165553,0.000702,0.001622
2635.78,14.177282,14.177297,0.000701,0.001621
2637.41,14.189025,14.18904,0.000701,0.00162
2639.05,14.200766,14.200781,0.0007,0.001618
2640.68,14.212505,14.21252,0.0007,0.001617
2642.31,14.224242,14.224257,0.000699,0.001616
2643.95,14.235978,14.235993,0.000699,0.001614
2645.58,14.247711,14.247726,0.000698,0.001613
2647.22,14.259443,14.259458,0.000697,0.001612
2648.85,14.271173,14.271188,0.000697,0.00161
2650.48,14.282901,14.282916,0.000696,0.001609
2652.12,14.294628,14.294643,0.000696,0.001608
2653.75,14.306352,14.306367,0.000695,0.001606
2655.39,14.318075,14.31809,0.000695,0.001605
2657.02,14.329796,14.329811,0.000694,0.001604
2658.65,14.341515,14.34153,0.000693,0.001602
2660.29,14.353233,14.353248,0.000693,0.001601
2661.92,14.364948,14.364963,0.000692,0.0016
2663.55,14.376662,14.376677,0.000692,0.001599
2665.19,14.388374,14.388389,0.000691,0.001597
2666.82,14.400085,14.400099,0.000691,0.001596
2668.46,14.411793,14.411808,0.00069,0.001595
2670.09,14.4235,14.423515,0.000689,0.001593
2671.72,14.435205,14.43522,0.000689,0.001592
2673.36,14.446908,14.446923,0.000688,0.001591
2674.99,14.45861,14.458625,0.000688,0.00159
2676.63,14.470309,14.470324,0.000687,0.001588
2678.26,14.482007,14.482022,0.000687,0.001587
2679.89,14.493704,14.493719,0.000686,0.001586
2681.53,14.505398,14.505413,0.000686,0.001584
2683.16,14.517091,14.517106,0.000685,0.001583
2684.79,14.528782,14.528797,0.000684,0.001582
2686.43,14.540471,14.540486,0.000684,0.001581
2688.06,14.552159,14.552174,0.000683,0.001579
2689.7,14.563845,14.56386,0.000683,0.001578
2691.33,14.575529,14.575544,0.000682,0.001577
2692.96,14.587211,14.587226,0.000682,0.001575
2694.6,14.598892,14.598907,0.000681,0.001574
2696.23,14.610571,14.610586,0.000681,0.001573
2697.87,14.622248,14.622263,0.00068,0.001572
2699.5,14.633924,14.633939,0.00068,0.00157
2701.13,14.645598,14.645612,0.000679,0.001569
2702.77,14.65727,14.657284,0.000678,0.001568
2704.4,14.66894,14.668955,0.000678,0.001567
2706.04,14.680609,14.680624,0.000677,0.001565
2707.67,14.692276,14.692291,0.000677,0.001564
2709.3,14.703941,14.703956,0.000676,0.001563
2710.94,14.715605,14.71562,0.000676,0.001562
2712.57,14.727267,14.727282,0.000675,0.001561
2714.2,14.738927,14.738942,0.000675,0.001559
2715.84,14.750586,14.750601,0.000674,0.001558
2717.47,14.762243,14.762258,0.000674,0.001557
2719.11,14.773898,14.773913,0.000673,0.001556
2720.74,14.785552,14.785567,0.000673,0.001554
2722.37,14.797204,14.797218,0.000672,0.001553
2724.01,14.808854,14.808869,0.000671,0.001552
2725.64,14.820503,14.820517,0.000671,0.001551
2727.28,14.83215,14.832164,0.00067,0.001549
2728.91,14.843795,14.84381,0.00067,0.001548
2730.54,14.855439,14.855453,0.000669,0.001547
2732.18,14.867081,14.867095,0.000669,0.001546
2733.81,14.878721,14.878736,0.000668,0.001545
2735.45,14.89036,14.890374,0.000668,0.001543
2737.08,14.901997,14.902012,0.000667,0.001542
2738.71,14.913633,14.913647,0.000667,0.001541
2740.35,14.925266,14.925281,0.000666,0.00154
2741.98,14.936899,14.936913,0.000666,0.001539
2743.61,14.948529,14.948544,0.000665,0.001537
2745.25,14.960158,14.960173,0.000665,0.001536
2746.88,14.971786,14.9718,0.000664,0.001535
2748.52,14.983411,14.983426,0.000664,0.001534
2750.15,14.995035,14.99505,0.000663,0.001533
2751.78,15.006658,15.006672,0.000663,0.001531
2753.42,15.018279,15.018293,0.000662,0.00153
2755.05,15.029898,15.029912,0.000662,0.001529
2756.69,15.041516,15.04153,0.000661,0.001528
2758.32,15.053132,15.053146,0.000661,0.001527
2759.95,15.064746,15.06476,0.00066,0.001526
2761.59,15.076359,15.076373,0.00066,0.001524
2763.22,15.08797,15.087984,0.000659,0.001523
2764.85,15.09958,15.099594,0.000659,0.001522
2766.49,15.111188,15.111202,0.000658,0.001521
2768.12,15.122795,15.122809,0.000658,0.00152
2769.76,15.134399,15.134414,0.000657,0.001519
2771.39,15.146003,15.146017,0.000657,0.001517
2773.02,15.157605,15.157619,0.000656,0.001516
2774.66,15.169205,15.169219,0.000656,0.001515
2776.29,15.180803,15.180818,0.000655,0.001514
2777.93,15.192401,15.192415,0.000655,0.001513
2779.56,15.203996,15.20401,0.000654,0.001512
2781.19,15.21559,15.215604,0.000654,0.00151
2782.83,15.227182,15.227196,0.000653,0.001509
2784.46,15.238773,15.238787,0.000653,0.001508
2786.1,15.250362,15.250376,0.000652,0.001507
2787.73,15.26195,15.261964,0.000652,0.001506
2789.36,15.273536,15.27355,0.000651,0.001505
2791.0,15.285121,15.285135,0.000651,0.001504
2792.63,15.296704,15.296718,0.00065,0.001502
2794.26,15.308286,15.3083,0.00065,0.001501
2795.9,15.319866,15.31988,0.000649,0.0015
2797.53,15.331444,15.331458,0.000649,0.001499
2799.17,15.343021,15.343035,0.000648,0.001498
2800.8,15.354596,15.35461,0.000648,0.001497
2802.43,15.36617,15.366184,0.000647,0.001496
2804.07,15.377743,15.377757,0.000647,0.001495
2805.7,15.389313,15.389327,0.000646,0.001493
2807.34,15.400883,15.400897,0.000646,0.001492
2808.97,15.412451,15.412464,0.000645,0.001491
2810.6,15.424017,15.424031,0.000645,0.00149
2812.24,15.435582,15.435595,0.000644,0.001489
2813.87,15.447145,15.447159,0.000644,0.001488
2815.51,15.458707,15.45872,0.000643,0.001487
2817.14,15.470267,15.470281,0.000643,0.001486
2818.77,15.481826,15.481839,0.000642,0.001484
2820.41,15.493383,15.493397,0.000642,0.001483
2822.04,15.504939,15.504952,0.000641,0.001482
2823.67,15.516493,15.516507,0.000641,0.001481
2825.31,15.528046,15.52806,0.00064,0.00148
2826.94,15.539597,15.539611,0.00064,0.001479
2828.58,15.551147,15.551161,0.000639,0.001478
2830.21,15.562695,15.562709,0.000639,0.001477
2831.84,15.574242,15.574256,0.000638,0.001476
2833.48,15.585787,15.585801,0.000638,0.001475
2835.11,15.597331,15.597345,0.000638,0.001473
2836.75,15.608874,15.608887,0.000637,0.001472
2838.38,15.620415,15.620428,0.000637,0.001471
2840.01,15.631954,15.631968,0.000636,0.00147
2841.65,15.643492,15.643506,0.000636,0.001469
2843.28,15.655029,15.655042,0.000635,0.001468
2844.91,15.666564,15.666577,0.000635,0.001467
2846.55,15.678097,15.678111,0.000634,0.001466
2848.18,15.68963,15.689643,0.000634,0.001465
2849.82,15.70116,15.701174,0.000633,0.001464
2851.45,15.71269,15.712703,0.000633,0.001463
2853.08,15.724217,15.724231,0.000632,0.001462
2854.72,15.735744,15.735757,0.000632,0.001461
2856.35,15.747269,15.747282,0.000631,0.001459
2857.99,15.758792,15.758806,0.000631,0.001458
2859.62,15.770314,15.770328,0.000631,0.001457
2861.25,15.781835,15.781849,0.00063,0.001456
2862.89,15.793354,15.793368,0.00063,0.001455
2864.52,15.804872,15.804886,0.000629,0.001454
2866.16,15.816388,15.816402,0.000629,0.001453
2867.79,15.827903,15.827917,0.000628,0.001452
2869.42,15.839417,15.83943,0.000628,0.001451
2871.06,15.850929,15.850942,0.000627,0.00145
2872.69,15.86244,15.862453,0.000627,0.001449
2874.32,15.873949,15.873962,0.000626,0.001448
2875.96,15.885457,15.88547,0.000626,0.001447
2877.59,15.896963,15.896977,0.000626,0.001446
2879.23,15.908468,15.908482,0.000625,0.001445
2880.86,15.919972,15.919985,0.000625,0.001444
2882.49,15.931474,15.931487,0.000624,0.001443
2884.13,15.942975,15.942988,0.000624,0.001442
2885.76,15.954474,15.954488,0.000623,0.00144
2887.4,15.965972,15.965986,0.000623,0.001439
2889.03,15.977469,15.977482,0.000622,0.001438
2890.66,15.988964,15.988977,0.000622,0.001437
2892.3,16.000458,16.000471,0.000621,0.001436
2893.93,16.01195,16.011964,0.000621,0.001435
2895.57,16.023441,16.023455,0.000621,0.001434
2897.2,16.034931,16.034944,0.00062,0.001433
2898.83,16.046419,16.046433,0.00062,0.001432
2900.47,16.057906,16.05792,0.000619,0.001431
2902.1,16.069392,16.069405,0.000619,0.00143
2903.73,16.080876,16.080889,0.000618,0.001429
2905.37,16.092359,16.092372,0.000618,0.001428
2907.0,16.10384,16.103854,0.000617,0.001427
2908.64,16.11532,16.115334,0.000617,0.001426
2910.27,16.126799,16.126812,0.000617,0.001425
2911.9,16.138277,16.13829,0.000616,0.001424
2913.54,16.149753,16.149766,0.000616,0.001423
2915.17,16.161227,16.16124,0.000615,0.001422
2916.81,16.1727,16.172714,0.000615,0.001421
2918.44,16.184172,16.184186,0.000614,0.00142
2920.07,16.195643,16.195656,0.000614,0.001419
2921.71,16.207112,16.207125,0.000614,0.001418
2923.34,16.21858,16.218593,0.000613,0.001417
2924.97,16.230047,16.23006,0.000613,0.001416
2926.61,16.241512,16.241525,0.000612,0.001415
2928.24,16.252976,16.252989,0.000612,0.001414
2929.88,16.264438,16.264452,0.000611,0.001413
2931.51,16.2759,16.275913,0.000611,0.001412
2933.14,16.287359,16.287373,0.000611,0.001411
2934.78,16.298818,16.298831,0.00061,0.00141
2936.41,16.310275,16.310288,0.00061,0.001409
2938.05,16.321731,16.321744,0.000609,0.001408
2939.68,16.333186,16.333199,0.000609,0.001407
2941.31,16.344639,16.344652,0.000608,0.001406
2942.95,16.356091,16.356104,0.000608,0.001405
2944.58,16.367541,16.367555,0.000608,0.001404
2946.22,16.378991,16.379004,0.000607,0.001403
2947.85,16.390439,16.390452,0.000607,0.001402
2949.48,16.401885,16.401898,0.000606,0.001401
2951.12,16.413331,16.413344,0.000606,0.0014
2952.75,16.424775,16.424788,0.000605,0.001399
2954.38,16.436218,16.436231,0.000605,0.001398
2956.02,16.447659,16.447672,0.000605,0.001397
2957.65,16.459099,16.459112,0.000604,0.001396
2959.29,16.470538,16.470551,0.000604,0.001395
2960.92,16.481976,16.481989,0.000603,0.001394
2962.55,16.493412,16.493425,0.000603,0.001393
2964.19,16.504847,16.50486,0.000602,0.001392
2965.82,16.516281,16.516294,0.000602,0.001391
2967.46,16.527713,16.527726,0.000602,0.001391
2969.09,16.539144,16.539157,0.000601,0.00139
2970.72,16.550574,16.550587,0.000601,0.001389
2972.36,16.562003,16.562016,0.0006,0.001388
2973.99,16.57343,16.573443,0.0006,0.001387
2975.63,16.584856,16.584869,0.0006,0.001386
2977.26,16.596281,16.596294,0.000599,0.001385
2978.89,16.607704,16.607717,0.000599,0.001384
2980.53,16.619126,16.619139,0.000598,0.001383
2982.16,16.630547,16.63056,0.000598,0.001382
2983.79,16.641967,16.64198,0.000598,0.001381
2985.43,16.653385,16.653398,0.000597,0.00138
2987.06,16.664803,16.664815,0.000597,0.001379
2988.7,16.676218,16.676231,0.000596,0.001378
2990.33,16.687633,16.687646,0.000596,0.001377
2991.96,16.699046,16.699059,0.000595,0.001376
2993.6,16.710459,16.710471,0.000595,0.001375
2995.23,16.721869,16.721882,0.000595,0.001374
2996.87,16.733279,16.733292,0.000594,0.001373
2998.5,16.744687,16.7447,0.000594,0.001373
3000.13,16.756095,16.756107,0.000593,0.001372
3001.77,16.7675,16.767513,0.000593,0.001371
3003.4,16.778905,16.778918,0.000593,0.00137
3005.04,16.790309,16.790321,0.000592,0.001369
3006.67,16.801711,16.801724,0.000592,0.001368
3008.3,16.813112,16.813124,0.000591,0.001367
3009.94,16.824511,16.824524,0.000591,0.001366
3011.57,16.83591,16.835923,0.000591,0.001365
3013.2,16.847307,16.84732,0.00059,0.001364
3014.84,16.858703,16.858716,0.00059,0.001363
3016.47,16.870098,16.870111,0.000589,0.001362
3018.11,16.881492,16.881504,0.000589,0.001361
3019.74,16.892884,16.892897,0.000589,0.00136
3021.37,16.904275,16.904288,0.000588,0.00136
3023.01,16.915665,16.915678,0.000588,0.001359
3024.64,16.927054,16.927066,0.000587,0.001358
3026.28,16.938441,16.938454,0.000587,0.001357
3027.91,16.949828,16.94984,0.000587,0.001356
3029.54,16.961213,16.961225,0.000586,0.001355
3031.18,16.972596,16.972609,0.000586,0.001354
3032.81,16.983979,16.983992,0.000585,0.001353
3034.44,16.995361,16.995373,0.000585,0.001352
3036.08,17.006741,17.006753,0.000585,0.001351
3037.71,17.01812,17.018133,0.000584,0.00135
3039.35,17.029498,17.02951,0.000584,0.00135
3040.98,17.040874,17.040887,0.000584,0.001349
3042.61,17.05225,17.052263,0.000583,0.001348
3044.25,17.063624,17.063637,0.000583,0.001347
3045.88,17.074997,17.07501,0.000582,0.001346
3047.52,17.086369,17.086382,0.000582,0.001345
3049.15,17.09774,17.097753,0.000582,0.001344
3050.78,17.10911,17.109122,0.000581,0.001343
3052.42,17.120478,17.12049,0.000581,0.001342
3054.05,17.131845,17.131858,0.00058,0.001341
3055.69,17.143211,17.143224,0.00058,0.001341
3057.32,17.154576,17.154589,0.00058,0.00134
3058.95,17.16594,17.165952,0.000579,0.001339
3060.59,17.177302,17.177315,0.000579,0.001338
3062.22,17.188663,17.188676,0.000579,0.001337
3063.85,17.200024,17.200036,0.000578,0.001336
3065.49,17.211383,17.211395,0.000578,0.001335
3067.12,17.22274,17.222753,0.000577,0.001334
3068.76,17.234097,17.23411,0.000577,0.001334
3070.39,17.245453,17.245465,0.000577,0.001333
3072.02,17.256807,17.256819,0.000576,0.001332
3073.66,17.26816,17.268173,0.000576,0.001331
3075.29,17.279512,17.279525,0.000575,0.00133
3076.93,17.290863,17.290875,0.000575,0.001329
3078.56,17.302213,17.302225,0.000575,0.001328
3080.19,17.313561,17.313574,0.000574,0.001327
3081.83,17.324909,17.324921,0.000574,0.001327
3083.46,17.336255,17.336267,0.000574,0.001326
3085.1,17.3476,17.347612,0.000573,0.001325
3086.73,17.358944,17.358956,0.000573,0.001324
3088.36,17.370287,17.370299,0.000572,0.001323
3090.0,17.381629,17.381641,0.000572,0.001322
3091.63,17.392969,17.392982,0.000572,0.001321
3093.26,17.404309,17.404321,0.000571,0.00132
3094.9,17.415647,17.415659,0.000571,0.00132
3096.53,17.426984,17.426996,0.000571,0.001319
3098.17,17.43832,17.438333,0.00057,0.001318
3099.8,17.449655,17.449667,0.00057,0.001317
3101.43,17.460989,17.461001,0.000569,0.001316
3103.07,17.472322,17.472334,0.000569,0.001315
3104.7,17.483653,17.483665,0.000569,0.001314
3106.34,17.494984,17.494996,0.000568,0.001314
3107.97,17.506313,17.506325,0.000568,0.001313
3109.6,17.517641,17.517653,0.000568,0.001312
3111.24,17.528968,17.52898,0.000567,0.001311
3112.87,17.540294,17.540306,0.000567,0.00131
3114.5,17.551619,17.551631,0.000567,0.001309
3116.14,17.562943,17.562955,0.000566,0.001309
3117.77,17.574265,17.574277,0.000566,0.001308
3119.41,17.585587,17.585599,0.000565,0.001307
3121.04,17.596907,17.596919,0.000565,0.001306
3122.67,17.608226,17.608239,0.000565,0.001305
3124.31,17.619545,17.619557,0.000564,0.001304
3125.94,17.630862,17.630874,0.000564,0.001304
3127.58,17.642178,17.64219,0.000564,0.001303
3129.21,17.653493,17.653505,0.000563,0.001302
3130.84,17.664807,17.664819,0.000563,0.001301
3132.48,17.676119,17.676131,0.000563,0.0013
3134.11,17.687431,17.687443,0.000562,0.001299
3135.75,17.698741,17.698754,0.000562,0.001299
3137.38,17.710051,17.710063,0.000561,0.001298
3139.01,17.721359,17.721371,0.000561,0.001297
3140.65,17.732667,17.732679,0.000561,0.001296
3142.28,17.743973,17.743985,0.00056,0.001295
3143.91,17.755278,17.75529,0.00056,0.001294
3145.55,17.766582,17.766594,0.00056,0.001294
3147.18,17.777885,17.777897,0.000559,0.001293
3148.82,17.789187,17.789199,0.000559,0.001292
3150.45,17.800488,17.8005,0.000559,0.001291
3152.08,17.811787,17.811799,0.000558,0.00129
3153.72,17.823086,17.823098,0.000558,0.001289
3155.35,17.834384,17.834396,0.000558,0.001289
3156.99,17.84568,17.845692,0.000557,0.001288
3158.62,17.856976,17.856988,0.000557,0.001287
3160.25,17.86827,17.868282,0.000557,0.001286
3161.89,17.879563,17.879575,0.000556,0.001285
3163.52,17.890856,17.890868,0.000556,0.001285
3165.16,17.902147,17.902159,0.000555,0.001284
3166.79,17.913437,17.913449,0.000555,0.001283
3168.42,17.924726,17.924738,0.000555,0.001282
3170.06,17.936014,17.936026,0.000554,0.001281
3171.69,17.947301,17.947313,0.000554,0.001281
3173.32,17.958587,17.958599,0.000554,0.00128
3174.96,17.969872,17.969884,0.000553,0.001279
3176.59,17.981156,17.981168,0.000553,0.001278
3178.23,17.992439,17.99245,0.000553,0.001277
3179.86,18.00372,18.003732,0.000552,0.001277
3181.49,18.015001,18.015013,0.000552,0.001276
3183.13,18.026281,18.026293,0.000552,0.001275
3184.76,18.037559,18.037571,0.000551,0.001274
3186.4,18.048837,18.048849,0.000551,0.001273
3188.03,18.060113,18.060125,0.000551,0.001273
3189.66,18.071389,18.071401,0.00055,0.001272
3191.3,18.082663,18.082675,0.00055,0.001271
3192.93,18.093937,18.093949,0.00055,0.00127
3194.56,18.105209,18.105221,0.000549,0.001269
3196.2,18.116481,18.116493,0.000549,0.001269
3197.83,18.127751,18.127763,0.000549,0.001268
3199.47,18.13902,18.139032,0.000548,0.001267
3201.1,18.150289,18.150301,0.000548,0.001266
3202.73,18.161556,18.161568,0.000548,0.001265
3204.37,18.172822,18.172834,0.000547,0.001265
3206.0,18.184088,18.184099,0.000547,0.001264
3207.64,18.195352,18.195364,0.000547,0.001263
3209.27,18.206615,18.206627,0.000546,0.001262
3210.9,18.217877,18.217889,0.000546,0.001262
3212.54,18.229138,18.22915,0.000545,0.001261
3214.17,18.240399,18.24041,0.000545,0.00126
3215.81,18.251658,18.251669,0.000545,0.001259
3217.44,18.262916,18.262928,0.000544,0.001258
3219.07,18.274173,18.274185,0.000544,0.001258
3220.71,18.285429,18.285441,0.000544,0.001257
3222.34,18.296684,18.296696,0.000543,0.001256
3223.97,18.307938,18.30795,0.000543,0.001255
3225.61,18.319192,18.319203,0.000543,0.001255
3227.24,18.330444,18.330455,0.000542,0.001254
3228.88,18.341695,18.341707,0.000542,0.001253
3230.51,18.352945,18.352957,0.000542,0.001252
3232.14,18.364194,18.364206,0.000541,0.001251
3233.78,18.375442,18.375454,0.000541,0.001251
3235.41,18.386689,18.386701,0.000541,0.00125
3237.05,18.397936,18.397947,0.00054,0.001249
3238.68,18.409181,18.409192,0.00054,0.001248
3240.31,18.420425,18.420437,0.00054,0.001248
3241.95,18.431668,18.43168,0.00054,0.001247
3243.58,18.44291,18.442922,0.000539,0.001246
3245.22,18.454152,18.454163,0.000539,0.001245
3246.85,18.465392,18.465404,0.000539,0.001245
3248.48,18.476631,18.476643,0.000538,0.001244
3250.12,18.48787,18.487881,0.000538,0.001243
3251.75,18.499107,18.499118,0.000538,0.001242
3253.38,18.510343,18.510355,0.000537,0.001242
3255.02,18.521579,18.52159,0.000537,0.001241
3256.65,18.532813,18.532825,0.000537,0.00124
3258.29,18.544046,18.544058,0.000536,0.001239
3259.92,18.555279,18.55529,0.000536,0.001239
3261.55,18.56651,18.566522,0.000536,0.001238
3263.19,18.577741,18.577752,0.000535,0.001237
3264.82,18.58897,18.588982,0.000535,0.001236
3266.46,18.600199,18.600211,0.000535,0.001236
3268.09,18.611427,18.611438,0.000534,0.001235
3269.72,18.622653,18.622665,0.000534,0.001234
3271.36,18.633879,18.633891,0.000534,0.001233
3272.99,18.645104,18.645115,0.000533,0.001233
3274.62,18.656328,18.656339,0.000533,0.001232
3276.26,18.66755,18.667562,0.000533,0.001231
3277.89,18.678772,18.678784,0.000532,0.00123
3279.53,18.689993,18.690005,0.000532,0.00123
3281.16,18.701213,18.701225,0.000532,0.001229
3282.79,18.712432,18.712444,0.000531,0.001228
3284.43,18.72365,18.723662,0.000531,0.001227
3286.06,18.734868,18.734879,0.000531,0.001227
3287.7,18.746084,18.746095,0.00053,0.001226
3289.33,18.757299,18.75731,0.00053,0.001225
3290.96,18.768513,18.768525,0.00053,0.001225
3292.6,18.779727,18.779738,0.00053,0.001224
3294.23,18.790939,18.79095,0.000529,0.001223
3295.87,18.802151,18.802162,0.000529,0.001222
3297.5,18.813361,18.813373,0.000529,0.001222
3299.13,18.824571,18.824582,0.000528,0.001221
3300.77,18.835779,18.835791,0.000528,0.00122
3302.4,18.846987,18.846999,0.000528,0.001219
3304.03,18.858194,18.858205,0.000527,0.001219
3305.67,18.8694,18.869411,0.000527,0.001218
3307.3,18.880605,18.880616,0.000527,0.001217
3308.94,18.891809,18.89182,0.000526,0.001217
3310.57,18.903012,18.903023,0.000526,0.001216
3312.2,18.914214,18.914225,0.000526,0.001215
3313.84,18.925415,18.925427,0.000525,0.001214
3315.47,18.936616,18.936627,0.000525,0.001214
3317.11,18.947815,18.947826,0.000525,0.001213
3318.74,18.959014,18.959025,0.000524,0.001212
3320.37,18.970211,18.970223,0.000524,0.001211
3322.01,18.981408,18.981419,0.000524,0.001211
3323.64,18.992604,18.992615,0.000524,0.00121
3325.28,19.003798,19.00381,0.000523,0.001209
3326.91,19.014992,19.015004,0.000523,0.001209
3328.54,19.026185,19.026197,0.000523,0.001208
3330.18,19.037377,19.037389,0.000522,0.001207
3331.81,19.048569,19.04858,0.000522,0.001207
3333.44,19.059759,19.05977,0.000522,0.001206
3335.08,19.070948,19.07096,0.000521,0.001205
3336.71,19.082137,19.082148,0.000521,0.001204
3338.35,19.093324,19.093336,0.000521,0.001204
3339.98,19.104511,19.104522,0.000521,0.001203
3341.61,19.115697,19.115708,0.00052,0.001202
3343.25,19.126882,19.126893,0.00052,0.001202
3344.88,19.138066,19.138077,0.00052,0.001201
3346.52,19.149249,19.14926,0.000519,0.0012
3348.15,19.160431,19.160442,0.000519,0.001199
3349.78,19.171612,19.171623,0.000519,0.001199
3351.42,19.182793,19.182804,0.000518,0.001198
3353.05,19.193972,19.193983,0.000518,0.001197
3354.68,19.205151,19.205162,0.000518,0.001197
3356.32,19.216328,19.21634,0.000517,0.001196
3357.95,19.227505,19.227516,0.000517,0.001195
3359.59,19.238681,19.238692,0.000517,0.001195
3361.22,19.249856,19.249867,0.000517,0.001194
3362.85,19.26103,19.261042,0.000516,0.001193
3364.49,19.272204,19.272215,0.000516,0.001193
3366.12,19.283376,19.283387,0.000516,0.001192
3367.76,19.294548,19.294559,0.000515,0.001191
3369.39,19.305718,19.30573,0.000515,0.00119
3371.02,19.316888,19.316899,0.000515,0.00119
3372.66,19.328057,19.328068,0.000514,0.001189
3374.29,19.339225,19.339236,0.000514,0.001188
3375.93,19.350392,19.350403,0.000514,0.001188
3377.56,19.361559,19.36157,0.000514,0.001187
3379.19,19.372724,19.372735,0.000513,0.001186
3380.83,19.383889,19.3839,0.000513,0.001186
3382.46,19.395052,19.395063,0.000513,0.001185
3384.09,19.406215,19.406226,0.000512,0.001184
3385.73,19.417377,19.417388,0.000512,0.001184
3387.36,19.428538,19.428549,0.000512,0.001183
3389.0,19.439698,19.439709,0.000512,0.001182
3390.63,19.450858,19.450869,0.000511,0.001182
3392.26,19.462016,19.462027,0.000511,0.001181
3393.9,19.473174,19.473185,0.000511,0.00118
3395.53,19.484331,19.484342,0.00051,0.00118
3397.17,19.495487,19.495498,0.00051,0.001179
3398.8,19.506642,19.506653,0.00051,0.001178
3400.43,19.517796,19.517807,0.000509,0.001177
3402.07,19.528949,19.52896,0.000509,0.001177
3403.7,19.540102,19.540113,0.000509,0.001176
3405.34,19.551253,19.551264,0.000509,0.001175
3406.97,19.562404,19.562415,0.000508,0.001175
3408.6,19.573554,19.573565,0.000508,0.001174
3410.24,19.584703,19.584714,0.000508,0.001173
3411.87,19.595851,19.595862,0.000507,0.001173
3413.5,19.606999,19.60701,0.000507,0.001172
3415.14,19.618146,19.618156,0.000507,0.001171
3416.77,19.629291,19.629302,0.000507,0.001171
3418.41,19.640436,19.640447,0.000506,0.00117
3420.04,19.65158,19.651591,0.000506,0.001169
3421.67,19.662723,19.662734,0.000506,0.001169
3423.31,19.673866,19.673877,0.000505,0.001168
3424.94,19.685007,19.685018,0.000505,0.001167
3426.58,19.696148,19.696159,0.000505,0.001167
3428.21,19.707288,19.707299,0.000505,0.001166
3429.84,19.718427,19.718438,0.000504,0.001166
3431.48,19.729565,19.729576,0.000504,0.001165
3433.11,19.740703,19.740713,0.000504,0.001164
3434.74,19.751839,19.75185,0.000503,0.001164
3436.38,19.762975,19.762986,0.000503,0.001163
3438.01,19.77411,19.774121,0.000503,0.001162
3439.65,19.785244,19.785255,0.000503,0.001162
3441.28,19.796377,19.796388,0.000502,0.001161
3442.91,19.80751,19.80752,0.000502,0.00116
3444.55,19.818641,19.818652,0.000502,0.00116
3446.18,19.829772,19.829783,0.000501,0.001159
3447.82,19.840902,19.840913,0.000501,0.001158
3449.45,19.852031,19.852042,0.000501,0.001158
3451.08,19.863159,19.86317,0.000501,0.001157
3452.72,19.874287,19.874298,0.0005,0.001156
3454.35,19.885414,19.885424,0.0005,0.001156
3455.99,19.896539,19.89655,0.0005,0.001155
3457.62,19.907664,19.907675,0.0005,0.001154
3459.25,19.918789,19.9188,0.000499,0.001154
3460.89,19.929912,19.929923,0.000499,0.001153
3462.52,19.941035,19.941046,0.000499,0.001153
3464.15,19.952157,19.952167,0.000498,0.001152
3465.79,19.963278,19.963288,0.000498,0.001151
3467.42,19.974398,19.974409,0.000498,0.001151
3469.06,19.985517,19.985528,0.000498,0.00115
3470.69,19.996636,19.996647,0.000497,0.001149
3472.32,20.007754,20.007764,0.000497,0.001149
3473.96,20.018871,20.018881,0.000497,0.001148
3475.59,20.029987,20.029998,0.000496,0.001147
3477.23,20.041102,20.041113,0.000496,0.001147
3478.86,20.052217,20.052228,0.000496,0.001146
3480.49,20.063331,20.063341,0.000496,0.001145
3482.13,20.074444,20.074454,0.000495,0.001145
3483.76,20.085556,20.085567,0.000495,0.001144
3485.4,20.096667,20.096678,0.000495,0.001144
3487.03,20.107778,20.107789,0.000495,0.001143
3488.66,20.118888,20.118899,0.000494,0.001142
3490.3,20.129997,20.130008,0.000494,0.001142
3491.93,20.141105,20.141116,0.000494,0.001141
3493.56,20.152213,20.152223,0.000493,0.00114
3495.2,20.163319,20.16333,0.000493,0.00114
3496.83,20.174425,20.174436,0.000493,0.001139
3498.47,20.18553,20.185541,0.000493,0.001139
3500.1,20.196635,20.196645,0.000492,0.001138
3501.73,20.207738,20.207749,0.000492,0.001137
3503.37,20.218841,20.218852,0.000492,0.001137
3505.0,20.229943,20.229954,0.000492,0.001136
3506.64,20.241044,20.241055,0.000491,0.001135
3508.27,20.252145,20.252155,0.000491,0.001135
3509.9,20.263244,20.263255,0.000491,0.001134
3511.54,20.274343,20.274354,0.00049,0.001134
3513.17,20.285441,20.285452,0.00049,0.001133
3514.8,20.296539,20.296549,0.00049,0.001132
3516.44,20.307635,20.307646,0.00049,0.001132
3518.07,20.318731,20.318742,0.000489,0.001131
3519.71,20.329826,20.329837,0.000489,0.00113
3521.34,20.34092,20.340931,0.000489,0.00113
3522.97,20.352014,20.352024,0.000489,0.001129
3524.61,20.363107,20.363117,0.000488,0.001129
3526.24,20.374199,20.374209,0.000488,0.001128
3527.88,20.38529,20.3853,0.000488,0.001127
3529.51,20.39638,20.396391,0.000488,0.001127
3531.14,20.40747,20.40748,0.000487,0.001126
3532.78,20.418559,20.418569,0.000487,0.001126
3534.41,20.429647,20.429657,0.000487,0.001125
3536.05,20.440734,20.440745,0.000486,0.001124
3537.68,20.451821,20.451831,0.000486,0.001124
3539.31,20.462907,20.462917,0.000486,0.001123
3540.95,20.473992,20.474002,0.000486,0.001123
3542.58,20.485076,20.485087,0.000485,0.001122
3544.21,20.49616,20.49617,0.000485,0.001121
3545.85,20.507243,20.507253,0.000485,0.001121
3547.48,20.518325,20.518335,0.000485,0.00112
3549.12,20.529406,20.529416,0.000484,0.001119
3550.75,20.540487,20.540497,0.000484,0.001119
3552.38,20.551566,20.551577,0.000484,0.001118
3554.02,20.562645,20.562656,0.000484,0.001118
3555.65,20.573724,20.573734,0.000483,0.001117
3557.29,20.584801,20.584812,0.000483,0.001116
3558.92,20.595878,20.595889,0.000483,0.001116
3560.55,20.606954,20.606965,0.000483,0.001115
3562.19,20.61803,20.61804,0.000482,0.001115
3563.82,20.629104,20.629115,0.000482,0.001114
3565.46,20.640178,20.640189,0.000482,0.001113
3567.09,20.651251,20.651262,0.000482,0.001113
3568.72,20.662324,20.662334,0.000481,0.001112
3570.36,20.673395,20.673406,0.000481,0.001112
3571.99,20.684466,20.684477,0.000481,0.001111
3573.62,20.695537,20.695547,0.00048,0.00111
3575.26,20.706606,20.706616,0.00048,0.00111
3576.89,20.717675,20.717685,0.00048,0.001109
3578.53,20.728743,20.728753,0.00048,0.001109
3580.16,20.73981,20.73982,0.000479,0.001108
3581.79,20.750876,20.750887,0.000479,0.001108
3583.43,20.761942,20.761953,0.000479,0.001107
3585.06,20.773007,20.773018,0.000479,0.001106
3586.7,20.784072,20.784082,0.000478,0.001106
3588.33,20.795135,20.795146,0.000478,0.001105
3589.96,20.806198,20.806208,0.000478,0.001105
3591.6,20.81726,20.817271,0.000478,0.001104
3593.23,20.828322,20.828332,0.000477,0.001103
3594.86,20.839382,20.839393,0.000477,0.001103
3596.5,20.850442,20.850453,0.000477,0.001102
3598.13,20.861502,20.861512,0.000477,0.001102
3599.77,20.87256,20.872571,0.000476,0.001101
3601.4,20.883618,20.883628,0.000476,0.0011
3603.03,20.894675,20.894685,0.000476,0.0011
3604.67,20.905732,20.905742,0.000476,0.001099
3606.3,20.916787,20.916797,0.000475,0.001099
3607.94,20.927842,20.927852,0.000475,0.001098
3609.57,20.938896,20.938907,0.000475,0.001098
3611.2,20.94995,20.94996,0.000475,0.001097
3612.84,20.961003,20.961013,0.000474,0.001096
3614.47,20.972055,20.972065,0.000474,0.001096
3616.11,20.983106,20.983117,0.000474,0.001095
3617.74,20.994157,20.994167,0.000474,0.001095
3619.37,21.005207,21.005217,0.000473,0.001094
3621.01,21.016256,21.016266,0.000473,0.001094
3622.64,21.027305,21.027315,0.000473,0.001093
3624.27,21.038353,21.038363,0.000473,0.001092
3625.91,21.0494,21.04941,0.000472,0.001092
3627.54,21.060446,21.060456,0.000472,0.001091
3629.18,21.071492,21.071502,0.000472,0.001091
3630.81,21.082537,21.082547,0.000472,0.00109
3632.44,21.093581,21.093592,0.000471,0.00109
3634.08,21.104625,21.104635,0.000471,0.001089
3635.71,21.115668,21.115678,0.000471,0.001088
3637.35,21.12671,21.12672,0.000471,0.001088
3638.98,21.137752,21.137762,0.00047,0.001087
3640.61,21.148793,21.148803,0.00047,0.001087
3642.25,21.159833,21.159843,0.00047,0.001086
3643.88,21.170872,21.170882,0.00047,0.001086
3645.52,21.181911,21.181921,0.000469,0.001085
3647.15,21.192949,21.192959,0.000469,0.001084
3648.78,21.203987,21.203997,0.000469,0.001084
3650.42,21.215023,21.215033,0.000469,0.001083
3652.05,21.226059,21.226069,0.000468,0.001083
3653.68,21.237095,21.237105,0.000468,0.001082
3655.32,21.248129,21.248139,0.000468,0.001082
3656.95,21.259163,21.259173,0.000468,0.001081
3658.59,21.270196,21.270206,0.000468,0.00108
3660.22,21.281229,21.281239,0.000467,0.00108
3661.85,21.292261,21.292271,0.000467,0.001079
3663.49,21.303292,21.303302,0.000467,0.001079
3665.12,21.314323,21.314333,0.000467,0.001078
3666.76,21.325352,21.325363,0.000466,0.001078
3668.39,21.336382,21.336392,0.000466,0.001077
3670.02,21.34741,21.34742,0.000466,0.001077
3671.66,21.358438,21.358448,0.000466,0.001076
3673.29,21.369465,21.369475,0.000465,0.001075
3674.92,21.380491,21.380502,0.000465,0.001075
3676.56,21.391517,21.391527,0.000465,0.001074
3678.19,21.402542,21.402552,0.000465,0.001074
3679.83,21.413567,21.413577,0.000464,0.001073
3681.46,21.424591,21.424601,0.000464,0.001073
3683.09,21.435614,21.435624,0.000464,0.001072
3684.73,21.446636,21.446646,0.000464,0.001072
3686.36,21.457658,21.457668,0.000463,0.001071
3688.0,21.468679,21.468689,0.000463,0.00107
3689.63,21.479699,21.479709,0.000463,0.00107
3691.26,21.490719,21.490729,0.000463,0.001069
3692.9,21.501738,21.501748,0.000462,0.001069
3694.53,21.512756,21.512766,0.000462,0.001068
3696.17,21.523774,21.523784,0.000462,0.001068
3697.8,21.534791,21.534801,0.000462,0.001067
3699.43,21.545808,21.545818,0.000462,0.001067
3701.07,21.556823,21.556833,0.000461,0.001066
3702.7,21.567838,21.567848,0.000461,0.001066
3704.33,21.578853,21.578863,0.000461,0.001065
3705.97,21.589867,21.589877,0.000461,0.001064
3707.6,21.60088,21.60089,0.00046,0.001064
3709.24,21.611892,21.611902,0.00046,0.001063
3710.87,21.622904,21.622914,0.00046,0.001063
3712.5,21.633915,21.633925,0.00046,0.001062
3714.14,21.644926,21.644935,0.000459,0.001062
3715.77,21.655935,21.655945,0.000459,0.001061
3717.41,21.666945,21.666954,0.000459,0.001061
3719.04,21.677953,21.677963,0.000459,0.00106
3720.67,21.688961,21.688971,0.000458,0.00106
3722.31,21.699968,21.699978,0.000458,0.001059
3723.94,21.710975,21.710985,0.000458,0.001059
3725.58,21.721981,21.72199,0.000458,0.001058
3727.21,21.732986,21.732996,0.000458,0.001057
3728.84,21.74399,21.744,0.000457,0.001057
3730.48,21.754994,21.755004,0.000457,0.001056
3732.11,21.765998,21.766008,0.000457,0.001056
3733.74,21.777,21.77701,0.000457,0.001055
3735.38,21.788002,21.788012,0.000456,0.001055
3737.01,21.799004,21.799014,0.000456,0.001054
3738.65,21.810005,21.810014,0.000456,0.001054
3740.28,21.821005,21.821015,0.000456,0.001053
3741.91,21.832004,21.832014,0.000455,0.001053
3743.55,21.843003,21.843013,0.000455,0.001052
3745.18,21.854001,21.854011,0.000455,0.001052
3746.82,21.864999,21.865008,0.000455,0.001051
3748.45,21.875996,21.876005,0.000455,0.001051
3750.08,21.886992,21.887002,0.000454,0.00105
3751.72,21.897987,21.897997,0.000454,0.00105
3753.35,21.908982,21.908992,0.000454,0.001049
3754.98,21.919977,21.919987,0.000454,0.001048
3756.62,21.930971,21.93098,0.000453,0.001048
3758.25,21.941964,21.941973,0.000453,0.001047
3759.89,21.952956,21.952966,0.000453,0.001047
3761.52,21.963948,21.963958,0.000453,0.001046
3763.15,21.974939,21.974949,0.000453,0.001046
3764.79,21.98593,21.985939,0.000452,0.001045
3766.42,21.99692,21.996929,0.000452,0.001045
3768.06,22.007909,22.007919,0.000452,0.001044
3769.69,22.018898,22.018907,0.000452,0.001044
3771.32,22.029886,22.029895,0.000451,0.001043
3772.96,22.040873,22.040883,0.000451,0.001043
3774.59,22.05186,22.05187,0.000451,0.001042
3776.23,22.062846,22.062856,0.000451,0.001042
3777.86,22.073832,22.073841,0.00045,0.001041
3779.49,22.084817,22.084826,0.00045,0.001041
3781.13,22.095801,22.095811,0.00045,0.00104
3782.76,22.106785,22.106794,0.00045,0.00104
3784.39,22.117768,22.117777,0.00045,0.001039
3786.03,22.12875,22.12876,0.000449,0.001039
3787.66,22.139732,22.139742,0.000449,0.001038
3789.3,22.150713,22.150723,0.000449,0.001038
3790.93,22.161694,22.161704,0.000449,0.001037
3792.56,22.172674,22.172684,0.000448,0.001037
3794.2,22.183653,22.183663,0.000448,0.001036
3795.83,22.194632,22.194642,0.000448,0.001035
3797.47,22.20561,22.20562,0.000448,0.001035
3799.1,22.216588,22.216597,0.000448,0.001034
3800.73,22.227565,22.227574,0.000447,0.001034
3802.37,22.238541,22.238551,0.000447,0.001033
3804.0,22.249517,22.249526,0.000447,0.001033
3805.64,22.260492,22.260501,0.000447,0.001032
3807.27,22.271466,22.271476,0.000446,0.001032
3808.9,22.28244,22.28245,0.000446,0.001031
3810.54,22.293413,22.293423,0.000446,0.001031
3812.17,22.304386,22.304396,0.000446,0.00103
3813.8,22.315358,22.315368,0.000446,0.00103
3815.44,22.32633,22.326339,0.000445,0.001029
3817.07,22.3373,22.33731,0.000445,0.001029
3818.71,22.348271,22.34828,0.000445,0.001028
3820.34,22.35924,22.35925,0.000445,0.001028
3821.97,22.370209,22.370219,0.000445,0.001027
3823.61,22.381178,22.381187,0.000444,0.001027
3825.24,22.392146,22.392155,0.000444,0.001026
3826.88,22.403113,22.403123,0.000444,0.001026
3828.51,22.41408,22.414089,0.000444,0.001025
3830.14,22.425046,22.425055,0.000443,0.001025
3831.78,22.436011,22.436021,0.000443,0.001024
3833.41,22.446976,22.446985,0.000443,0.001024
3835.05,22.45794,22.45795,0.000443,0.001023
3836.68,22.468904,22.468913,0.000443,0.001023
3838.31,22.479867,22.479876,0.000442,0.001022
3839.95,22.490829,22.490839,0.000442,0.001022
3841.58,22.501791,22.501801,0.000442,0.001021
3843.21,22.512753,22.512762,0.000442,0.001021
3844.85,22.523713,22.523723,0.000441,0.00102
3846.48,22.534673,22.534683,0.000441,0.00102
3848.12,22.545633,22.545642,0.000441,0.001019
3849.75,22.556592,22.556601,0.000441,0.001019
3851.38,22.56755,22.56756,0.000441,0.001018
3853.02,22.578508,22.578517,0.00044,0.001018
3854.65,22.589465,22.589475,0.00044,0.001017
3856.29,22.600422,22.600431,0.00044,0.001017
3857.92,22.611378,22.611387,0.00044,0.001016
3859.55,22.622333,22.622343,0.00044,0.001016
3861.19,22.633288,22.633297,0.000439,0.001015
3862.82,22.644242,22.644252,0.000439,0.001015
3864.45,22.655196,22.655205,0.000439,0.001014
3866.09,22.666149,22.666158,0.000439,0.001014
3867.72,22.677101,22.677111,0.000439,0.001013
3869.36,22.688053,22.688063,0.000438,0.001013
3870.99,22.699005,22.699014,0.000438,0.001012
3872.62,22.709956,22.709965,0.000438,0.001012
3874.26,22.720906,22.720915,0.000438,0.001011
3875.89,22.731855,22.731865,0.000437,0.001011
3877.53,22.742804,22.742814,0.000437,0.001011
3879.16,22.753753,22.753762,0.000437,0.00101
3880.79,22.764701,22.76471,0.000437,0.00101
3882.43,22.775648,22.775657,0.000437,0.001009
3884.06,22.786595,22.786604,0.000436,0.001009
3885.7,22.797541,22.79755,0.000436,0.001008
3887.33,22.808487,22.808496,0.000436,0.001008
3888.96,22.819432,22.819441,0.000436,0.001007
3890.6,22.830376,22.830385,0.000436,0.001007
3892.23,22.84132,22.841329,0.000435,0.001006
3893.86,22.852263,22.852273,0.000435,0.001006
3895.5,22.863206,22.863215,0.000435,0.001005
3897.13,22.874148,22.874158,0.000435,0.001005
3898.77,22.88509,22.885099,0.000435,0.001004
3900.4,22.896031,22.89604,0.000434,0.001004
3902.03,22.906971,22.906981,0.000434,0.001003
3903.67,22.917911,22.917921,0.000434,0.001003
3905.3,22.928851,22.92886,0.000434,0.001002
3906.94,22.939789,22.939799,0.000433,0.001002
3908.57,22.950728,22.950737,0.000433,0.001001
3910.2,22.961665,22.961675,0.000433,0.001001
3911.84,22.972602,22.972612,0.000433,0.001
3913.47,22.983539,22.983548,0.000433,0.001
3915.11,22.994475,22.994484,0.000432,0.000999
3916.74,23.00541,23.00542,0.000432,0.000999
3918.37,23.016345,23.016355,0.000432,0.000999
3920.01,23.02728,23.027289,0.000432,0.000998
3921.64,23.038213,23.038223,0.000432,0.000998
3923.27,23.049146,23.049156,0.000431,0.000997
3924.91,23.060079,23.060088,0.000431,0.000997
3926.54,23.071011,23.071021,0.000431,0.000996
3928.18,23.081943,23.081952,0.000431,0.000996
3929.81,23.092874,23.092883,0.000431,0.000995
3931.44,23.103804,23.103813,0.00043,0.000995
3933.08,23.114734,23.114743,0.00043,0.000994
3934.71,23.125663,23.125673,0.00043,0.000994
3936.35,23.136592,23.136601,0.00043,0.000993
3937.98,23.14752,23.14753,0.00043,0.000993
3939.61,23.158448,23.158457,0.000429,0.000992
3941.25,23.169375,23.169384,0.000429,0.000992
3942.88,23.180302,23.180311,0.000429,0.000991
3944.51,23.191228,23.191237,0.000429,0.000991
3946.15,23.202153,23.202163,0.000429,0.000991
3947.78,23.213078,23.213087,0.000428,0.00099
3949.42,23.224003,23.224012,0.000428,0.00099
3951.05,23.234926,23.234936,0.000428,0.000989
3952.68,23.24585,23.245859,0.000428,0.000989
3954.32,23.256773,23.256782,0.000428,0.000988
3955.95,23.267695,23.267704,0.000427,0.000988
3957.59,23.278616,23.278626,0.000427,0.000987
3959.22,23.289538,23.289547,0.000427,0.000987
3960.85,23.300458,23.300467,0.000427,0.000986
3962.49,23.311378,23.311387,0.000427,0.000986
3964.12,23.322298,23.322307,0.000426,0.000985
3965.76,23.333217,23.333226,0.000426,0.000985
3967.39,23.344135,23.344144,0.000426,0.000984
3969.02,23.355053,23.355062,0.000426,0.000984
3970.66,23.36597,23.36598,0.000426,0.000984
3972.29,23.376887,23.376896,0.000425,0.000983
3973.92,23.387804,23.387813,0.000425,0.000983
3975.56,23.398719,23.398728,0.000425,0.000982
3977.19,23.409634,23.409644,0.000425,0.000982
3978.83,23.420549,23.420558,0.000425,0.000981
3980.46,23.431463,23.431473,0.000424,0.000981
3982.09,23.442377,23.442386,0.000424,0.00098
3983.73,23.45329,23.453299,0.000424,0.00098
3985.36,23.464203,23.464212,0.000424,0.000979
3987.0,23.475115,23.475124,0.000424,0.000979
3988.63,23.486026,23.486035,0.000423,0.000979
3990.26,23.496937,23.496946,0.000423,0.000978
3991.9,23.507848,23.507857,0.000423,0.000978
3993.53,23.518758,23.518767,0.000423,0.000977
3995.17,23.529667,23.529676,0.000423,0.000977
3996.8,23.540576,23.540585,0.000422,0.000976
3998.43,23.551484,23.551493,0.000422,0.000976
4000.07,23.562392,23.562401,0.000422,0.000975
4001.7,23.573299,23.573308,0.000422,0.000975
4003.33,23.584206,23.584215,0.000422,0.000974
4004.97,23.595112,23.595121,0.000421,0.000974
4006.6,23.606018,23.606027,0.000421,0.000974
4008.24,23.616923,23.616932,0.000421,0.000973
4009.87,23.627828,23.627837,0.000421,0.000973
4011.5,23.638732,23.638741,0.000421,0.000972
4013.14,23.649636,23.649645,0.00042,0.000972
4014.77,23.660539,23.660548,0.00042,0.000971
4016.41,23.671441,23.671451,0.00042,0.000971
4018.04,23.682344,23.682353,0.00042,0.00097
4019.67,23.693245,23.693254,0.00042,0.00097
4021.31,23.704146,23.704155,0.00042,0.00097
4022.94,23.715047,23.715056,0.000419,0.000969
4024.57,23.725947,23.725956,0.000419,0.000969
4026.21,23.736846,23.736855,0.000419,0.000968
4027.84,23.747745,23.747754,0.000419,0.000968
4029.48,23.758644,23.758653,0.000419,0.000967
4031.11,23.769542,23.769551,0.000418,0.000967
4032.74,23.780439,23.780448,0.000418,0.000966
4034.38,23.791336,23.791345,0.000418,0.000966
4036.01,23.802233,23.802242,0.000418,0.000966
4037.65,23.813128,23.813137,0.000418,0.000965
4039.28,23.824024,23.824033,0.000417,0.000965
4040.91,23.834919,23.834928,0.000417,0.000964
4042.55,23.845813,23.845822,0.000417,0.000964
4044.18,23.856707,23.856716,0.000417,0.000963
4045.82,23.8676,23.867609,0.000417,0.000963
4047.45,23.878493,23.878502,0.000416,0.000962
4049.08,23.889386,23.889395,0.000416,0.000962
4050.72,23.900278,23.900287,0.000416,0.000962
4052.35,23.911169,23.911178,0.000416,0.000961
4053.98,23.92206,23.922069,0.000416,0.000961
4055.62,23.93295,23.932959,0.000415,0.00096
4057.25,23.94384,23.943849,0.000415,0.00096
4058.89,23.954729,23.954738,0.000415,0.000959
4060.52,23.965618,23.965627,0.000415,0.000959
4062.15,23.976507,23.976515,0.000415,0.000959
4063.79,23.987394,23.987403,0.000415,0.000958
4065.42,23.998282,23.998291,0.000414,0.000958
4067.06,24.009169,24.009178,0.000414,0.000957
4068.69,24.020055,24.020064,0.000414,0.000957
4070.32,24.030941,24.03095,0.000414,0.000956
4071.96,24.041826,24.041835,0.000414,0.000956
4073.59,24.052711,24.05272,0.000413,0.000955
4075.23,24.063595,24.063604,0.000413,0.000955
4076.86,24.074479,24.074488,0.000413,0.000955
4078.49,24.085363,24.085371,0.000413,0.000954
4080.13,24.096245,24.096254,0.000413,0.000954
4081.76,24.107128,24.107137,0.000412,0.000953
4083.39,24.11801,24.118019,0.000412,0.000953
4085.03,24.128891,24.1289,0.000412,0.000952
4086.66,24.139772,24.139781,0.000412,0.000952
4088.3,24.150652,24.150661,0.000412,0.000952
4089.93,24.161532,24.161541,0.000412,0.000951
4091.56,24.172412,24.172421,0.000411,0.000951
4093.2,24.183291,24.1833,0.000411,0.00095
4094.83,24.194169,24.194178,0.000411,0.00095
4096.47,24.205047,24.205056,0.000411,0.000949
4098.1,24.215925,24.215933,0.000411,0.000949
4099.73,24.226802,24.22681,0.00041,0.000949
4101.37,24.237678,24.237687,0.00041,0.000948
4103.0,24.248554,24.248563,0.00041,0.000948
4104.63,24.25943,24.259438,0.00041,0.000947
4106.27,24.270305,24.270313,0.00041,0.000947
4107.9,24.281179,24.281188,0.00041,0.000946
4109.54,24.292053,24.292062,0.000409,0.000946
4111.17,24.302927,24.302936,0.000409,0.000946
4112.8,24.3138,24.313809,0.000409,0.000945
4114.44,24.324673,24.324681,0.000409,0.000945
4116.07,24.335545,24.335554,0.000409,0.000944
4117.71,24.346416,24.346425,0.000408,0.000944
4119.34,24.357288,24.357296,0.000408,0.000944
4120.97,24.368158,24.368167,0.000408,0.000943
4122.61,24.379029,24.379037,0.000408,0.000943
4124.24,24.389898,24.389907,0.000408,0.000942
4125.88,24.400768,24.400776,0.000408,0.000942
4127.51,24.411636,24.411645,0.000407,0.000941
4129.14,24.422505,24.422513,0.000407,0.000941
4130.78,24.433372,24.433381,0.000407,0.000941
4132.41,24.44424,24.444249,0.000407,0.00094
4134.04,24.455107,24.455115,0.000407,0.00094
4135.68,24.465973,24.465982,0.000406,0.000939
4137.31,24.476839,24.476848,0.000406,0.000939
4138.95,24.487704,24.487713,0.000406,0.000939
4140.58,24.498569,24.498578,0.000406,0.000938
4142.21,24.509434,24.509443,0.000406,0.000938
4143.85,24.520298,24.520307,0.000406,0.000937
4145.48,24.531162,24.53117,0.000405,0.000937
4147.12,24.542025,24.542033,0.000405,0.000936
4148.75,24.552887,24.552896,0.000405,0.000936
4150.38,24.563749,24.563758,0.000405,0.000936
4152.02,24.574611,24.57462,0.000405,0.000935
4153.65,24.585472,24.585481,0.000404,0.000935
4155.29,24.596333,24.596342,0.000404,0.000934
4156.92,24.607193,24.607202,0.000404,0.000934
4158.55,24.618053,24.618062,0.000404,0.000934
4160.19,24.628913,24.628921,0.000404,0.000933
4161.82,24.639772,24.63978,0.000404,0.000933
4163.45,24.65063,24.650639,0.000403,0.000932
4165.09,24.661488,24.661497,0.000403,0.000932
4166.72,24.672345,24.672354,0.000403,0.000931
4168.36,24.683202,24.683211,0.000403,0.000931
4169.99,24.694059,24.694068,0.000403,0.000931
4171.62,24.704915,24.704924,0.000403,0.00093
4173.26,24.715771,24.715779,0.000402,0.00093
4174.89,24.726626,24.726635,0.000402,0.000929
4176.53,24.737481,24.737489,0.000402,0.000929
4178.16,24.748335,24.748344,0.000402,0.000929
4179.79,24.759189,24.759197,0.000402,0.000928
4181.43,24.770042,24.770051,0.000401,0.000928
4183.06,24.780895,24.780904,0.000401,0.000927
4184.69,24.791747,24.791756,0.000401,0.000927
4186.33,24.802599,24.802608,0.000401,0.000927
4187.96,24.813451,24.813459,0.000401,0.000926
4189.6,24.824302,24.82431,0.000401,0.000926
4191.23,24.835152,24.835161,0.0004,0.000925
4192.86,24.846003,24.846011,0.0004,0.000925
4194.5,24.856852,24.856861,0.0004,0.000925
4196.13,24.867701,24.86771,0.0004,0.000924
4197.77,24.87855,24.878559,0.0004,0.000924
4199.4,24.889399,24.889407,0.0004,0.000923
4201.03,24.900246,24.900255,0.000399,0.000923
4202.67,24.911094,24.911102,0.000399,0.000923
4204.3,24.921941,24.921949,0.000399,0.000922
4205.94,24.932787,24.932796,0.000399,0.000922
4207.57,24.943633,24.943642,0.000399,0.000921
4209.2,24.954479,24.954488,0.000398,0.000921
4210.84,24.965324,24.965333,0.000398,0.000921
4212.47,24.976169,24.976177,0.000398,0.00092
4214.1,24.987013,24.987022,0.000398,0.00092
4215.74,24.997857,24.997866,0.000398,0.000919
4217.37,25.0087,25.008709,0.000398,0.000919
4219.01,25.019543,25.019552,0.000397,0.000919
4220.64,25.030386,25.030394,0.000397,0.000918
4222.27,25.041228,25.041236,0.000397,0.000918
4223.91,25.052069,25.052078,0.000397,0.000917
4225.54,25.06291,25.062919,0.000397,0.000917
4227.18,25.073751,25.07376,0.000397,0.000917
4228.81,25.084591,25.0846,0.000396,0.000916
4230.44,25.095431,25.09544,0.000396,0.000916
4232.08,25.106271,25.106279,0.000396,0.000915
4233.71,25.117109,25.117118,0.000396,0.000915
4235.35,25.127948,25.127956,0.000396,0.000915
4236.98,25.138786,25.138795,0.000396,0.000914
4238.61,25.149624,25.149632,0.000395,0.000914
4240.25,25.160461,25.160469,0.000395,0.000913
4241.88,25.171297,25.171306,0.000395,0.000913
4243.51,25.182134,25.182142,0.000395,0.000913
4245.15,25.19297,25.192978,0.000395,0.000912
4246.78,25.203805,25.203813,0.000395,0.000912
4248.42,25.21464,25.214648,0.000394,0.000911
4250.05,25.225474,25.225483,0.000394,0.000911
4251.68,25.236308,25.236317,0.000394,0.000911
4253.32,25.247142,25.247151,0.000394,0.00091
4254.95,25.257975,25.257984,0.000394,0.00091
4256.59,25.268808,25.268817,0.000394,0.00091
4258.22,25.27964,25.279649,0.000393,0.000909
4259.85,25.290472,25.290481,0.000393,0.000909
4261.49,25.301304,25.301312,0.000393,0.000908
4263.12,25.312135,25.312143,0.000393,0.000908
4264.75,25.322965,25.322974,0.000393,0.000908
4266.39,25.333796,25.333804,0.000393,0.000907
4268.02,25.344625,25.344634,0.000392,0.000907
4269.66,25.355455,25.355463,0.000392,0.000906
4271.29,25.366284,25.366292,0.000392,0.000906
4272.92,25.377112,25.37712,0.000392,0.000906
4274.56,25.38794,25.387949,0.000392,0.000905
4276.19,25.398768,25.398776,0.000392,0.000905
4277.83,25.409595,25.409603,0.000391,0.000904
4279.46,25.420422,25.42043,0.000391,0.000904
4281.09,25.431248,25.431256,0.000391,0.000904
4282.73,25.442074,25.442082,0.000391,0.000903
4284.36,25.452899,25.452908,0.000391,0.000903
4286.0,25.463724,25.463733,0.000391,0.000903
4287.63,25.474549,25.474557,0.00039,0.000902
4289.26,25.485373,25.485381,0.00039,0.000902
4290.9,25.496197,25.496205,0.00039,0.000901
4292.53,25.50702,25.507028,0.00039,0.000901
4294.16,25.517843,25.517851,0.00039,0.000901
4295.8,25.528665,25.528674,0.00039,0.0009
4297.43,25.539487,25.539496,0.000389,0.0009
4299.07,25.550309,25.550317,0.000389,0.000899
4300.7,25.56113,25.561139,0.000389,0.000899
4302.33,25.571951,25.571959,0.000389,0.000899
4303.97,25.582771,25.58278,0.000389,0.000898
4305.6,25.593591,25.5936,0.000389,0.000898
4307.24,25.604411,25.604419,0.000388,0.000898
4308.87,25.61523,25.615238,0.000388,0.000897
4310.5,25.626049,25.626057,0.000388,0.000897
4312.14,25.636867,25.636875,0.000388,0.000896
4313.77,25.647685,25.647693,0.000388,0.000896
4315.41,25.658502,25.658511,0.000388,0.000896
4317.04,25.669319,25.669328,0.000387,0.000895
4318.67,25.680136,25.680144,0.000387,0.000895
4320.31,25.690952,25.69096,0.000387,0.000895
4321.94,25.701768,25.701776,0.000387,0.000894
4323.57,25.712583,25.712591,0.000387,0.000894
4325.21,25.723398,25.723406,0.000387,0.000893
4326.84,25.734212,25.734221,0.000386,0.000893
4328.48,25.745027,25.745035,0.000386,0.000893
4330.11,25.75584,25.755849,0.000386,0.000892
4331.74,25.766654,25.766662,0.000386,0.000892
4333.38,25.777466,25.777475,0.000386,0.000892
4335.01,25.788279,25.788287,0.000386,0.000891
4336.65,25.799091,25.799099,0.000385,0.000891
4338.28,25.809903,25.809911,0.000385,0.00089
4339.91,25.820714,25.820722,0.000385,0.00089
4341.55,25.831525,25.831533,0.000385,0.00089
4343.18,25.842335,25.842343,0.000385,0.000889
4344.81,25.853145,25.853153,0.000385,0.000889
4346.45,25.863954,25.863963,0.000384,0.000889
4348.08,25.874764,25.874772,0.000384,0.000888
4349.72,25.885572,25.885581,0.000384,0.000888
4351.35,25.896381,25.896389,0.000384,0.000887
4352.98,25.907189,25.907197,0.000384,0.000887
4354.62,25.917996,25.918005,0.000384,0.000887
4356.25,25.928803,25.928812,0.000384,0.000886
4357.89,25.93961,25.939618,0.000383,0.000886
4359.52,25.950416,25.950425,0.000383,0.000886
4361.15,25.961222,25.961231,0.000383,0.000885
4362.79,25.972028,25.972036,0.000383,0.000885
4364.42,25.982833,25.982841,0.000383,0.000885
4366.06,25.993638,25.993646,0.000383,0.000884
4367.69,26.004442,26.00445,0.000382,0.000884
4369.32,26.015246,26.015254,0.000382,0.000883
4370.96,26.026049,26.026058,0.000382,0.000883
4372.59,26.036852,26.036861,0.000382,0.000883
4374.22,26.047655,26.047663,0.000382,0.000882
4375.86,26.058457,26.058466,0.000382,0.000882
4377.49,26.069259,26.069268,0.000381,0.000882
4379.13,26.080061,26.080069,0.000381,0.000881
4380.76,26.090862,26.09087,0.000381,0.000881
4382.39,26.101663,26.101671,0.000381,0.00088
4384.03,26.112463,26.112471,0.000381,0.00088
4385.66,26.123263,26.123271,0.000381,0.00088
4387.3,26.134062,26.13407,0.00038,0.000879
4388.93,26.144861,26.14487,0.00038,0.000879
4390.56,26.15566,26.155668,0.00038,0.000879
4392.2,26.166458,26.166467,0.00038,0.000878
4393.83,26.177256,26.177264,0.00038,0.000878
4395.47,26.188054,26.188062,0.00038,0.000878
4397.1,26.198851,26.198859,0.00038,0.000877
4398.73,26.209648,26.209656,0.000379,0.000877
4400.37,26.220444,26.220452,0.000379,0.000876
4402.0,26.23124,26.231248,0.000379,0.000876
4403.63,26.242035,26.242044,0.000379,0.000876
4405.27,26.252831,26.252839,0.000379,0.000875
4406.9,26.263625,26.263634,0.000379,0.000875
4408.54,26.27442,26.274428,0.000378,0.000875
4410.17,26.285214,26.285222,0.000378,0.000874
4411.8,26.296007,26.296015,0.000378,0.000874
4413.44,26.306801,26.306809,0.000378,0.000874
4415.07,26.317593,26.317601,0.000378,0.000873
4416.71,26.328386,26.328394,0.000378,0.000873
4418.34,26.339178,26.339186,0.000378,0.000873
4419.97,26.349969,26.349978,0.000377,0.000872
4421.61,26.360761,26.360769,0.000377,0.000872
4423.24,26.371552,26.37156,0.000377,0.000871
4424.87,26.382342,26.38235,0.000377,0.000871
4426.51,26.393132,26.39314,0.000377,0.000871
4428.14,26.403922,26.40393,0.000377,0.00087
4429.78,26.414711,26.414719,0.000376,0.00087
4431.41,26.4255,26.425508,0.000376,0.00087
4433.04,26.436289,26.436297,0.000376,0.000869
4434.68,26.447077,26.447085,0.000376,0.000869
4436.31,26.457864,26.457873,0.000376,0.000869
4437.95,26.468652,26.46866,0.000376,0.000868
4439.58,26.479439,26.479447,0.000376,0.000868
4441.21,26.490225,26.490234,0.000375,0.000868
4442.85,26.501012,26.50102,0.000375,0.000867
4444.48,26.511798,26.511806,0.000375,0.000867
4446.12,26.522583,26.522591,0.000375,0.000867
4447.75,26.533368,26.533376,0.000375,0.000866
4449.38,26.544153,26.544161,0.000375,0.000866
4451.02,26.554937,26.554945,0.000374,0.000865
4452.65,26.565721,26.565729,0.000374,0.000865
4454.28,26.576505,26.576513,0.000374,0.000865
4455.92,26.587288,26.587296,0.000374,0.000864
4457.55,26.598071,26.598079,0.000374,0.000864
4459.19,26.608853,26.608861,0.000374,0.000864
4460.82,26.619635,26.619643,0.000374,0.000863
4462.45,26.630417,26.630425,0.000373,0.000863
4464.09,26.641198,26.641206,0.000373,0.000863
4465.72,26.651979,26.651987,0.000373,0.000862
4467.36,26.66276,26.662768,0.000373,0.000862
4468.99,26.67354,26.673548,0.000373,0.000862
4470.62,26.68432,26.684328,0.000373,0.000861
4472.26,26.695099,26.695107,0.000373,0.000861
4473.89,26.705878,26.705886,0.000372,0.000861
4475.53,26.716657,26.716665,0.000372,0.00086
4477.16,26.727435,26.727443,0.000372,0.00086
4478.79,26.738213,26.738221,0.000372,0.00086
4480.43,26.74899,26.748998,0.000372,0.000859
4482.06,26.759768,26.759776,0.000372,0.000859
4483.69,26.770544,26.770552,0.000371,0.000858
4485.33,26.781321,26.781329,0.000371,0.000858
4486.96,26.792097,26.792105,0.000371,0.000858
4488.6,26.802873,26.802881,0.000371,0.000857
4490.23,26.813648,26.813656,0.000371,0.000857
4491.86,26.824423,26.824431,0.000371,0.000857
4493.5,26.835197,26.835205,0.000371,0.000856
4495.13,26.845972,26.84598,0.00037,0.000856
4496.77,26.856745,26.856753,0.00037,0.000856
4498.4,26.867519,26.867527,0.00037,0.000855
4500.03,26.878292,26.8783,0.00037,0.000855
4501.67,26.889065,26.889073,0.00037,0.000855
4503.3,26.899837,26.899845,0.00037,0.000854
4504.93,26.910609,26.910617,0.00037,0.000854
4506.57,26.921381,26.921389,0.000369,0.000854
4508.2,26.932152,26.93216,0.000369,0.000853
4509.84,26.942923,26.942931,0.000369,0.000853
4511.47,26.953693,26.953701,0.000369,0.000853
4513.1,26.964464,26.964471,0.000369,0.000852
4514.74,26.975233,26.975241,0.000369,0.000852
4516.37,26.986003,26.986011,0.000368,0.000852
4518.01,26.996772,26.99678,0.000368,0.000851
4519.64,27.007541,27.007548,0.000368,0.000851
4521.27,27.018309,27.018317,0.000368,0.000851
4522.91,27.029077,27.029085,0.000368,0.00085
4524.54,27.039844,27.039852,0.000368,0.00085
4526.18,27.050612,27.05062,0.000368,0.00085
4527.81,27.061379,27.061387,0.000367,0.000849
4529.44,27.072145,27.072153,0.000367,0.000849
4531.08,27.082911,27.082919,0.000367,0.000849
4532.71,27.093677,27.093685,0.000367,0.000848
4534.34,27.104443,27.10445,0.000367,0.000848
4535.98,27.115208,27.115216,0.000367,0.000848
4537.61,27.125972,27.12598,0.000367,0.000847
4539.25,27.136737,27.136745,0.000366,0.000847
4540.88,27.147501,27.147509,0.000366,0.000847
4542.51,27.158264,27.158272,0.000366,0.000846
4544.15,27.169028,27.169036,0.000366,0.000846
4545.78,27.179791,27.179799,0.000366,0.000846
4547.42,27.190553,27.190561,0.000366,0.000845
4549.05,27.201315,27.201323,0.000366,0.000845
4550.68,27.212077,27.212085,0.000365,0.000845
4552.32,27.222839,27.222847,0.000365,0.000844
4553.95,27.2336,27.233608,0.000365,0.000844
4555.59,27.244361,27.244369,0.000365,0.000844
4557.22,27.255121,27.255129,0.000365,0.000843
4558.85,27.265881,27.265889,0.000365,0.000843
4560.49,27.276641,27.276649,0.000365,0.000843
4562.12,27.2874,27.287408,0.000364,0.000842
4563.75,27.298159,27.298167,0.000364,0.000842
4565.39,27.308918,27.308926,0.000364,0.000842
4567.02,27.319676,27.319684,0.000364,0.000841
4568.66,27.330434,27.330442,0.000364,0.000841
4570.29,27.341192,27.3412,0.000364,0.000841
4571.92,27.351949,27.351957,0.000364,0.00084
4573.56,27.362706,27.362714,0.000363,0.00084
4575.19,27.373463,27.373471,0.000363,0.00084
4576.83,27.384219,27.384227,0.000363,0.000839
4578.46,27.394975,27.394983,0.000363,0.000839
4580.09,27.40573,27.405738,0.000363,0.000839
4581.73,27.416486,27.416493,0.000363,0.000838
4583.36,27.42724,27.427248,0.000363,0.000838
4584.99,27.437995,27.438003,0.000362,0.000838
4586.63,27.448749,27.448757,0.000362,0.000837
4588.26,27.459503,27.459511,0.000362,0.000837
4589.9,27.470256,27.470264,0.000362,0.000837
4591.53,27.481009,27.481017,0.000362,0.000836
4593.16,27.491762,27.49177,0.000362,0.000836
4594.8,27.502514,27.502522,0.000362,0.000836
4596.43,27.513266,27.513274,0.000361,0.000835
4598.07,27.524018,27.524026,0.000361,0.000835
4599.7,27.534769,27.534777,0.000361,0.000835
4601.33,27.54552,27.545528,0.000361,0.000834
4602.97,27.556271,27.556279,0.000361,0.000834
4604.6,27.567021,27.567029,0.000361,0.000834
4606.24,27.577771,27.577779,0.000361,0.000833
4607.87,27.588521,27.588529,0.00036,0.000833
4609.5,27.59927,27.599278,0.00036,0.000833
4611.14,27.610019,27.610027,0.00036,0.000832
4612.77,27.620768,27.620776,0.00036,0.000832
4614.4,27.631516,27.631524,0.00036,0.000832
4616.04,27.642264,27.642272,0.00036,0.000831
4617.67,27.653012,27.653019,0.00036,0.000831
4619.31,27.663759,27.663767,0.000359,0.000831
4620.94,27.674506,27.674514,0.000359,0.00083
4622.57,27.685252,27.68526,0.000359,0.00083
4624.21,27.695999,27.696006,0.000359,0.00083
4625.84,27.706744,27.706752,0.000359,0.000829
4627.48,27.71749,27.717498,0.000359,0.000829
4629.11,27.728235,27.728243,0.000359,0.000829
4630.74,27.73898,27.738988,0.000358,0.000829
4632.38,27.749725,27.749732,0.000358,0.000828
4634.01,27.760469,27.760477,0.000358,0.000828
4635.65,27.771213,27.77122,0.000358,0.000828
4637.28,27.781956,27.781964,0.000358,0.000827
4638.91,27.792699,27.792707,0.000358,0.000827
4640.55,27.803442,27.80345,0.000358,0.000827
4642.18,27.814185,27.814192,0.000358,0.000826
4643.81,27.824927,27.824935,0.000357,0.000826
4645.45,27.835669,27.835676,0.000357,0.000826
4647.08,27.84641,27.846418,0.000357,0.000825
4648.72,27.857151,27.857159,0.000357,0.000825
4650.35,27.867892,27.8679,0.000357,0.000825
4651.98,27.878633,27.87864,0.000357,0.000824
4653.62,27.889373,27.889381,0.000357,0.000824
4655.25,27.900113,27.90012,0.000356,0.000824
4656.89,27.910852,27.91086,0.000356,0.000823
4658.52,27.921591,27.921599,0.000356,0.000823
4660.15,27.93233,27.932338,0.000356,0.000823
4661.79,27.943069,27.943076,0.000356,0.000822
4663.42,27.953807,27.953815,0.000356,0.000822
4665.06,27.964545,27.964552,0.000356,0.000822
4666.69,27.975282,27.97529,0.000355,0.000822
4668.32,27.986019,27.986027,0.000355,0.000821
4669.96,27.996756,27.996764,0.000355,0.000821
4671.59,28.007493,28.0075,0.000355,0.000821
4673.22,28.018229,28.018237,0.000355,0.00082
4674.86,28.028965,28.028973,0.000355,0.00082
4676.49,28.0397,28.039708,0.000355,0.00082
4678.13,28.050436,28.050443,0.000355,0.000819
4679.76,28.06117,28.061178,0.000354,0.000819
4681.39,28.071905,28.071913,0.000354,0.000819
4683.03,28.082639,28.082647,0.000354,0.000818
4684.66,28.093373,28.093381,0.000354,0.000818
4686.3,28.104107,28.104114,0.000354,0.000818
4687.93,28.11484,28.114848,0.000354,0.000817
4689.56,28.125573,28.125581,0.000354,0.000817
4691.2,28.136306,28.136313,0.000353,0.000817
4692.83,28.147038,28.147045,0.000353,0.000817
4694.46,28.15777,28.157777,0.000353,0.000816
4696.1,28.168501,28.168509,0.000353,0.000816
4697.73,28.179233,28.17924,0.000353,0.000816
4699.37,28.189964,28.189971,0.000353,0.000815
4701.0,28.200694,28.200702,0.000353,0.000815
4702.63,28.211425,28.211432,0.000352,0.000815
4704.27,28.222155,28.222162,0.000352,0.000814
4705.9,28.232884,28.232892,0.000352,0.000814
4707.54,28.243614,28.243621,0.000352,0.000814
4709.17,28.254343,28.25435,0.000352,0.000813
4710.8,28.265071,28.265079,0.000352,0.000813
4712.44,28.2758,28.275807,0.000352,0.000813
4714.07,28.286528,28.286536,0.000352,0.000812
4715.71,28.297256,28.297263,0.000351,0.000812
4717.34,28.307983,28.307991,0.000351,0.000812
4718.97,28.31871,28.318718,0.000351,0.000812
4720.61,28.329437,28.329445,0.000351,0.000811
4722.24,28.340164,28.340171,0.000351,0.000811
4723.87,28.35089,28.350897,0.000351,0.000811
4725.51,28.361616,28.361623,0.000351,0.00081
4727.14,28.372341,28.372349,0.00035,0.00081
4728.78,28.383066,28.383074,0.00035,0.00081
4730.41,28.393791,28.393799,0.00035,0.000809
4732.04,28.404516,28.404523,0.00035,0.000809
4733.68,28.41524,28.415248,0.00035,0.000809
4735.31,28.425964,28.425972,0.00035,0.000808
4736.95,28.436688,28.436695,0.00035,0.000808
4738.58,28.447411,28.447418,0.00035,0.000808
4740.21,28.458134,28.458141,0.000349,0.000808
4741.85,28.468857,28.468864,0.000349,0.000807
4743.48,28.479579,28.479586,0.000349,0.000807
4745.12,28.490301,28.490309,0.000349,0.000807
4746.75,28.501023,28.50103,0.000349,0.000806
4748.38,28.511744,28.511752,0.000349,0.000806
4750.02,28.522465,28.522473,0.000349,0.000806
4751.65,28.533186,28.533194,0.000349,0.000805
4753.28,28.543907,28.543914,0.000348,0.000805
4754.92,28.554627,28.554634,0.000348,0.000805
4756.55,28.565347,28.565354,0.000348,0.000805
4758.19,28.576066,28.576074,0.000348,0.000804
4759.82,28.586785,28.586793,0.000348,0.000804
4761.45,28.597504,28.597512,0.000348,0.000804
4763.09,28.608223,28.60823,0.000348,0.000803
4764.72,28.618941,28.618949,0.000347,0.000803
4766.36,28.629659,28.629667,0.000347,0.000803
4767.99,28.640377,28.640384,0.000347,0.000802
4769.62,28.651094,28.651102,0.000347,0.000802
4771.26,28.661811,28.661819,0.000347,0.000802
4772.89,28.672528,28.672536,0.000347,0.000802
4774.52,28.683245,28.683252,0.000347,0.000801
4776.16,28.693961,28.693968,0.000347,0.000801
4777.79,28.704677,28.704684,0.000346,0.000801
4779.43,28.715392,28.7154,0.000346,0.0008
4781.06,28.726107,28.726115,0.000346,0.0008
4782.69,28.736822,28.73683,0.000346,0.0008
4784.33,28.747537,28.747544,0.000346,0.000799
4785.96,28.758251,28.758259,0.000346,0.000799
4787.6,28.768965,28.768973,0.000346,0.000799
4789.23,28.779679,28.779686,0.000346,0.000799
4790.86,28.790392,28.7904,0.000345,0.000798
4792.5,28.801105,28.801113,0.000345,0.000798
4794.13,28.811818,28.811825,0.000345,0.000798
4795.77,28.822531,28.822538,0.000345,0.000797
4797.4,28.833243,28.83325,0.000345,0.000797
4799.03,28.843955,28.843962,0.000345,0.000797
4800.67,28.854666,28.854674,0.000345,0.000796
4802.3,28.865377,28.865385,0.000344,0.000796
4803.93,28.876088,28.876096,0.000344,0.000796
4805.57,28.886799,28.886806,0.000344,0.000796
4807.2,28.897509,28.897517,0.000344,0.000795
4808.84,28.908219,28.908227,0.000344,0.000795
4810.47,28.918929,28.918936,0.000344,0.000795
4812.1,28.929639,28.929646,0.000344,0.000794
4813.74,28.940348,28.940355,0.000344,0.000794
4815.37,28.951056,28.951064,0.000343,0.000794
4817.01,28.961765,28.961772,0.000343,0.000794
4818.64,28.972473,28.972481,0.000343,0.000793
4820.27,28.983181,28.983189,0.000343,0.000793
4821.91,28.993889,28.993896,0.000343,0.000793
4823.54,29.004596,29.004604,0.000343,0.000792
4825.18,29.015303,29.015311,0.000343,0.000792
4826.81,29.02601,29.026017,0.000343,0.000792
4828.44,29.036716,29.036724,0.000342,0.000791
4830.08,29.047423,29.04743,0.000342,0.000791
4831.71,29.058128,29.058136,0.000342,0.000791
4833.34,29.068834,29.068841,0.000342,0.000791
4834.98,29.079539,29.079547,0.000342,0.00079
4836.61,29.090244,29.090252,0.000342,0.00079
4838.25,29.100949,29.100956,0.000342,0.00079
4839.88,29.111653,29.111661,0.000342,0.000789
4841.51,29.122357,29.122365,0.000341,0.000789
4843.15,29.133061,29.133068,0.000341,0.000789
4844.78,29.143764,29.143772,0.000341,0.000789
4846.42,29.154468,29.154475,0.000341,0.000788
4848.05,29.165171,29.165178,0.000341,0.000788
4849.68,29.175873,29.175881,0.000341,0.000788
4851.32,29.186575,29.186583,0.000341,0.000787
4852.95,29.197277,29.197285,0.000341,0.000787
4854.58,29.207979,29.207987,0.00034,0.000787
4856.22,29.218681,29.218688,0.00034,0.000787
4857.85,29.229382,29.229389,0.00034,0.000786
4859.49,29.240083,29.24009,0.00034,0.000786
4861.12,29.250783,29.25079,0.00034,0.000786
4862.75,29.261483,29.261491,0.00034,0.000785
4864.39,29.272183,29.272191,0.00034,0.000785
4866.02,29.282883,29.28289,0.00034,0.000785
4867.66,29.293582,29.29359,0.000339,0.000785
4869.29,29.304281,29.304289,0.000339,0.000784
4870.92,29.31498,29.314988,0.000339,0.000784
4872.56,29.325679,29.325686,0.000339,0.000784
4874.19,29.336377,29.336384,0.000339,0.000783
4875.83,29.347075,29.347082,0.000339,0.000783
4877.46,29.357772,29.35778,0.000339,0.000783
4879.09,29.36847,29.368477,0.000339,0.000783
4880.73,29.379167,29.379174,0.000338,0.000782
4882.36,29.389864,29.389871,0.000338,0.000782
4883.99,29.40056,29.400567,0.000338,0.000782
4885.63,29.411256,29.411264,0.000338,0.000781
4887.26,29.421952,29.42196,0.000338,0.000781
4888.9,29.432648,29.432655,0.000338,0.000781
4890.53,29.443343,29.44335,0.000338,0.000781
4892.16,29.454038,29.454045,0.000338,0.00078
4893.8,29.464733,29.46474,0.000337,0.00078
4895.43,29.475427,29.475435,0.000337,0.00078
4897.07,29.486122,29.486129,0.000337,0.000779
4898.7,29.496816,29.496823,0.000337,0.000779
4900.33,29.507509,29.507516,0.000337,0.000779
4901.97,29.518202,29.51821,0.000337,0.000779
4903.6,29.528895,29.528903,0.000337,0.000778
4905.24,29.539588,29.539596,0.000337,0.000778
4906.87,29.550281,29.550288,0.000337,0.000778
4908.5,29.560973,29.56098,0.000336,0.000777
4910.14,29.571665,29.571672,0.000336,0.000777
4911.77,29.582356,29.582364,0.000336,0.000777
4913.4,29.593048,29.593055,0.000336,0.000777
4915.04,29.603739,29.603746,0.000336,0.000776
4916.67,29.61443,29.614437,0.000336,0.000776
4918.31,29.62512,29.625127,0.000336,0.000776
4919.94,29.63581,29.635818,0.000336,0.000775
4921.57,29.6465,29.646507,0.000335,0.000775
4923.21,29.65719,29.657197,0.000335,0.000775
4924.84,29.667879,29.667886,0.000335,0.000775
4926.48,29.678568,29.678576,0.000335,0.000774
4928.11,29.689257,29.689264,0.000335,0.000774
4929.74,29.699946,29.699953,0.000335,0.000774
4931.38,29.710634,29.710641,0.000335,0.000774
4933.01,29.721322,29.721329,0.000335,0.000773
4934.64,29.73201,29.732017,0.000334,0.000773
4936.28,29.742697,29.742704,0.000334,0.000773
4937.91,29.753384,29.753391,0.000334,0.000772
4939.55,29.764071,29.764078,0.000334,0.000772
4941.18,29.774758,29.774765,0.000334,0.000772
4942.81,29.785444,29.785451,0.000334,0.000772
4944.45,29.79613,29.796137,0.000334,0.000771
4946.08,29.806816,29.806823,0.000334,0.000771
4947.72,29.817501,29.817508,0.000333,0.000771
4949.35,29.828186,29.828193,0.000333,0.00077
4950.98,29.838871,29.838878,0.000333,0.00077
4952.62,29.849556,29.849563,0.000333,0.00077
4954.25,29.86024,29.860247,0.000333,0.00077
4955.89,29.870924,29.870931,0.000333,0.000769
4957.52,29.881608,29.881615,0.000333,0.000769
4959.15,29.892291,29.892299,0.000333,0.000769
4960.79,29.902975,29.902982,0.000333,0.000769
4962.42,29.913658,29.913665,0.000332,0.000768
4964.05,29.92434,29.924348,0.000332,0.000768
4965.69,29.935023,29.93503,0.000332,0.000768
4967.32,29.945705,29.945712,0.000332,0.000767
4968.96,29.956387,29.956394,0.000332,0.000767
4970.59,29.967068,29.967076,0.000332,0.000767
4972.22,29.97775,29.977757,0.000332,0.000767
4973.86,29.988431,29.988438,0.000332,0.000766
4975.49,29.999112,29.999119,0.000331,0.000766
4977.13,30.009792,30.009799,0.000331,0.000766
4978.76,30.020472,30.02048,0.000331,0.000766
4980.39,30.031152,30.03116,0.000331,0.000765
4982.03,30.041832,30.041839,0.000331,0.000765
4983.66,30.052512,30.052519,0.000331,0.000765
4985.3,30.063191,30.063198,0.000331,0.000764
4986.93,30.07387,30.073877,0.000331,0.000764
4988.56,30.084548,30.084555,0.000331,0.000764
4990.2,30.095227,30.095234,0.00033,0.000764
4991.83,30.105905,30.105912,0.00033,0.000763
4993.46,30.116582,30.11659,0.00033,0.000763
4995.1,30.12726,30.127267,0.00033,0.000763
4996.73,30.137937,30.137944,0.00033,0.000763
4998.37,30.148614,30.148621,0.00033,0.000762
5000.0,30.159291,30.159298,0.00033,0.000762
